-- MySQL dump 10.11
--
-- Host: localhost    Database: efo_efodb
-- ------------------------------------------------------
-- Server version	5.0.77

/*!40101 SET @OLD_CHARACTER_SET_CLIENT=@@CHARACTER_SET_CLIENT */;
/*!40101 SET @OLD_CHARACTER_SET_RESULTS=@@CHARACTER_SET_RESULTS */;
/*!40101 SET @OLD_COLLATION_CONNECTION=@@COLLATION_CONNECTION */;
/*!40101 SET NAMES utf8 */;
/*!40103 SET @OLD_TIME_ZONE=@@TIME_ZONE */;
/*!40103 SET TIME_ZONE='+00:00' */;
/*!40014 SET @OLD_UNIQUE_CHECKS=@@UNIQUE_CHECKS, UNIQUE_CHECKS=0 */;
/*!40014 SET @OLD_FOREIGN_KEY_CHECKS=@@FOREIGN_KEY_CHECKS, FOREIGN_KEY_CHECKS=0 */;
/*!40101 SET @OLD_SQL_MODE=@@SQL_MODE, SQL_MODE='NO_AUTO_VALUE_ON_ZERO' */;
/*!40111 SET @OLD_SQL_NOTES=@@SQL_NOTES, SQL_NOTES=0 */;

--
-- Table structure for table `account_account`
--

DROP TABLE IF EXISTS `account_account`;
SET @saved_cs_client     = @@character_set_client;
SET character_set_client = utf8;
CREATE TABLE `account_account` (
  `id` int(11) NOT NULL auto_increment,
  `user_id` int(11) NOT NULL,
  `timezone` varchar(100) NOT NULL,
  `language` varchar(10) NOT NULL,
  PRIMARY KEY  (`id`),
  UNIQUE KEY `user_id` (`user_id`)
) ENGINE=MyISAM AUTO_INCREMENT=18 DEFAULT CHARSET=latin1;
SET character_set_client = @saved_cs_client;

--
-- Dumping data for table `account_account`
--

LOCK TABLES `account_account` WRITE;
/*!40000 ALTER TABLE `account_account` DISABLE KEYS */;
INSERT INTO `account_account` VALUES (1,1,'Australia/Melbourne','en-us'),(2,2,'Australia/Melbourne','en-us'),(3,3,'Australia/Melbourne','en-us'),(4,4,'Australia/Melbourne','en-us'),(5,5,'Australia/Melbourne','en-us'),(6,6,'Australia/Melbourne','en-us'),(7,7,'Australia/Melbourne','en-us'),(8,8,'Australia/Melbourne','en-us'),(9,9,'Australia/Melbourne','en-us'),(10,10,'Australia/Melbourne','en-us'),(11,11,'Australia/Melbourne','en-us'),(12,12,'Australia/Melbourne','en-us'),(13,13,'Australia/Melbourne','en-us'),(14,14,'Australia/Melbourne','en-us'),(15,15,'Australia/Melbourne','en-us'),(16,16,'Australia/Melbourne','en-us'),(17,17,'Australia/Melbourne','en-us');
/*!40000 ALTER TABLE `account_account` ENABLE KEYS */;
UNLOCK TABLES;

--
-- Table structure for table `account_otherserviceinfo`
--

DROP TABLE IF EXISTS `account_otherserviceinfo`;
SET @saved_cs_client     = @@character_set_client;
SET character_set_client = utf8;
CREATE TABLE `account_otherserviceinfo` (
  `id` int(11) NOT NULL auto_increment,
  `user_id` int(11) NOT NULL,
  `key` varchar(50) NOT NULL,
  `value` longtext NOT NULL,
  PRIMARY KEY  (`id`),
  UNIQUE KEY `user_id` (`user_id`,`key`),
  KEY `account_otherserviceinfo_403f60f` (`user_id`)
) ENGINE=MyISAM DEFAULT CHARSET=latin1;
SET character_set_client = @saved_cs_client;

--
-- Dumping data for table `account_otherserviceinfo`
--

LOCK TABLES `account_otherserviceinfo` WRITE;
/*!40000 ALTER TABLE `account_otherserviceinfo` DISABLE KEYS */;
/*!40000 ALTER TABLE `account_otherserviceinfo` ENABLE KEYS */;
UNLOCK TABLES;

--
-- Table structure for table `account_passwordreset`
--

DROP TABLE IF EXISTS `account_passwordreset`;
SET @saved_cs_client     = @@character_set_client;
SET character_set_client = utf8;
CREATE TABLE `account_passwordreset` (
  `id` int(11) NOT NULL auto_increment,
  `user_id` int(11) NOT NULL,
  `temp_key` varchar(100) NOT NULL,
  `timestamp` datetime NOT NULL,
  `reset` tinyint(1) NOT NULL,
  PRIMARY KEY  (`id`),
  KEY `account_passwordreset_403f60f` (`user_id`)
) ENGINE=MyISAM DEFAULT CHARSET=latin1;
SET character_set_client = @saved_cs_client;

--
-- Dumping data for table `account_passwordreset`
--

LOCK TABLES `account_passwordreset` WRITE;
/*!40000 ALTER TABLE `account_passwordreset` DISABLE KEYS */;
/*!40000 ALTER TABLE `account_passwordreset` ENABLE KEYS */;
UNLOCK TABLES;

--
-- Table structure for table `announcements_announcement`
--

DROP TABLE IF EXISTS `announcements_announcement`;
SET @saved_cs_client     = @@character_set_client;
SET character_set_client = utf8;
CREATE TABLE `announcements_announcement` (
  `id` int(11) NOT NULL auto_increment,
  `title` varchar(50) NOT NULL,
  `content` longtext NOT NULL,
  `creator_id` int(11) NOT NULL,
  `creation_date` datetime NOT NULL,
  `site_wide` tinyint(1) NOT NULL,
  `members_only` tinyint(1) NOT NULL,
  PRIMARY KEY  (`id`),
  KEY `announcements_announcement_685aee7` (`creator_id`)
) ENGINE=MyISAM DEFAULT CHARSET=latin1;
SET character_set_client = @saved_cs_client;

--
-- Dumping data for table `announcements_announcement`
--

LOCK TABLES `announcements_announcement` WRITE;
/*!40000 ALTER TABLE `announcements_announcement` DISABLE KEYS */;
/*!40000 ALTER TABLE `announcements_announcement` ENABLE KEYS */;
UNLOCK TABLES;

--
-- Table structure for table `auth_group`
--

DROP TABLE IF EXISTS `auth_group`;
SET @saved_cs_client     = @@character_set_client;
SET character_set_client = utf8;
CREATE TABLE `auth_group` (
  `id` int(11) NOT NULL auto_increment,
  `name` varchar(80) NOT NULL,
  PRIMARY KEY  (`id`),
  UNIQUE KEY `name` (`name`)
) ENGINE=MyISAM AUTO_INCREMENT=5 DEFAULT CHARSET=latin1;
SET character_set_client = @saved_cs_client;

--
-- Dumping data for table `auth_group`
--

LOCK TABLES `auth_group` WRITE;
/*!40000 ALTER TABLE `auth_group` DISABLE KEYS */;
INSERT INTO `auth_group` VALUES (1,'Programme Staff'),(2,'Australian Directors'),(3,'Canadian Directors'),(4,'Site Editor');
/*!40000 ALTER TABLE `auth_group` ENABLE KEYS */;
UNLOCK TABLES;

--
-- Table structure for table `auth_group_permissions`
--

DROP TABLE IF EXISTS `auth_group_permissions`;
SET @saved_cs_client     = @@character_set_client;
SET character_set_client = utf8;
CREATE TABLE `auth_group_permissions` (
  `id` int(11) NOT NULL auto_increment,
  `group_id` int(11) NOT NULL,
  `permission_id` int(11) NOT NULL,
  PRIMARY KEY  (`id`),
  UNIQUE KEY `group_id` (`group_id`,`permission_id`),
  KEY `auth_group_permissions_425ae3c4` (`group_id`),
  KEY `auth_group_permissions_1e014c8f` (`permission_id`)
) ENGINE=MyISAM AUTO_INCREMENT=174 DEFAULT CHARSET=latin1;
SET character_set_client = @saved_cs_client;

--
-- Dumping data for table `auth_group_permissions`
--

LOCK TABLES `auth_group_permissions` WRITE;
/*!40000 ALTER TABLE `auth_group_permissions` DISABLE KEYS */;
INSERT INTO `auth_group_permissions` VALUES (173,4,218),(172,4,119),(171,4,117),(170,4,116),(169,4,115),(168,4,203),(167,4,145),(166,4,187),(165,4,151),(164,4,225),(163,4,224),(162,4,223),(161,4,222),(160,4,221),(159,4,220),(158,4,91),(157,4,90),(156,4,89),(155,4,216),(154,4,215),(153,4,214),(152,4,213),(151,4,212),(150,4,211),(149,4,210),(148,4,209),(147,4,208),(146,4,207),(145,4,206),(144,4,162),(143,4,219),(142,4,160),(141,4,205),(140,4,161),(139,4,195),(138,4,194),(137,4,193),(136,4,192),(135,4,191),(134,4,190),(133,4,189),(132,4,188),(131,4,159),(130,4,186),(129,4,185),(128,4,184),(127,4,183),(126,4,182),(125,4,181),(124,4,177),(123,4,176),(122,4,175),(121,4,174),(120,4,173),(119,4,172),(118,4,37),(117,4,36),(116,4,35),(115,4,34),(114,4,33),(113,4,32),(112,4,31),(111,4,158),(110,4,157),(109,4,156),(108,4,155),(107,4,26),(106,4,153),(105,4,152),(104,4,217),(103,4,154),(102,4,149),(101,4,148),(100,4,147),(99,4,146),(98,4,88),(97,4,144),(96,4,143),(95,4,142),(94,4,86),(93,4,87),(92,4,150);
/*!40000 ALTER TABLE `auth_group_permissions` ENABLE KEYS */;
UNLOCK TABLES;

--
-- Table structure for table `auth_message`
--

DROP TABLE IF EXISTS `auth_message`;
SET @saved_cs_client     = @@character_set_client;
SET character_set_client = utf8;
CREATE TABLE `auth_message` (
  `id` int(11) NOT NULL auto_increment,
  `user_id` int(11) NOT NULL,
  `message` longtext NOT NULL,
  PRIMARY KEY  (`id`),
  KEY `auth_message_403f60f` (`user_id`)
) ENGINE=MyISAM AUTO_INCREMENT=120 DEFAULT CHARSET=latin1;
SET character_set_client = @saved_cs_client;

--
-- Dumping data for table `auth_message`
--

LOCK TABLES `auth_message` WRITE;
/*!40000 ALTER TABLE `auth_message` DISABLE KEYS */;
INSERT INTO `auth_message` VALUES (1,1,'The requested Folder does not exist.'),(2,1,'The requested Folder does not exist.'),(3,1,'The requested Folder does not exist.'),(4,1,'The requested Folder does not exist.'),(5,1,'The requested Folder does not exist.'),(6,1,'The requested Folder does not exist.'),(7,1,'The requested Folder does not exist.'),(8,1,'The requested Folder does not exist.'),(9,1,'The requested Folder does not exist.'),(10,1,'The requested Folder does not exist.'),(11,1,'The requested Folder does not exist.'),(12,1,'The Folder myfolder was successfully created.'),(13,1,'The requested Folder does not exist.'),(14,1,'The requested Folder does not exist.'),(15,1,'The requested Folder does not exist.'),(16,1,'The requested Folder does not exist.'),(17,1,'The requested Folder does not exist.'),(18,1,'The requested Folder does not exist.'),(19,1,'The requested Folder does not exist.'),(20,1,'The folder myfolder was successfully deleted.'),(21,1,'The requested Folder does not exist.'),(22,1,'The requested Folder does not exist.'),(23,1,'The Folder avatars was successfully created.'),(24,1,'The requested Folder does not exist.'),(25,1,'The file dscn4435.jpg was successfully deleted.'),(26,1,'The Folder documents was successfully created.'),(27,1,'The file module-tiwai.jpg was successfully deleted.'),(28,1,'The file module-tiwai.jpg was successfully deleted.'),(29,1,'The requested Folder does not exist.'),(30,1,'The requested Folder does not exist.'),(31,1,'The requested Folder does not exist.'),(32,1,'The requested Folder does not exist.'),(33,1,'The requested Folder does not exist.'),(34,1,'The requested Folder does not exist.'),(35,1,'The requested Folder does not exist.'),(36,1,'The requested Folder does not exist.'),(37,1,'The requested Folder does not exist.'),(38,1,'The requested Folder does not exist.'),(39,1,'The requested Folder does not exist.'),(40,1,'The requested Folder does not exist.'),(41,1,'The requested Folder does not exist.'),(42,1,'The Folder programmes was successfully created.'),(43,1,'The Folder skills_training was successfully created.'),(44,1,'The Folder community_development was successfully created.'),(45,1,'The Folder education was successfully created.'),(46,1,'The Folder health was successfully created.'),(47,1,'The Folder social_enterprise was successfully created.'),(48,1,'The Folder projects was successfully created.'),(49,1,'The Folder kamakwie_secondary_school was successfully created.'),(50,1,'The Folder kamabai_secondary_school was successfully created.'),(51,1,'The Folder gbendembu_secondary_school was successfully created.'),(52,1,'The Folder welbodi_clinic_ewb_princeton was successfully created.'),(53,1,'The Folder kailahun_government_hospital was successfully created.'),(54,1,'The Folder kamakwie_hospital was successfully created.'),(55,1,'The Folder rokupa_government_hospital was successfully created.'),(56,1,'The Folder kamaso_solar_irrigation_workshops was successfully created.'),(57,1,'The Folder river_number_2_eco_tourism_resort was successfully created.'),(58,1,'The Folder kamakwie_community_centre was successfully created.'),(59,1,'The Folder lakka_community_centre was successfully created.'),(60,1,'The Folder liberia_unicef was successfully created.'),(61,1,'The Folder microfinance_offices_in_makeni_with_inveneo was successfully created.'),(62,1,'The Folder slafu_and_whh_offices was successfully created.'),(63,1,'The Folder gbendembu_solar_training was successfully created.'),(64,1,'The Folder gti was successfully created.'),(65,1,'The Folder kamabai_and_mattru_jong_community_charging_stations was successfully created.'),(66,1,'Renaming was successful.'),(67,1,'The Folder kamaso_solar_irrigation_workshops was successfully created.'),(68,1,'The Folder lakka_community_centre_solar_workshops was successfully created.'),(69,1,'The Folder malawi_training was successfully created.'),(70,1,'The file primary-school2.jpg was successfully deleted.'),(71,1,'The file kamabai-sss-1-300x225.jpg was successfully deleted.'),(72,1,'The file kss2.jpg was successfully deleted.'),(73,1,'The Folder livelihoods was successfully created.'),(74,1,'The requested Folder does not exist.'),(75,1,'The Folder promoting_solar was successfully created.'),(76,1,'The file class-picture.jpg was successfully deleted.'),(77,1,'The file students-at-work.jpg was successfully deleted.'),(78,1,'The file freeman-leading-training.jpg was successfully deleted.'),(79,1,'The file health-centre-300x225.jpg was successfully deleted.'),(80,1,'The file vaccine-fridge.jpg was successfully deleted.'),(81,1,'The file solar-sinje-roof-300x224.jpg was successfully deleted.'),(82,1,'The file beckham.jpg was successfully deleted.'),(83,1,'The file solar-africa.jpg was successfully deleted.'),(84,1,'The folder social_enterprise was successfully deleted.'),(85,1,'The file water-pump-light1.jpg was successfully deleted.'),(86,1,'The file charging-station-thrive2.jpg was successfully deleted.'),(87,1,'The file street-light2.jpg was successfully deleted.'),(88,1,'The folder community_development was successfully deleted.'),(89,1,'The file liberiawork.jpg was successfully deleted.'),(90,1,'The file playingfootball.jpg was successfully deleted.'),(91,1,'The file kamakwieorph.jpg was successfully deleted.'),(92,1,'The file west-africa-insert21-300x254.gif was successfully deleted.'),(93,1,'The file module-tiwai.jpg was successfully deleted.'),(94,1,'The file teaching-uganda.jpg was successfully deleted.'),(95,1,'The file inveno-makeni.jpg was successfully deleted.'),(96,1,'The file kamakwie-school.jpg was successfully deleted.'),(97,1,'The file smaller_006.jpg was successfully deleted.'),(98,1,'The file vaccine-fridge.jpg was successfully deleted.'),(99,1,'The file solar-sinje-roof.jpg was successfully deleted.'),(100,1,'The file 4.jpg was successfully deleted.'),(101,1,'The file 2.jpg was successfully deleted.'),(102,1,'The file 1.jpg was successfully deleted.'),(103,1,'The file 3.jpg was successfully deleted.'),(104,1,'The file placeholder.jpg was successfully deleted.'),(105,1,'The file placeholder.jpg was successfully deleted.'),(106,1,'The file placeholder.jpg was successfully deleted.'),(107,3,'The Folder kamalo_primary_school was successfully created.'),(108,3,'The file gedc0204.jpg was successfully deleted.'),(109,3,'The file gedc0357.jpg was successfully deleted.'),(110,3,'The file gedc0358.jpg was successfully deleted.'),(111,3,'The file gedc0375.jpg was successfully deleted.'),(112,3,'The file gedc0362.jpg was successfully deleted.'),(113,3,'The Folder kamalo_chc was successfully created.'),(114,3,'The file gedc0357.jpg was successfully deleted.'),(115,3,'The file gedc0358.jpg was successfully deleted.'),(116,3,'The Folder matru_jong_ccs was successfully created.'),(117,3,'The Folder kamabai_ccs was successfully created.'),(118,3,'The Folder district_council_administrative_buildings was successfully created.'),(119,1,'The Folder st_martins_orphanage was successfully created.');
/*!40000 ALTER TABLE `auth_message` ENABLE KEYS */;
UNLOCK TABLES;

--
-- Table structure for table `auth_permission`
--

DROP TABLE IF EXISTS `auth_permission`;
SET @saved_cs_client     = @@character_set_client;
SET character_set_client = utf8;
CREATE TABLE `auth_permission` (
  `id` int(11) NOT NULL auto_increment,
  `name` varchar(50) NOT NULL,
  `content_type_id` int(11) NOT NULL,
  `codename` varchar(100) NOT NULL,
  PRIMARY KEY  (`id`),
  UNIQUE KEY `content_type_id` (`content_type_id`,`codename`),
  KEY `auth_permission_1bb8f392` (`content_type_id`)
) ENGINE=MyISAM AUTO_INCREMENT=226 DEFAULT CHARSET=latin1;
SET character_set_client = @saved_cs_client;

--
-- Dumping data for table `auth_permission`
--

LOCK TABLES `auth_permission` WRITE;
/*!40000 ALTER TABLE `auth_permission` DISABLE KEYS */;
INSERT INTO `auth_permission` VALUES (1,'Can add notice type',1,'add_noticetype'),(2,'Can change notice type',1,'change_noticetype'),(3,'Can delete notice type',1,'delete_noticetype'),(4,'Can add notice setting',2,'add_noticesetting'),(5,'Can change notice setting',2,'change_noticesetting'),(6,'Can delete notice setting',2,'delete_noticesetting'),(7,'Can add notice',3,'add_notice'),(8,'Can change notice',3,'change_notice'),(9,'Can delete notice',3,'delete_notice'),(10,'Can add notice queue batch',4,'add_noticequeuebatch'),(11,'Can change notice queue batch',4,'change_noticequeuebatch'),(12,'Can delete notice queue batch',4,'delete_noticequeuebatch'),(13,'Can add observed item',5,'add_observeditem'),(14,'Can change observed item',5,'change_observeditem'),(15,'Can delete observed item',5,'delete_observeditem'),(16,'Can add log entry',6,'add_logentry'),(17,'Can change log entry',6,'change_logentry'),(18,'Can delete log entry',6,'delete_logentry'),(19,'Can add permission',7,'add_permission'),(20,'Can change permission',7,'change_permission'),(21,'Can delete permission',7,'delete_permission'),(22,'Can add group',8,'add_group'),(23,'Can change group',8,'change_group'),(24,'Can delete group',8,'delete_group'),(25,'Can add user',9,'add_user'),(26,'Can change user',9,'change_user'),(27,'Can delete user',9,'delete_user'),(28,'Can add message',10,'add_message'),(29,'Can change message',10,'change_message'),(30,'Can delete message',10,'delete_message'),(31,'Can add comment',11,'add_comment'),(32,'Can change comment',11,'change_comment'),(33,'Can delete comment',11,'delete_comment'),(34,'Can moderate comments',11,'can_moderate'),(35,'Can add comment flag',12,'add_commentflag'),(36,'Can change comment flag',12,'change_commentflag'),(37,'Can delete comment flag',12,'delete_commentflag'),(38,'Can add content type',13,'add_contenttype'),(39,'Can change content type',13,'change_contenttype'),(40,'Can delete content type',13,'delete_contenttype'),(41,'Can add session',14,'add_session'),(42,'Can change session',14,'change_session'),(43,'Can delete session',14,'delete_session'),(44,'Can add site',15,'add_site'),(45,'Can change site',15,'change_site'),(46,'Can delete site',15,'delete_site'),(47,'Can add message',16,'add_message'),(48,'Can change message',16,'change_message'),(49,'Can delete message',16,'delete_message'),(50,'Can add don\'t send entry',17,'add_dontsendentry'),(51,'Can change don\'t send entry',17,'change_dontsendentry'),(52,'Can delete don\'t send entry',17,'delete_dontsendentry'),(53,'Can add message log',18,'add_messagelog'),(54,'Can change message log',18,'change_messagelog'),(55,'Can delete message log',18,'delete_messagelog'),(56,'Can add e-mail address',19,'add_emailaddress'),(57,'Can change e-mail address',19,'change_emailaddress'),(58,'Can delete e-mail address',19,'delete_emailaddress'),(59,'Can add e-mail confirmation',20,'add_emailconfirmation'),(60,'Can change e-mail confirmation',20,'change_emailconfirmation'),(61,'Can delete e-mail confirmation',20,'delete_emailconfirmation'),(62,'Can add announcement',21,'add_announcement'),(63,'Can change announcement',21,'change_announcement'),(64,'Can delete announcement',21,'delete_announcement'),(65,'Can add kv store',22,'add_kvstore'),(66,'Can change kv store',22,'change_kvstore'),(67,'Can delete kv store',22,'delete_kvstore'),(68,'Can add view tracker',23,'add_viewtracker'),(69,'Can change view tracker',23,'change_viewtracker'),(70,'Can delete view tracker',23,'delete_viewtracker'),(71,'Can add migration history',24,'add_migrationhistory'),(72,'Can change migration history',24,'change_migrationhistory'),(73,'Can delete migration history',24,'delete_migrationhistory'),(74,'Can add Tag',25,'add_tag'),(75,'Can change Tag',25,'change_tag'),(76,'Can delete Tag',25,'delete_tag'),(77,'Can add Tagged Item',26,'add_taggeditem'),(78,'Can change Tagged Item',26,'change_taggeditem'),(79,'Can delete Tagged Item',26,'delete_taggeditem'),(80,'Can add account',27,'add_account'),(81,'Can change account',27,'change_account'),(82,'Can delete account',27,'delete_account'),(83,'Can add other service info',28,'add_otherserviceinfo'),(84,'Can change other service info',28,'change_otherserviceinfo'),(85,'Can delete other service info',28,'delete_otherserviceinfo'),(86,'Can add password reset',29,'add_passwordreset'),(87,'Can change password reset',29,'change_passwordreset'),(88,'Can delete password reset',29,'delete_passwordreset'),(89,'Can add profile',30,'add_profile'),(90,'Can change profile',30,'change_profile'),(91,'Can delete profile',30,'delete_profile'),(92,'Can add nonce',31,'add_nonce'),(93,'Can change nonce',31,'change_nonce'),(94,'Can delete nonce',31,'delete_nonce'),(95,'Can add association',32,'add_association'),(96,'Can change association',32,'change_association'),(97,'Can delete association',32,'delete_association'),(98,'Can add user openid association',33,'add_useropenidassociation'),(99,'Can change user openid association',33,'change_useropenidassociation'),(100,'Can delete user openid association',33,'delete_useropenidassociation'),(101,'Can add queue',34,'add_queue'),(102,'Can change queue',34,'change_queue'),(103,'Can delete queue',34,'delete_queue'),(104,'Can add Mailchimp Log',35,'add_campaign'),(105,'Can change Mailchimp Log',35,'change_campaign'),(106,'Can delete Mailchimp Log',35,'delete_campaign'),(107,'Can view Mailchimp information',35,'can_view'),(108,'Can send Mailchimp newsletters',35,'can_send'),(109,'Can add reciever',36,'add_reciever'),(110,'Can change reciever',36,'change_reciever'),(111,'Can delete reciever',36,'delete_reciever'),(112,'Can add placeholder',37,'add_placeholder'),(113,'Can change placeholder',37,'change_placeholder'),(114,'Can delete placeholder',37,'delete_placeholder'),(115,'Can add cms plugin',38,'add_cmsplugin'),(116,'Can change cms plugin',38,'change_cmsplugin'),(117,'Can delete cms plugin',38,'delete_cmsplugin'),(118,'Can add page',39,'add_page'),(119,'Can change page',39,'change_page'),(120,'Can delete page',39,'delete_page'),(121,'Can add PageModerator',40,'add_pagemoderator'),(122,'Can change PageModerator',40,'change_pagemoderator'),(123,'Can delete PageModerator',40,'delete_pagemoderator'),(124,'Can add Page moderator state',41,'add_pagemoderatorstate'),(125,'Can change Page moderator state',41,'change_pagemoderatorstate'),(126,'Can delete Page moderator state',41,'delete_pagemoderatorstate'),(127,'Can add Page global permission',42,'add_globalpagepermission'),(128,'Can change Page global permission',42,'change_globalpagepermission'),(129,'Can delete Page global permission',42,'delete_globalpagepermission'),(130,'Can add Page permission',43,'add_pagepermission'),(131,'Can change Page permission',43,'change_pagepermission'),(132,'Can delete Page permission',43,'delete_pagepermission'),(133,'Can add User (page)',44,'add_pageuser'),(134,'Can change User (page)',44,'change_pageuser'),(135,'Can delete User (page)',44,'delete_pageuser'),(136,'Can add User group (page)',45,'add_pageusergroup'),(137,'Can change User group (page)',45,'change_pageusergroup'),(138,'Can delete User group (page)',45,'delete_pageusergroup'),(139,'Can add title',46,'add_title'),(140,'Can change title',46,'change_title'),(141,'Can delete title',46,'delete_title'),(142,'Can add picture',47,'add_picture'),(143,'Can change picture',47,'change_picture'),(144,'Can delete picture',47,'delete_picture'),(145,'Can add text',48,'add_text'),(146,'Can change text',48,'change_text'),(147,'Can delete text',48,'delete_text'),(148,'Can add Snippet',49,'add_snippet'),(149,'Can change Snippet',49,'change_snippet'),(150,'Can delete Snippet',49,'delete_snippet'),(151,'Can add Snippet',50,'add_snippetptr'),(152,'Can change Snippet',50,'change_snippetptr'),(153,'Can delete Snippet',50,'delete_snippetptr'),(154,'Can add link',51,'add_link'),(155,'Can change link',51,'change_link'),(156,'Can delete link',51,'delete_link'),(157,'Can add google map',52,'add_googlemap'),(158,'Can change google map',52,'change_googlemap'),(159,'Can delete google map',52,'delete_googlemap'),(160,'Can add file',53,'add_file'),(161,'Can change file',53,'change_file'),(162,'Can delete file',53,'delete_file'),(163,'Can add cache key',54,'add_cachekey'),(164,'Can change cache key',54,'change_cachekey'),(165,'Can delete cache key',54,'delete_cachekey'),(166,'Can add image',55,'add_image'),(167,'Can change image',55,'change_image'),(168,'Can delete image',55,'delete_image'),(169,'Can add site feature area',56,'add_sitefeaturearea'),(170,'Can change site feature area',56,'change_sitefeaturearea'),(171,'Can delete site feature area',56,'delete_sitefeaturearea'),(172,'Can add feature set',57,'add_featureset'),(173,'Can change feature set',57,'change_featureset'),(174,'Can delete feature set',57,'delete_featureset'),(175,'Can add feature',58,'add_feature'),(176,'Can change feature',58,'change_feature'),(177,'Can delete feature',58,'delete_feature'),(178,'Can add feature schedule',59,'add_featureschedule'),(179,'Can change feature schedule',59,'change_featureschedule'),(180,'Can delete feature schedule',59,'delete_featureschedule'),(181,'Can add project location',60,'add_projectlocation'),(182,'Can change project location',60,'change_projectlocation'),(183,'Can delete project location',60,'delete_projectlocation'),(184,'Can add project',61,'add_project'),(185,'Can change project',61,'change_project'),(186,'Can delete project',61,'delete_project'),(187,'Can add project image',62,'add_projectimage'),(188,'Can change project image',62,'change_projectimage'),(189,'Can delete project image',62,'delete_projectimage'),(190,'Can add programme',63,'add_programme'),(191,'Can change programme',63,'change_programme'),(192,'Can delete programme',63,'delete_programme'),(193,'Can add programme image',64,'add_programmeimage'),(194,'Can change programme image',64,'change_programmeimage'),(195,'Can delete programme image',64,'delete_programmeimage'),(196,'Can add tag',65,'add_tag'),(197,'Can change tag',65,'change_tag'),(198,'Can delete tag',65,'delete_tag'),(199,'Can add tagged item',66,'add_taggeditem'),(200,'Can change tagged item',66,'change_taggeditem'),(201,'Can delete tagged item',66,'delete_taggeditem'),(202,'Can add author',9,'add_author'),(203,'Can change author',9,'change_author'),(204,'Can delete author',9,'delete_author'),(205,'Can add category',67,'add_category'),(206,'Can change category',67,'change_category'),(207,'Can delete category',67,'delete_category'),(208,'Can add entry',68,'add_entry'),(209,'Can change entry',68,'change_entry'),(210,'Can delete entry',68,'delete_entry'),(211,'Can view all',68,'can_view_all'),(212,'Can change author',68,'can_change_author'),(213,'Can add latest entries plugin',70,'add_latestentriesplugin'),(214,'Can change latest entries plugin',70,'change_latestentriesplugin'),(215,'Can delete latest entries plugin',70,'delete_latestentriesplugin'),(216,'Can add selected entries plugin',71,'add_selectedentriesplugin'),(217,'Can change selected entries plugin',71,'change_selectedentriesplugin'),(218,'Can delete selected entries plugin',71,'delete_selectedentriesplugin'),(219,'Can add random entries plugin',72,'add_randomentriesplugin'),(220,'Can change random entries plugin',72,'change_randomentriesplugin'),(221,'Can delete random entries plugin',72,'delete_randomentriesplugin'),(222,'Can add contact message',73,'add_message'),(223,'Can change contact message',73,'change_message'),(224,'Can delete contact message',73,'delete_message'),(225,'can receive messages',73,'can_receive_messages');
/*!40000 ALTER TABLE `auth_permission` ENABLE KEYS */;
UNLOCK TABLES;

--
-- Table structure for table `auth_user`
--

DROP TABLE IF EXISTS `auth_user`;
SET @saved_cs_client     = @@character_set_client;
SET character_set_client = utf8;
CREATE TABLE `auth_user` (
  `id` int(11) NOT NULL auto_increment,
  `username` varchar(30) NOT NULL,
  `first_name` varchar(30) NOT NULL,
  `last_name` varchar(30) NOT NULL,
  `email` varchar(75) NOT NULL,
  `password` varchar(128) NOT NULL,
  `is_staff` tinyint(1) NOT NULL,
  `is_active` tinyint(1) NOT NULL,
  `is_superuser` tinyint(1) NOT NULL,
  `last_login` datetime NOT NULL,
  `date_joined` datetime NOT NULL,
  PRIMARY KEY  (`id`),
  UNIQUE KEY `username` (`username`)
) ENGINE=MyISAM AUTO_INCREMENT=18 DEFAULT CHARSET=latin1;
SET character_set_client = @saved_cs_client;

--
-- Dumping data for table `auth_user`
--

LOCK TABLES `auth_user` WRITE;
/*!40000 ALTER TABLE `auth_user` DISABLE KEYS */;
INSERT INTO `auth_user` VALUES (1,'dan.peade@gmail.com','Dan','Peade','dan.peade@gmail.com','sha1$a5d13$fb02e0d6af1f50f86eb3a6efea415282be867fca',1,1,1,'2011-08-18 22:56:51','2011-04-08 16:34:57'),(2,'Christiansen-Ame','Ame','Christiansen','ame@energyforopportunity.org','sha1$9af12$bbf4e085bf63430871d16d026bf323406a6d673b',1,1,0,'2011-05-02 21:23:21','2011-04-27 18:15:46'),(3,'Willans-Simon','Simon','Willans','simon@energyforopportunity.org','sha1$1541a$61fe91e1e939ff558fbd9b600852c6bcd1861863',1,1,1,'2011-08-19 22:44:35','2011-02-01 12:13:38'),(4,'Munro-Paul','Paul','Munro','paul@energyforopportunity.org','sha1$8e8eb$bf4ecda0c4f6b205fe8ac8c5824b0278b144b277',1,1,0,'2011-04-30 12:26:59','2011-04-30 12:26:59'),(5,'Jalloh-Chernor-Marju','Chernor Marju','Jalloh','jalloh@energyforopportunity.org','sha1$9d10f$363303232b7d4cf03c3ea2714738ea523985ccdc',0,1,0,'2011-04-30 12:29:09','2011-04-30 12:29:09'),(6,'Kabba-Turay-Mohamed','Mohamed','Kabba Turay','mohamed@energyforopportunity.org','sha1$4c2fe$e743581a499169bc85389dc870ad2eee43ce6e3c',0,1,0,'2011-04-30 12:30:27','2011-04-30 12:30:27'),(7,'Munro-Robert','Robert','Munro','rob@energyforopportunity.org','sha1$747bc$309a603f7a1ea779432f95c80dff361baf6adee1',0,1,0,'2011-04-30 12:32:00','2011-04-30 12:32:00'),(8,'Krysa-Mike','Mike','Krysa','mike@energyforopportunity.org','sha1$e36dd$8341e1e2c9e0469d5ab0941c44ea2b2a45aac59f',1,1,0,'2011-04-30 12:33:39','2011-04-30 12:33:39'),(9,'Krajcovic-Linda','Linda','Krajcovic','linda@energyforopportunity.org','sha1$fb28e$a63605c61d566df26073b134b90706f0310a8718',0,1,0,'2011-04-30 12:44:09','2011-04-30 12:44:09'),(10,'Jones-Kevin','Kevin','Jones','kevin@energyforopportunity.org','sha1$65d5f$d478843e629a970a5f9531f466eaca9e2536bc0b',0,1,0,'2011-04-30 12:47:36','2011-04-30 12:47:36'),(11,'Willans-Matthew','Matthew','Willans','matthew@energyforopportunity.org','sha1$95a5a$8cd28c155f19f052a9a46578935a32a2078a0348',0,1,0,'2011-04-30 12:49:36','2011-04-30 12:49:36'),(12,'Grzonkowski-Peter','Peter','Grzonkowski','pete@energyforopportunity.org','sha1$9f0c1$3371f18cc92c487547904667da9206054f5464f1',0,1,0,'2011-04-30 12:51:10','2011-04-30 12:51:10'),(13,'Moran-Sean','Sean','Moran','sean@energyforopportunity.org','sha1$27bd3$2457434236b30992254d7df527ae46ffc262e5a4',0,1,0,'2011-04-30 12:53:30','2011-04-30 12:53:30'),(14,'Johns-Will','Will','Johns','will@energyforopportunity.org','sha1$36976$5a4d036763ca347237c357e171dabaa1cdbdf0a3',0,1,0,'2011-04-30 12:54:52','2011-04-30 12:54:52'),(15,'Munro-Jim','Jim','Munro','jim@energyforopportunity.org','sha1$1b8cc$ad1de55e7b7ffc9b080a87c334876c0d36aac57e',0,1,0,'2011-04-30 12:55:55','2011-04-30 12:55:55'),(16,'admin','','','admin@energyforopportunity.org','sha1$22b5e$411f5bae81e8edef9f2a2b9ecfc4453846f3a879',0,1,0,'2011-05-02 10:31:19','2011-05-02 10:31:19'),(17,'Tarawally-Idrissa','Idrissa','Tarawally','idrissa@energyforopportunity.org','sha1$763e3$4ff6e215c7a3f4043dbf35f11d4cdba599d19171',0,1,0,'2011-08-14 18:29:46','2011-08-14 18:29:46');
/*!40000 ALTER TABLE `auth_user` ENABLE KEYS */;
UNLOCK TABLES;

--
-- Table structure for table `auth_user_groups`
--

DROP TABLE IF EXISTS `auth_user_groups`;
SET @saved_cs_client     = @@character_set_client;
SET character_set_client = utf8;
CREATE TABLE `auth_user_groups` (
  `id` int(11) NOT NULL auto_increment,
  `user_id` int(11) NOT NULL,
  `group_id` int(11) NOT NULL,
  PRIMARY KEY  (`id`),
  UNIQUE KEY `user_id` (`user_id`,`group_id`),
  KEY `auth_user_groups_403f60f` (`user_id`),
  KEY `auth_user_groups_425ae3c4` (`group_id`)
) ENGINE=MyISAM AUTO_INCREMENT=30 DEFAULT CHARSET=latin1;
SET character_set_client = @saved_cs_client;

--
-- Dumping data for table `auth_user_groups`
--

LOCK TABLES `auth_user_groups` WRITE;
/*!40000 ALTER TABLE `auth_user_groups` DISABLE KEYS */;
INSERT INTO `auth_user_groups` VALUES (23,3,1),(18,2,2),(28,4,1),(5,5,1),(6,6,1),(7,7,3),(29,8,3),(9,9,3),(10,10,3),(11,11,3),(12,12,2),(13,13,2),(20,14,2),(15,15,2),(19,2,4),(22,17,1);
/*!40000 ALTER TABLE `auth_user_groups` ENABLE KEYS */;
UNLOCK TABLES;

--
-- Table structure for table `auth_user_user_permissions`
--

DROP TABLE IF EXISTS `auth_user_user_permissions`;
SET @saved_cs_client     = @@character_set_client;
SET character_set_client = utf8;
CREATE TABLE `auth_user_user_permissions` (
  `id` int(11) NOT NULL auto_increment,
  `user_id` int(11) NOT NULL,
  `permission_id` int(11) NOT NULL,
  PRIMARY KEY  (`id`),
  UNIQUE KEY `user_id` (`user_id`,`permission_id`),
  KEY `auth_user_user_permissions_403f60f` (`user_id`),
  KEY `auth_user_user_permissions_1e014c8f` (`permission_id`)
) ENGINE=MyISAM DEFAULT CHARSET=latin1;
SET character_set_client = @saved_cs_client;

--
-- Dumping data for table `auth_user_user_permissions`
--

LOCK TABLES `auth_user_user_permissions` WRITE;
/*!40000 ALTER TABLE `auth_user_user_permissions` DISABLE KEYS */;
/*!40000 ALTER TABLE `auth_user_user_permissions` ENABLE KEYS */;
UNLOCK TABLES;

--
-- Table structure for table `cms_cmsplugin`
--

DROP TABLE IF EXISTS `cms_cmsplugin`;
SET @saved_cs_client     = @@character_set_client;
SET character_set_client = utf8;
CREATE TABLE `cms_cmsplugin` (
  `language` varchar(15) NOT NULL,
  `position` smallint(6) default NULL,
  `creation_date` datetime NOT NULL default '2011-04-08 16:35:13',
  `id` int(11) NOT NULL auto_increment,
  `plugin_type` varchar(50) NOT NULL,
  `parent_id` int(11) default NULL,
  `tree_id` int(10) unsigned NOT NULL default '0',
  `lft` int(10) unsigned NOT NULL default '0',
  `rght` int(10) unsigned NOT NULL default '0',
  `level` int(10) unsigned NOT NULL default '0',
  `placeholder_id` int(11) default NULL,
  PRIMARY KEY  (`id`),
  KEY `cms_cmsplugin_75853655` (`language`),
  KEY `cms_cmsplugin_52f8f330` (`plugin_type`),
  KEY `cms_cmsplugin_63f17a16` (`parent_id`),
  KEY `cms_cmsplugin_102f80d8` (`tree_id`),
  KEY `cms_cmsplugin_42b06ff6` (`lft`),
  KEY `cms_cmsplugin_6eabc1a6` (`rght`),
  KEY `cms_cmsplugin_2a8f42e8` (`level`),
  KEY `cms_cmsplugin_62e7be1f` (`placeholder_id`)
) ENGINE=MyISAM AUTO_INCREMENT=59 DEFAULT CHARSET=latin1;
SET character_set_client = @saved_cs_client;

--
-- Dumping data for table `cms_cmsplugin`
--

LOCK TABLES `cms_cmsplugin` WRITE;
/*!40000 ALTER TABLE `cms_cmsplugin` DISABLE KEYS */;
INSERT INTO `cms_cmsplugin` VALUES ('en',0,'2011-04-15 10:42:20',30,'TextPlugin',NULL,9,1,2,0,5),('en',0,'2011-04-13 10:26:57',28,'TextPlugin',NULL,7,1,2,0,17),('en',0,'2011-04-12 19:18:18',24,'TextPlugin',NULL,3,1,2,0,10),('en',0,'2011-04-13 14:28:58',29,'TextPlugin',NULL,8,1,2,0,7),('en',0,'2011-04-15 10:48:31',31,'TextPlugin',NULL,10,1,2,0,19),('en',0,'2011-04-20 08:46:12',32,'TextPlugin',NULL,11,1,2,0,23),('en',0,'2011-04-27 18:38:55',33,'TextPlugin',NULL,12,1,2,0,26),('en',0,'2011-04-28 13:37:52',34,'TextPlugin',NULL,13,1,2,0,24),('en',0,'2011-04-28 14:00:14',37,'TextPlugin',NULL,14,1,2,0,25),('en',0,'2011-04-28 16:29:13',38,'TextPlugin',NULL,15,1,2,0,28),('en',0,'2011-04-28 17:23:44',39,'TextPlugin',NULL,16,1,2,0,29),('en',0,'2011-04-29 11:56:55',40,'TextPlugin',NULL,17,1,2,0,31),('en',0,'2011-04-29 12:02:40',41,'TextPlugin',NULL,18,1,2,0,32),('en',0,'2011-04-29 12:03:58',42,'TextPlugin',NULL,19,1,2,0,33),('en',0,'2011-04-29 16:08:52',43,'TextPlugin',NULL,20,1,2,0,34),('en',1,'2011-04-29 16:09:24',44,'TextPlugin',NULL,21,1,2,0,34),('en',0,'2011-08-14 18:35:55',45,'PicturePlugin',NULL,22,1,2,0,36),('en',0,'2011-08-14 18:37:10',46,'TextPlugin',NULL,23,1,2,0,37),('en',0,'2011-08-14 18:45:19',47,'PicturePlugin',NULL,24,1,2,0,38),('en',0,'2011-08-17 06:33:18',57,'TextPlugin',NULL,33,1,2,0,39),('en',0,'2011-08-17 06:21:12',54,'PicturePlugin',NULL,30,1,2,0,40),('en',0,'2011-08-14 18:48:48',50,'TextPlugin',NULL,27,1,2,0,41),('en',0,'2011-08-17 06:27:18',55,'PicturePlugin',NULL,31,1,2,0,42),('en',0,'2011-08-17 06:28:24',56,'TextPlugin',NULL,32,1,2,0,43),('en',1,'2011-08-17 22:37:14',58,'SnippetPlugin',NULL,34,1,2,0,33);
/*!40000 ALTER TABLE `cms_cmsplugin` ENABLE KEYS */;
UNLOCK TABLES;

--
-- Table structure for table `cms_globalpagepermission`
--

DROP TABLE IF EXISTS `cms_globalpagepermission`;
SET @saved_cs_client     = @@character_set_client;
SET character_set_client = utf8;
CREATE TABLE `cms_globalpagepermission` (
  `can_publish` tinyint(1) NOT NULL default '1',
  `group_id` int(11) default NULL,
  `can_moderate` tinyint(1) NOT NULL default '1',
  `can_change` tinyint(1) NOT NULL default '1',
  `can_change_permissions` tinyint(1) NOT NULL default '0',
  `can_recover_page` tinyint(1) NOT NULL default '1',
  `can_add` tinyint(1) NOT NULL default '1',
  `user_id` int(11) default NULL,
  `can_delete` tinyint(1) NOT NULL default '1',
  `can_move_page` tinyint(1) NOT NULL default '1',
  `id` int(11) NOT NULL auto_increment,
  `can_change_advanced_settings` tinyint(1) NOT NULL default '0',
  PRIMARY KEY  (`id`),
  KEY `cms_globalpagepermission_425ae3c4` (`group_id`),
  KEY `cms_globalpagepermission_403f60f` (`user_id`)
) ENGINE=MyISAM DEFAULT CHARSET=latin1;
SET character_set_client = @saved_cs_client;

--
-- Dumping data for table `cms_globalpagepermission`
--

LOCK TABLES `cms_globalpagepermission` WRITE;
/*!40000 ALTER TABLE `cms_globalpagepermission` DISABLE KEYS */;
/*!40000 ALTER TABLE `cms_globalpagepermission` ENABLE KEYS */;
UNLOCK TABLES;

--
-- Table structure for table `cms_globalpagepermission_sites`
--

DROP TABLE IF EXISTS `cms_globalpagepermission_sites`;
SET @saved_cs_client     = @@character_set_client;
SET character_set_client = utf8;
CREATE TABLE `cms_globalpagepermission_sites` (
  `id` int(11) NOT NULL auto_increment,
  `globalpagepermission_id` int(11) NOT NULL,
  `site_id` int(11) NOT NULL,
  PRIMARY KEY  (`id`),
  KEY `cms_globalpagepermission_sites_a21423f` (`globalpagepermission_id`),
  KEY `cms_globalpagepermission_sites_6223029` (`site_id`)
) ENGINE=MyISAM DEFAULT CHARSET=latin1;
SET character_set_client = @saved_cs_client;

--
-- Dumping data for table `cms_globalpagepermission_sites`
--

LOCK TABLES `cms_globalpagepermission_sites` WRITE;
/*!40000 ALTER TABLE `cms_globalpagepermission_sites` DISABLE KEYS */;
/*!40000 ALTER TABLE `cms_globalpagepermission_sites` ENABLE KEYS */;
UNLOCK TABLES;

--
-- Table structure for table `cms_page`
--

DROP TABLE IF EXISTS `cms_page`;
SET @saved_cs_client     = @@character_set_client;
SET character_set_client = utf8;
CREATE TABLE `cms_page` (
  `rght` int(10) unsigned NOT NULL,
  `level` int(10) unsigned NOT NULL,
  `navigation_extenders` varchar(80) default NULL,
  `parent_id` int(11) default NULL,
  `reverse_id` varchar(40) default NULL,
  `login_required` tinyint(1) NOT NULL default '0',
  `soft_root` tinyint(1) NOT NULL default '0',
  `creation_date` datetime NOT NULL default '2011-04-08 16:35:13',
  `lft` int(10) unsigned NOT NULL,
  `publication_end_date` datetime default NULL,
  `template` varchar(100) NOT NULL,
  `tree_id` int(10) unsigned NOT NULL,
  `publication_date` datetime default NULL,
  `in_navigation` tinyint(1) NOT NULL default '1',
  `id` int(11) NOT NULL auto_increment,
  `moderator_state` smallint(6) NOT NULL default '1',
  `published` tinyint(1) NOT NULL default '0',
  `site_id` int(11) NOT NULL default '1',
  `changed_by` varchar(70) NOT NULL default '',
  `created_by` varchar(70) NOT NULL default '',
  `publisher_is_draft` tinyint(1) NOT NULL default '1',
  `publisher_state` smallint(6) NOT NULL default '0',
  `publisher_public_id` int(11) default NULL,
  `limit_visibility_in_menu` smallint(6) default NULL,
  PRIMARY KEY  (`id`),
  UNIQUE KEY `publisher_public_id` (`publisher_public_id`),
  KEY `cms_page_6eabc1a6` (`rght`),
  KEY `cms_page_2a8f42e8` (`level`),
  KEY `cms_page_267392ec` (`navigation_extenders`),
  KEY `cms_page_63f17a16` (`parent_id`),
  KEY `cms_page_b56116b` (`reverse_id`),
  KEY `cms_page_455d889d` (`soft_root`),
  KEY `cms_page_42b06ff6` (`lft`),
  KEY `cms_page_5dde019c` (`publication_end_date`),
  KEY `cms_page_102f80d8` (`tree_id`),
  KEY `cms_page_1199bb9e` (`publication_date`),
  KEY `cms_page_3c0ea264` (`in_navigation`),
  KEY `cms_page_6223029` (`site_id`),
  KEY `cms_page_16d2d3fa` (`publisher_is_draft`),
  KEY `cms_page_5ffeb0a6` (`publisher_state`),
  KEY `cms_page_36f698d1` (`limit_visibility_in_menu`)
) ENGINE=MyISAM AUTO_INCREMENT=21 DEFAULT CHARSET=latin1;
SET character_set_client = @saved_cs_client;

--
-- Dumping data for table `cms_page`
--

LOCK TABLES `cms_page` WRITE;
/*!40000 ALTER TABLE `cms_page` DISABLE KEYS */;
INSERT INTO `cms_page` VALUES (2,0,'',NULL,NULL,0,0,'2011-04-09 14:32:45',1,NULL,'site_base.html',2,'2011-04-09 14:33:42',1,4,0,1,1,'dan.peade@gmail.com','dan.peade@gmail.com',1,1,NULL,NULL),(10,0,'',NULL,'about-us',0,0,'2011-04-12 12:03:37',1,NULL,'about/about.html',3,'2011-04-12 12:06:18',1,5,0,1,1,'dan.peade@gmail.com','dan.peade@gmail.com',1,1,NULL,NULL),(2,0,'',NULL,NULL,0,0,'2011-04-12 12:37:01',1,NULL,'site_base.html',1,'2011-04-12 12:38:00',0,6,0,1,1,'dan.peade@gmail.com','dan.peade@gmail.com',1,1,NULL,NULL),(9,1,'',5,NULL,0,0,'2011-04-12 13:09:10',8,NULL,'site_base.html',3,'2011-04-12 13:09:22',1,7,0,1,1,'dan.peade@gmail.com','dan.peade@gmail.com',1,1,NULL,NULL),(2,0,'ProgrammesMenu',NULL,'programmes-page',0,0,'2011-04-12 13:54:15',1,NULL,'programmes/programmes_container.html',4,'2011-04-12 13:55:24',1,8,0,1,1,'dan.peade@gmail.com','dan.peade@gmail.com',1,1,NULL,NULL),(2,0,'FlatBlogCategoryMenu',NULL,NULL,0,0,'2011-04-13 14:11:10',1,NULL,'site_base.html',8,'2011-04-13 14:14:34',1,14,0,1,1,'dan.peade@gmail.com','dan.peade@gmail.com',1,1,NULL,NULL),(2,0,'',NULL,'footer-container',0,0,'2011-04-13 10:26:26',1,NULL,'site_base.html',7,NULL,0,13,0,0,1,'dan.peade@gmail.com','dan.peade@gmail.com',1,1,NULL,NULL),(2,0,'ProjectsMenu',NULL,NULL,0,0,'2011-04-19 16:50:16',1,NULL,'projects/projects_container.html',5,'2011-04-20 08:10:27',1,15,0,1,1,'dan.peade@gmail.com','dan.peade@gmail.com',1,1,NULL,NULL),(3,1,'',5,NULL,0,0,'2011-04-27 18:35:25',2,NULL,'about/about.html',3,'2011-04-27 18:35:38',1,16,0,1,1,'Willans-Simon','dan.peade@gmail.com',1,1,NULL,NULL),(7,1,'',5,NULL,0,0,'2011-04-27 18:36:04',6,NULL,'about/about.html',3,'2011-04-27 18:36:39',1,17,0,1,1,'Willans-Simon','dan.peade@gmail.com',1,1,NULL,NULL),(5,1,'',5,NULL,0,0,'2011-04-27 18:37:51',4,NULL,'about/about.html',3,'2011-04-27 18:38:11',1,18,0,1,1,'Willans-Simon','dan.peade@gmail.com',1,1,NULL,NULL),(2,0,'',NULL,NULL,0,0,'2011-04-28 16:28:53',1,NULL,'contribute/contribute.html',6,'2011-04-28 16:38:59',1,19,0,1,1,'dan.peade@gmail.com','dan.peade@gmail.com',1,1,NULL,NULL),(2,0,'',NULL,NULL,0,0,'2011-04-29 11:44:41',1,NULL,'contact/contact.html',9,'2011-04-29 12:00:25',1,20,0,1,1,'dan.peade@gmail.com','dan.peade@gmail.com',1,1,NULL,NULL);
/*!40000 ALTER TABLE `cms_page` ENABLE KEYS */;
UNLOCK TABLES;

--
-- Table structure for table `cms_page_placeholders`
--

DROP TABLE IF EXISTS `cms_page_placeholders`;
SET @saved_cs_client     = @@character_set_client;
SET character_set_client = utf8;
CREATE TABLE `cms_page_placeholders` (
  `id` int(11) NOT NULL auto_increment,
  `page_id` int(11) NOT NULL,
  `placeholder_id` int(11) NOT NULL,
  PRIMARY KEY  (`id`),
  UNIQUE KEY `cms_page_placeholders_page_id_6a0df834_uniq` (`page_id`,`placeholder_id`),
  KEY `cms_page_placeholders_32d04bc7` (`page_id`),
  KEY `cms_page_placeholders_3e35d7b0` (`placeholder_id`)
) ENGINE=MyISAM AUTO_INCREMENT=44 DEFAULT CHARSET=latin1;
SET character_set_client = @saved_cs_client;

--
-- Dumping data for table `cms_page_placeholders`
--

LOCK TABLES `cms_page_placeholders` WRITE;
/*!40000 ALTER TABLE `cms_page_placeholders` DISABLE KEYS */;
INSERT INTO `cms_page_placeholders` VALUES (6,4,6),(5,4,5),(4,4,4),(7,5,7),(8,6,8),(9,7,9),(10,8,10),(15,8,15),(17,13,17),(16,8,16),(18,14,18),(19,4,19),(20,6,20),(21,15,21),(22,15,22),(23,15,23),(24,16,24),(25,17,25),(26,18,26),(27,7,27),(28,19,28),(29,19,29),(30,20,30),(31,20,31),(32,20,32),(33,20,33),(34,20,34),(35,20,35),(36,5,36),(37,5,37),(38,16,38),(39,16,39),(40,18,40),(41,18,41),(42,17,42),(43,17,43);
/*!40000 ALTER TABLE `cms_page_placeholders` ENABLE KEYS */;
UNLOCK TABLES;

--
-- Table structure for table `cms_pagemoderator`
--

DROP TABLE IF EXISTS `cms_pagemoderator`;
SET @saved_cs_client     = @@character_set_client;
SET character_set_client = utf8;
CREATE TABLE `cms_pagemoderator` (
  `moderate_page` tinyint(1) NOT NULL default '0',
  `moderate_children` tinyint(1) NOT NULL default '0',
  `page_id` int(11) NOT NULL,
  `user_id` int(11) NOT NULL,
  `id` int(11) NOT NULL auto_increment,
  `moderate_descendants` tinyint(1) NOT NULL default '0',
  PRIMARY KEY  (`id`),
  KEY `cms_pagemoderator_32d04bc7` (`page_id`),
  KEY `cms_pagemoderator_403f60f` (`user_id`)
) ENGINE=MyISAM DEFAULT CHARSET=latin1;
SET character_set_client = @saved_cs_client;

--
-- Dumping data for table `cms_pagemoderator`
--

LOCK TABLES `cms_pagemoderator` WRITE;
/*!40000 ALTER TABLE `cms_pagemoderator` DISABLE KEYS */;
/*!40000 ALTER TABLE `cms_pagemoderator` ENABLE KEYS */;
UNLOCK TABLES;

--
-- Table structure for table `cms_pagemoderatorstate`
--

DROP TABLE IF EXISTS `cms_pagemoderatorstate`;
SET @saved_cs_client     = @@character_set_client;
SET character_set_client = utf8;
CREATE TABLE `cms_pagemoderatorstate` (
  `created` datetime NOT NULL,
  `page_id` int(11) NOT NULL,
  `user_id` int(11) default NULL,
  `action` varchar(3) default NULL,
  `message` longtext NOT NULL,
  `id` int(11) NOT NULL auto_increment,
  PRIMARY KEY  (`id`),
  KEY `cms_pagemoderatorstate_32d04bc7` (`page_id`),
  KEY `cms_pagemoderatorstate_403f60f` (`user_id`)
) ENGINE=MyISAM DEFAULT CHARSET=latin1;
SET character_set_client = @saved_cs_client;

--
-- Dumping data for table `cms_pagemoderatorstate`
--

LOCK TABLES `cms_pagemoderatorstate` WRITE;
/*!40000 ALTER TABLE `cms_pagemoderatorstate` DISABLE KEYS */;
/*!40000 ALTER TABLE `cms_pagemoderatorstate` ENABLE KEYS */;
UNLOCK TABLES;

--
-- Table structure for table `cms_pagepermission`
--

DROP TABLE IF EXISTS `cms_pagepermission`;
SET @saved_cs_client     = @@character_set_client;
SET character_set_client = utf8;
CREATE TABLE `cms_pagepermission` (
  `group_id` int(11) default NULL,
  `can_publish` tinyint(1) NOT NULL default '1',
  `page_id` int(11) default NULL,
  `user_id` int(11) default NULL,
  `id` int(11) NOT NULL auto_increment,
  `can_delete` tinyint(1) NOT NULL default '1',
  `can_change_permissions` tinyint(1) NOT NULL default '0',
  `can_moderate` tinyint(1) NOT NULL default '1',
  `can_add` tinyint(1) NOT NULL default '1',
  `grant_on` int(11) NOT NULL default '5',
  `can_move_page` tinyint(1) NOT NULL default '1',
  `can_change` tinyint(1) NOT NULL default '1',
  `can_change_advanced_settings` tinyint(1) NOT NULL default '0',
  PRIMARY KEY  (`id`),
  KEY `cms_pagepermission_425ae3c4` (`group_id`),
  KEY `cms_pagepermission_32d04bc7` (`page_id`),
  KEY `cms_pagepermission_403f60f` (`user_id`)
) ENGINE=MyISAM DEFAULT CHARSET=latin1;
SET character_set_client = @saved_cs_client;

--
-- Dumping data for table `cms_pagepermission`
--

LOCK TABLES `cms_pagepermission` WRITE;
/*!40000 ALTER TABLE `cms_pagepermission` DISABLE KEYS */;
/*!40000 ALTER TABLE `cms_pagepermission` ENABLE KEYS */;
UNLOCK TABLES;

--
-- Table structure for table `cms_pageuser`
--

DROP TABLE IF EXISTS `cms_pageuser`;
SET @saved_cs_client     = @@character_set_client;
SET character_set_client = utf8;
CREATE TABLE `cms_pageuser` (
  `user_ptr_id` int(11) NOT NULL,
  `created_by_id` int(11) NOT NULL,
  PRIMARY KEY  (`user_ptr_id`),
  KEY `cms_pageuser_4a21cf42` (`created_by_id`)
) ENGINE=MyISAM DEFAULT CHARSET=latin1;
SET character_set_client = @saved_cs_client;

--
-- Dumping data for table `cms_pageuser`
--

LOCK TABLES `cms_pageuser` WRITE;
/*!40000 ALTER TABLE `cms_pageuser` DISABLE KEYS */;
/*!40000 ALTER TABLE `cms_pageuser` ENABLE KEYS */;
UNLOCK TABLES;

--
-- Table structure for table `cms_pageusergroup`
--

DROP TABLE IF EXISTS `cms_pageusergroup`;
SET @saved_cs_client     = @@character_set_client;
SET character_set_client = utf8;
CREATE TABLE `cms_pageusergroup` (
  `group_ptr_id` int(11) NOT NULL,
  `created_by_id` int(11) NOT NULL,
  PRIMARY KEY  (`group_ptr_id`),
  KEY `cms_pageusergroup_4a21cf42` (`created_by_id`)
) ENGINE=MyISAM DEFAULT CHARSET=latin1;
SET character_set_client = @saved_cs_client;

--
-- Dumping data for table `cms_pageusergroup`
--

LOCK TABLES `cms_pageusergroup` WRITE;
/*!40000 ALTER TABLE `cms_pageusergroup` DISABLE KEYS */;
/*!40000 ALTER TABLE `cms_pageusergroup` ENABLE KEYS */;
UNLOCK TABLES;

--
-- Table structure for table `cms_placeholder`
--

DROP TABLE IF EXISTS `cms_placeholder`;
SET @saved_cs_client     = @@character_set_client;
SET character_set_client = utf8;
CREATE TABLE `cms_placeholder` (
  `slot` varchar(50) NOT NULL,
  `id` int(11) NOT NULL auto_increment,
  `default_width` smallint(5) unsigned default NULL,
  PRIMARY KEY  (`id`),
  KEY `cms_placeholder_400badfd` (`slot`)
) ENGINE=MyISAM AUTO_INCREMENT=44 DEFAULT CHARSET=latin1;
SET character_set_client = @saved_cs_client;

--
-- Dumping data for table `cms_placeholder`
--

LOCK TABLES `cms_placeholder` WRITE;
/*!40000 ALTER TABLE `cms_placeholder` DISABLE KEYS */;
INSERT INTO `cms_placeholder` VALUES ('content',5,NULL),('right_column',4,NULL),('footer',6,NULL),('content',7,NULL),('content',8,NULL),('content',9,NULL),('content',10,NULL),('listing_content',15,NULL),('content',17,NULL),('detail_content',16,NULL),('content',18,NULL),('mycontent',19,NULL),('mycontent',20,NULL),('content',21,NULL),('detail_content',22,NULL),('listing_content',23,NULL),('content',24,NULL),('content',25,NULL),('content',26,NULL),('people_generic_content',27,NULL),('content',28,NULL),('page_heading',29,NULL),('intro',30,NULL),('email',31,NULL),('post_and_phone',32,NULL),('visit',33,NULL),('social_media',34,NULL),('content',35,NULL),('feature_image',36,NULL),('feature_image_caption',37,NULL),('feature_image',38,NULL),('feature_image_caption',39,NULL),('feature_image',40,NULL),('feature_image_caption',41,NULL),('feature_image',42,NULL),('feature_image_caption',43,NULL);
/*!40000 ALTER TABLE `cms_placeholder` ENABLE KEYS */;
UNLOCK TABLES;

--
-- Table structure for table `cms_title`
--

DROP TABLE IF EXISTS `cms_title`;
SET @saved_cs_client     = @@character_set_client;
SET character_set_client = utf8;
CREATE TABLE `cms_title` (
  `language` varchar(15) NOT NULL,
  `title` varchar(255) NOT NULL,
  `page_id` int(11) NOT NULL,
  `id` int(11) NOT NULL auto_increment,
  `path` varchar(255) NOT NULL,
  `creation_date` datetime NOT NULL default '2011-04-08 16:35:13',
  `slug` varchar(255) NOT NULL,
  `has_url_overwrite` tinyint(1) NOT NULL default '0',
  `application_urls` varchar(200) default NULL,
  `redirect` varchar(255) default NULL,
  `meta_keywords` varchar(255) default NULL,
  `meta_description` longtext,
  `page_title` varchar(255) default NULL,
  `menu_title` varchar(255) default NULL,
  PRIMARY KEY  (`id`),
  UNIQUE KEY `cms_title_page_id_175d922b_uniq` (`page_id`,`language`),
  KEY `cms_title_75853655` (`language`),
  KEY `cms_title_32d04bc7` (`page_id`),
  KEY `cms_title_6a8a34e2` (`path`),
  KEY `cms_title_56ae2a2a` (`slug`),
  KEY `cms_title_3d964e2e` (`has_url_overwrite`),
  KEY `cms_title_23b1fc68` (`application_urls`)
) ENGINE=MyISAM AUTO_INCREMENT=19 DEFAULT CHARSET=latin1;
SET character_set_client = @saved_cs_client;

--
-- Dumping data for table `cms_title`
--

LOCK TABLES `cms_title` WRITE;
/*!40000 ALTER TABLE `cms_title` DISABLE KEYS */;
INSERT INTO `cms_title` VALUES ('en','Home',4,2,'home','2011-04-09 14:32:45','home',0,'HomeAppHook','','','','',''),('en','About us',5,3,'about-us','2011-04-12 12:03:38','about-us',0,'','','','','',''),('en','Uber Meta Parent',6,4,'uber-meta-parent','2011-04-12 12:37:01','uber-meta-parent',0,'','/home','','','',''),('en','People',7,5,'about-us/people','2011-04-12 13:09:11','people',0,'PeopleAppHook','','','','EFO - About Us - People',''),('en','Programmes',8,6,'programmes','2011-04-12 13:54:15','programmes',0,'ProgrammesAppHook','','','','',''),('en','Blog',14,12,'blog','2011-04-13 14:11:11','blog',0,'ZinniaApphook','','','','',''),('en','Footer Container',13,11,'footer-container','2011-04-13 10:26:26','footer-container',0,'','','','','',''),('en','Projects',15,13,'projects','2011-04-19 16:50:17','projects',0,'ProjectsAppHook','','','','',''),('en','How We Formed',16,14,'about-us/how-we-formed','2011-04-27 18:35:26','how-we-formed',0,'','','','','',''),('en','Our Strategy',17,15,'about-us/our-strategy','2011-04-27 18:36:04','our-strategy',0,'','','','','',''),('en','Why Solar',18,16,'about-us/why-solar','2011-04-27 18:37:52','why-solar',0,'','','','','',''),('en','Contribute',19,17,'contribute','2011-04-28 16:28:55','contribute',0,'','','','','',''),('en','Contact Us',20,18,'contact-us','2011-04-29 11:44:42','contact-us',0,'ContactAppHook','','','','','');
/*!40000 ALTER TABLE `cms_title` ENABLE KEYS */;
UNLOCK TABLES;

--
-- Table structure for table `cmsplugin_file`
--

DROP TABLE IF EXISTS `cmsplugin_file`;
SET @saved_cs_client     = @@character_set_client;
SET character_set_client = utf8;
CREATE TABLE `cmsplugin_file` (
  `cmsplugin_ptr_id` int(11) NOT NULL,
  `file` varchar(100) NOT NULL,
  `title` varchar(255) default NULL,
  UNIQUE KEY `cmsplugin_ptr_id` (`cmsplugin_ptr_id`)
) ENGINE=MyISAM DEFAULT CHARSET=latin1;
SET character_set_client = @saved_cs_client;

--
-- Dumping data for table `cmsplugin_file`
--

LOCK TABLES `cmsplugin_file` WRITE;
/*!40000 ALTER TABLE `cmsplugin_file` DISABLE KEYS */;
/*!40000 ALTER TABLE `cmsplugin_file` ENABLE KEYS */;
UNLOCK TABLES;

--
-- Table structure for table `cmsplugin_googlemap`
--

DROP TABLE IF EXISTS `cmsplugin_googlemap`;
SET @saved_cs_client     = @@character_set_client;
SET character_set_client = utf8;
CREATE TABLE `cmsplugin_googlemap` (
  `city` varchar(100) NOT NULL,
  `title` varchar(100) default NULL,
  `cmsplugin_ptr_id` int(11) NOT NULL,
  `zoom` int(11) default NULL,
  `content` varchar(255) default NULL,
  `address` varchar(150) NOT NULL,
  `zipcode` varchar(30) NOT NULL,
  `lng` decimal(10,6) default NULL,
  `lat` decimal(10,6) default NULL,
  `route_planer` tinyint(1) NOT NULL default '0',
  `route_planer_title` varchar(150) default 'Calculate your fastest way to here',
  PRIMARY KEY  (`cmsplugin_ptr_id`)
) ENGINE=MyISAM DEFAULT CHARSET=latin1;
SET character_set_client = @saved_cs_client;

--
-- Dumping data for table `cmsplugin_googlemap`
--

LOCK TABLES `cmsplugin_googlemap` WRITE;
/*!40000 ALTER TABLE `cmsplugin_googlemap` DISABLE KEYS */;
/*!40000 ALTER TABLE `cmsplugin_googlemap` ENABLE KEYS */;
UNLOCK TABLES;

--
-- Table structure for table `cmsplugin_latestentriesplugin`
--

DROP TABLE IF EXISTS `cmsplugin_latestentriesplugin`;
SET @saved_cs_client     = @@character_set_client;
SET character_set_client = utf8;
CREATE TABLE `cmsplugin_latestentriesplugin` (
  `cmsplugin_ptr_id` int(11) NOT NULL,
  `number_of_entries` int(11) NOT NULL default '5',
  `template_to_render` varchar(250) NOT NULL,
  `subcategories` tinyint(1) NOT NULL,
  PRIMARY KEY  (`cmsplugin_ptr_id`)
) ENGINE=MyISAM DEFAULT CHARSET=latin1;
SET character_set_client = @saved_cs_client;

--
-- Dumping data for table `cmsplugin_latestentriesplugin`
--

LOCK TABLES `cmsplugin_latestentriesplugin` WRITE;
/*!40000 ALTER TABLE `cmsplugin_latestentriesplugin` DISABLE KEYS */;
/*!40000 ALTER TABLE `cmsplugin_latestentriesplugin` ENABLE KEYS */;
UNLOCK TABLES;

--
-- Table structure for table `cmsplugin_link`
--

DROP TABLE IF EXISTS `cmsplugin_link`;
SET @saved_cs_client     = @@character_set_client;
SET character_set_client = utf8;
CREATE TABLE `cmsplugin_link` (
  `url` varchar(200) default NULL,
  `cmsplugin_ptr_id` int(11) NOT NULL,
  `name` varchar(256) NOT NULL,
  `page_link_id` int(11) default NULL,
  `mailto` varchar(75) default NULL,
  UNIQUE KEY `cmsplugin_ptr_id` (`cmsplugin_ptr_id`),
  KEY `link_link_32d04bc7` (`page_link_id`)
) ENGINE=MyISAM DEFAULT CHARSET=latin1;
SET character_set_client = @saved_cs_client;

--
-- Dumping data for table `cmsplugin_link`
--

LOCK TABLES `cmsplugin_link` WRITE;
/*!40000 ALTER TABLE `cmsplugin_link` DISABLE KEYS */;
/*!40000 ALTER TABLE `cmsplugin_link` ENABLE KEYS */;
UNLOCK TABLES;

--
-- Table structure for table `cmsplugin_picture`
--

DROP TABLE IF EXISTS `cmsplugin_picture`;
SET @saved_cs_client     = @@character_set_client;
SET character_set_client = utf8;
CREATE TABLE `cmsplugin_picture` (
  `url` varchar(255) default NULL,
  `image` varchar(100) NOT NULL,
  `cmsplugin_ptr_id` int(11) NOT NULL,
  `alt` varchar(255) default NULL,
  `page_link_id` int(11) default NULL,
  `float` varchar(10) default NULL,
  `longdesc` varchar(255) NOT NULL default '',
  UNIQUE KEY `cmsplugin_ptr_id` (`cmsplugin_ptr_id`),
  KEY `cmsplugin_picture_37c07cc5` (`page_link_id`)
) ENGINE=MyISAM DEFAULT CHARSET=latin1;
SET character_set_client = @saved_cs_client;

--
-- Dumping data for table `cmsplugin_picture`
--

LOCK TABLES `cmsplugin_picture` WRITE;
/*!40000 ALTER TABLE `cmsplugin_picture` DISABLE KEYS */;
INSERT INTO `cmsplugin_picture` VALUES ('','cms_page_media/5/liberiawork.jpg',45,'EFO staff with members of the Lakka Community',NULL,NULL,'EFO staff with members of the Lakka Community'),('','cms_page_media/16/teaching-uganda.jpg',47,'EFO\'s Director conducting a training workshop in eastern Uganda',NULL,NULL,'EFO\'s Director conducting a training workshop in eastern Uganda'),('','cms_page_media/18/10.jpg',54,'',NULL,NULL,''),('','cms_page_media/17/west-africa-map.gif',55,'',NULL,NULL,'');
/*!40000 ALTER TABLE `cmsplugin_picture` ENABLE KEYS */;
UNLOCK TABLES;

--
-- Table structure for table `cmsplugin_randomentriesplugin`
--

DROP TABLE IF EXISTS `cmsplugin_randomentriesplugin`;
SET @saved_cs_client     = @@character_set_client;
SET character_set_client = utf8;
CREATE TABLE `cmsplugin_randomentriesplugin` (
  `cmsplugin_ptr_id` int(11) NOT NULL,
  `number_of_entries` int(11) default '5',
  `template_to_render` varchar(250) NOT NULL,
  PRIMARY KEY  (`cmsplugin_ptr_id`)
) ENGINE=MyISAM DEFAULT CHARSET=latin1;
SET character_set_client = @saved_cs_client;

--
-- Dumping data for table `cmsplugin_randomentriesplugin`
--

LOCK TABLES `cmsplugin_randomentriesplugin` WRITE;
/*!40000 ALTER TABLE `cmsplugin_randomentriesplugin` DISABLE KEYS */;
/*!40000 ALTER TABLE `cmsplugin_randomentriesplugin` ENABLE KEYS */;
UNLOCK TABLES;

--
-- Table structure for table `cmsplugin_selectedentriesplugin`
--

DROP TABLE IF EXISTS `cmsplugin_selectedentriesplugin`;
SET @saved_cs_client     = @@character_set_client;
SET character_set_client = utf8;
CREATE TABLE `cmsplugin_selectedentriesplugin` (
  `cmsplugin_ptr_id` int(11) NOT NULL,
  `template_to_render` varchar(250) NOT NULL,
  PRIMARY KEY  (`cmsplugin_ptr_id`)
) ENGINE=MyISAM DEFAULT CHARSET=latin1;
SET character_set_client = @saved_cs_client;

--
-- Dumping data for table `cmsplugin_selectedentriesplugin`
--

LOCK TABLES `cmsplugin_selectedentriesplugin` WRITE;
/*!40000 ALTER TABLE `cmsplugin_selectedentriesplugin` DISABLE KEYS */;
/*!40000 ALTER TABLE `cmsplugin_selectedentriesplugin` ENABLE KEYS */;
UNLOCK TABLES;

--
-- Table structure for table `cmsplugin_snippetptr`
--

DROP TABLE IF EXISTS `cmsplugin_snippetptr`;
SET @saved_cs_client     = @@character_set_client;
SET character_set_client = utf8;
CREATE TABLE `cmsplugin_snippetptr` (
  `cmsplugin_ptr_id` int(11) NOT NULL,
  `snippet_id` int(11) NOT NULL,
  UNIQUE KEY `cmsplugin_ptr_id` (`cmsplugin_ptr_id`),
  KEY `snippet_snippetptr_37e31bc4` (`snippet_id`)
) ENGINE=MyISAM DEFAULT CHARSET=latin1;
SET character_set_client = @saved_cs_client;

--
-- Dumping data for table `cmsplugin_snippetptr`
--

LOCK TABLES `cmsplugin_snippetptr` WRITE;
/*!40000 ALTER TABLE `cmsplugin_snippetptr` DISABLE KEYS */;
INSERT INTO `cmsplugin_snippetptr` VALUES (58,1);
/*!40000 ALTER TABLE `cmsplugin_snippetptr` ENABLE KEYS */;
UNLOCK TABLES;

--
-- Table structure for table `cmsplugin_text`
--

DROP TABLE IF EXISTS `cmsplugin_text`;
SET @saved_cs_client     = @@character_set_client;
SET character_set_client = utf8;
CREATE TABLE `cmsplugin_text` (
  `body` longtext NOT NULL,
  `cmsplugin_ptr_id` int(11) NOT NULL,
  UNIQUE KEY `cmsplugin_ptr_id` (`cmsplugin_ptr_id`)
) ENGINE=MyISAM DEFAULT CHARSET=latin1;
SET character_set_client = @saved_cs_client;

--
-- Dumping data for table `cmsplugin_text`
--

LOCK TABLES `cmsplugin_text` WRITE;
/*!40000 ALTER TABLE `cmsplugin_text` DISABLE KEYS */;
INSERT INTO `cmsplugin_text` VALUES ('<p>Some amazing text</p>',30),('<p><img src=\"../../../../../../site_media/media/files/images/vaccine-fridge.jpg\" alt=\"fridgey\" width=\"100\" height=\"100\" /></p>\r\n<p>&nbsp;</p>\r\n<p>bollix and big ones at that</p>',31),('<p>If you want to ask us any questions about specific projects please email us at <a title=\"Send EFO email\" href=\"mailto:info@energyforoppotunity.org\">mail@energyforopportunity.org</a></p>',32),('<p>bit of text that will appear on the programmes listing page</p>',24),('<p>&copy; 2011 Energy For Opportunity</p>',28),('<p>An estimated two billion people lack  direct access to electricity  networks, meaning that the twenty-four hour  electricity that is present  in all developed countries is a distant and  unobtainable luxury to  nearly a third of the world&rsquo;s population. It is  also now evident that  mass electrical supply through grid networks is no  longer a realistic  and feasible reality for much of the world&rsquo;s  population. Furthermore,  the worldwide threat of climate change is  becoming increasingly  apparent, as the international community realizes  the need to  dramatically change the way it is developing and living if  its impacts  are to be minimized. The promotion and dissemination of  solar power can  help to address the above, by providing innovative  energy solutions  for remote communities, while also reflecting a  development strategy  that is sensitive to global environmental concerns.</p>\r\n<p style=\"text-align: justify;\">Small scale solar installation projects  offer a direct, safe and environmentally friendly way to provide modern  electricity to communities across West Africa. With solar, community  health clinics can have vaccine fridges, schools can hold night-classes,  individuals can listen to radios, water can be pumped for agriculture,  and households can be lit up; meanwhile burdens such as water and fuel  collecting are dramatically reduced. Solar power is an appropriate  technology to engage with and improve the livelihoods of West African  communities, while also being reflective of the global need to have a  development process which has a minimal impact on global environmental  commons. EFO&rsquo;s work with solar is thus a reflection of a development  strategy that is appreciative of both local and global concerns.</p>',33),('<p>Six photovoltaic solar panels installed at a District Council Administrative Building, Kambia Town, Kambia District.</p>',50),('<p>Energy For Opportunity&rsquo;s two founders first met while living and working  with Community Based Organizations in rural Uganda. This was an  experience that introduced them both to the unique challenges that the  African environment can present in the development and implementation of  community-driven sustainable projects. This initial collaboration led  to further opportunities in Sierra Leone and Liberia through work with  the Environmental Foundation for Africa, where they implemented a  large-scale solar electricity installation project in twelve schools and  health clinics in refugee affected areas across Liberia. This was soon  followed with further solar installations on Tiwai Island, an  eco-tourism and research site in the south-east of Sierra Leone.</p>\r\n<p>The above projects were not only a great success, but also provided a  variety of learning experiences relating to the challenges and  opportunities that&nbsp; the implementation of renewable energy projects in the  region could present. It was evident that renewable energy was being  heavily underutilized in West Africa, a technology that could play a  major role in addressing deficit in energy supply that the majority of  the region&rsquo;s populace face. Energy For Opportunity naturally grew  out of these experiences, the creation of an organization that aims to <em>effectively</em> and <em>efficiently</em> disseminate renewable energy to areas in Africa where the need is  greatest. The organization has continued to evolve as other partners have  joined and contributed their experiences and areas of expertise.</p>',34),('<p>EFO\'s Director Simon Willans conducting a training workshop in eastern Uganda</p>',57),('<div>\r\n<p>Energy For Opportunity&rsquo;s strategy is to develop innovative ways in which to both promote and implement the use of renewable energy. The emphasis therefore is not only on direct solar installation projects (in health clinics, schools, community centers etc.), but also on solar training for students in partnership with local education institutions and the active promotion of the use of renewable energies in the offices and projects of government bodies and international organizations. Thus the objective is not just to deliver renewable electricity through projects, but also instill a philosophy of renewable energy use across the broader community.</p>\r\n<p>EFO focuses its work exclusively in West Africa, a region where the need for alternative forms of energy is greatest. It is a region that the United Nations ranks as having eight out of the twenty least developed countries in the world. Energy For Opportunity has established a locally managed regional office in Sierra Leone and is developing programs with other local partners in West Africa. The strategy being to establish long-term partnerships, with EFO providing any necessary expertise and support while increasing local technical capacity. This strategy is derived from EFO&rsquo;s belief that any international organization working in a development setting should be striving to make their services redundant; the involvement of local partners is one key step in this process.</p>\r\n<p>Please utilize the link below if you wish to find out more information about our base country:</p>\r\n<ul>\r\n<li><a title=\"Sierra Leone Development Profile\" href=\"http://efo.webfactional.com/site_media/media/files/documents/sierra-leone-development-profile.pdf\" target=\"_blank\">Sierra Leone Development Profile</a></li>\r\n</ul>\r\n</div>',37),('<p>Map of West Africa</p>',56),('<h2>Donation FAQ:</h2>\r\n<p><strong><em>1. How much of my donation goes to actual projects?</em></strong>&nbsp;&nbsp; <em><strong></strong></em> <em><strong></strong></em></p>\r\n<p><em><strong>100%!!</strong></em>&nbsp;&nbsp; Every cent donated to us on this site  goes directly to the projects we support, so you can be sure that your  entire donation is providing renewable energy to communities in West  Africa. We cover all additional costs through funding organizations and contract work.</p>\r\n<p><strong><em>2. Do you keep a record of my bank/credit-card details?</em></strong></p>\r\n<p>No. In fact, we never see your bank account or credit card details. Your  transaction is processed securely through PayPal. We receive your  donation (gratefully!) but not your personal financial details.</p>\r\n<p><strong><em>3. Is my donation tax deductible?</em></strong></p>\r\n<p>Yes. But at the moment, we are registered as a charity only in Canada. Our charity number is: 80016 8551  RR0001<br /> Charity status in other countries is coming soon!</p>\r\n<p><strong><em>4. Can I donate in other currencies?</em></strong></p>\r\n<p>Yes. You can donate using a credit card in any currency you wish &ndash;  PayPal will convert it for you. If you are donating from a currency  different to the ones listed above, we recommend you use US dollars or  Canadian dollars.</p>\r\n<p><strong><em>5. Will you charge me forever for my monthly donation?</em></strong></p>\r\n<p>No. We will accept your donations for a maximum of 24 months, just in  case you need to put that money elsewhere (but we would love you to  renew after that time!). You can also cancel your monthly donation at any earlier time through PayPal.</p>',38),('<p>EFO benefits greatly from your contribution!</p>',39),('<h2>Email</h2>\r\n<p>You can email us at <a title=\"Send Email To Energy For Opportunity\" href=\"mailto:mail@energyforopportunity.org\">mail@energyforopportunity.org</a> or alternatively use the contact for below to send us an email directly:</p>',40),('<h2>Post</h2>\r\n<p>PO Box 1234, Station A<br /> Windsor, Ontario,<br /> Canada, N9A6P8</p>\r\n<h2>Phone</h2>\r\n<p>Canada: +1 (519) 817-5775<br /> Sierra Leone: +232&nbsp;76&nbsp;692155</p>',41),('<h2>Visit</h2>\r\n<p>95 Regent Rd,<br /> Lumley,<br /> Sierra Leone</p>',42),('<h2>Social Media</h2>\r\n<p>You can also follow the latest EFO related news and activities on social media or subscribe to our blog feed....</p>',44),('<p>Energy For Opportunity (EFO) is a not-for-profit organization working to improve livelihoods in West Africa through the provision and installation of clean, sustainable, photovoltaic, electricity-generating infrastructure. It was established in 2008 by two individuals, Simon Willans and Paul Munro, who had previously worked together on a number of renewable&nbsp;energy projects in Sierra Leone, Liberia and Uganda. The organization has continued to grow, as numerous other people have joined the cause, helping EFO towards the achievement of its goals.</p>\r\n<p>The need for EFO&rsquo;s work is clearly evident, with a large proportion of the world&rsquo;s population lacking access to modern forms of electricity, a problem that is particularly acute in West Africa, which is home to some of the least developed regions in the world. EFO works directly with local partners in its target countries to implement projects in four related program areas: Skills Training, Livelihoods, Health and Education. The organization also supports efforts to mainstream solar power in the region through its Promoting Solar programme, working with a variety of partners, including International Non-Governmental Organizations, Government Bodies and Private Sector entities.&nbsp;</p>\r\n<p>Energy For Opportunity is a registered charity in Canada (80016 8551 RR0001) and is pursuing its registration in Australia. The organization is represented in the region through a locally registered affiliate, based in Sierra Leone (NNGO186 2011-2012), that not only directly implements its own programmes and projects but also acts as a hub for the organization to expand across the region. This governance arrangement allows EFO to connect with the larger international community while developing vital local networks.&nbsp;&nbsp; &nbsp;</p>\r\n<p>&nbsp;</p>',29),('<p>EFO staff with workers from the Saclepea Community Clinic&nbsp;</p>',46);
/*!40000 ALTER TABLE `cmsplugin_text` ENABLE KEYS */;
UNLOCK TABLES;

--
-- Table structure for table `django_admin_log`
--

DROP TABLE IF EXISTS `django_admin_log`;
SET @saved_cs_client     = @@character_set_client;
SET character_set_client = utf8;
CREATE TABLE `django_admin_log` (
  `id` int(11) NOT NULL auto_increment,
  `action_time` datetime NOT NULL,
  `user_id` int(11) NOT NULL,
  `content_type_id` int(11) default NULL,
  `object_id` longtext,
  `object_repr` varchar(200) NOT NULL,
  `action_flag` smallint(5) unsigned NOT NULL,
  `change_message` longtext NOT NULL,
  PRIMARY KEY  (`id`),
  KEY `django_admin_log_403f60f` (`user_id`),
  KEY `django_admin_log_1bb8f392` (`content_type_id`)
) ENGINE=MyISAM AUTO_INCREMENT=370 DEFAULT CHARSET=latin1;
SET character_set_client = @saved_cs_client;

--
-- Dumping data for table `django_admin_log`
--

LOCK TABLES `django_admin_log` WRITE;
/*!40000 ALTER TABLE `django_admin_log` DISABLE KEYS */;
INSERT INTO `django_admin_log` VALUES (1,'2011-04-09 14:31:56',1,39,'3','Home',1,''),(2,'2011-04-09 14:32:07',1,39,'3','Home',3,''),(3,'2011-04-09 14:32:15',1,39,'2','',3,''),(4,'2011-04-09 14:32:19',1,39,'1','',3,''),(5,'2011-04-09 14:32:45',1,39,'4','Home',1,''),(6,'2011-04-09 14:33:42',1,39,'4','Home',2,'Changed published, in_navigation and moderator_state.'),(7,'2011-04-11 17:41:26',1,39,'4','Home',2,'Changed template, language and moderator_state.'),(8,'2011-04-12 12:03:38',1,39,'5','About us',1,''),(9,'2011-04-12 12:06:19',1,39,'5','About us',2,'Changed published, in_navigation, language and moderator_state.'),(10,'2011-04-12 12:33:25',1,39,'4','Home',2,'Changed in_navigation, language and moderator_state.'),(11,'2011-04-12 12:37:01',1,39,'6','Uber Parent Meta',1,''),(12,'2011-04-12 12:37:13',1,39,'6','Uber Parent Meta',2,'Changed language and moderator_state.'),(13,'2011-04-12 12:42:42',1,39,'6','Uber Parent Meta',2,'Changed title, slug, language and moderator_state.'),(14,'2011-04-12 13:09:11',1,39,'7','People',1,''),(15,'2011-04-12 13:09:23',1,39,'7','People',2,'Changed published, in_navigation, language and moderator_state.'),(16,'2011-04-12 13:49:48',1,39,'5','About us',2,'Changed reverse_id, language and moderator_state.'),(17,'2011-04-12 13:54:16',1,39,'8','projects',1,''),(18,'2011-04-12 13:54:50',1,39,'9','health',1,''),(19,'2011-04-12 13:55:03',1,39,'9','health',2,'Changed published, in_navigation, language and moderator_state.'),(20,'2011-04-12 13:55:24',1,39,'8','projects',2,'Changed published, in_navigation, language and moderator_state.'),(21,'2011-04-12 13:57:48',1,39,'10','Education',1,''),(22,'2011-04-12 13:58:09',1,39,'10','Education',2,'Changed published, in_navigation, language and moderator_state.'),(23,'2011-04-12 16:24:52',1,39,'9','health',3,''),(24,'2011-04-12 16:25:02',1,39,'10','Education',3,''),(25,'2011-04-12 16:25:36',1,39,'8','projects',2,'Changed title, slug, language and moderator_state.'),(26,'2011-04-12 16:29:43',1,63,'1','Health',1,''),(27,'2011-04-12 16:40:57',1,39,'8','Programmes',2,'Changed navigation_extenders, language and moderator_state.'),(28,'2011-04-12 17:25:53',1,39,'8','Programmes',2,'Changed navigation_extenders, language and moderator_state.'),(29,'2011-04-12 17:58:05',1,39,'8','Programmes',2,'Changed application_urls, language and moderator_state.'),(30,'2011-04-12 18:41:22',1,63,'2','Education',1,''),(31,'2011-04-12 19:14:04',1,39,'11','programmes info',1,''),(32,'2011-04-12 19:14:50',1,39,'11','programmes info',2,'Changed published, language and moderator_state.'),(33,'2011-04-12 19:16:02',1,39,'11','programmes info',2,'Changed reverse_id, language and moderator_state.'),(34,'2011-04-12 19:18:32',1,39,'8','Programmes',2,'Changed language and moderator_state.'),(35,'2011-04-13 08:40:37',1,39,'8','Programmes',2,'Changed reverse_id, language and moderator_state.'),(36,'2011-04-13 08:47:07',1,39,'11','programmes info',3,''),(37,'2011-04-13 08:47:30',1,39,'12','Programme Detail',1,''),(38,'2011-04-13 08:47:48',1,39,'12','Programme Detail',2,'Changed published, reverse_id, language and moderator_state.'),(39,'2011-04-13 09:32:33',1,39,'8','Programmes',2,'Changed language and moderator_state.'),(40,'2011-04-13 09:43:51',1,39,'8','Programmes',2,'Changed template, language and moderator_state.'),(41,'2011-04-13 09:53:09',1,39,'12','Programme Detail',3,''),(42,'2011-04-13 10:26:26',1,39,'13','Footer Container',1,''),(43,'2011-04-13 12:01:30',1,39,'13','Footer Container',2,'Changed reverse_id, language and moderator_state.'),(44,'2011-04-13 14:11:11',1,39,'14','Blog',1,''),(45,'2011-04-13 14:11:31',1,39,'14','Blog',2,'Changed application_urls, language and moderator_state.'),(46,'2011-04-13 14:14:35',1,39,'14','Blog',2,'Changed published, in_navigation, language and moderator_state.'),(47,'2011-04-13 19:17:03',1,68,'1','The Story of  A Fridge: draft',1,''),(48,'2011-04-13 19:58:33',1,68,'1','The Story of  A Fridge: published',2,'No fields changed.'),(49,'2011-04-14 09:22:04',1,39,'14','Blog',2,'Changed navigation_extenders, language and moderator_state.'),(50,'2011-04-14 10:17:21',1,39,'14','Blog',2,'Changed navigation_extenders, language and moderator_state.'),(51,'2011-04-14 10:33:33',1,39,'14','Blog',2,'Changed language and moderator_state.'),(52,'2011-04-14 10:45:32',1,39,'14','Blog',2,'Changed navigation_extenders, language and moderator_state.'),(53,'2011-04-14 10:47:48',1,39,'14','Blog',2,'Changed navigation_extenders, language and moderator_state.'),(54,'2011-04-14 11:14:43',1,39,'14','Blog',2,'Changed navigation_extenders, language and moderator_state.'),(55,'2011-04-14 11:23:03',1,39,'14','Blog',2,'Changed navigation_extenders, language and moderator_state.'),(56,'2011-04-14 11:24:18',1,39,'14','Blog',2,'Changed navigation_extenders, language and moderator_state.'),(57,'2011-04-14 11:25:52',1,67,'1','health',1,''),(58,'2011-04-14 11:25:57',1,68,'1','The Story of  A Fridge: published',2,'Changed categories.'),(59,'2011-04-14 13:15:59',1,39,'14','Blog',2,'Changed navigation_extenders, language and moderator_state.'),(60,'2011-04-14 16:11:43',1,67,'2','education',1,''),(61,'2011-04-14 18:35:15',1,39,'4','Home',2,'Changed language and moderator_state.'),(62,'2011-04-15 10:39:25',1,39,'4','Home',2,'Changed language and moderator_state.'),(63,'2011-04-15 10:42:31',1,39,'4','Home',2,'Changed language and moderator_state.'),(64,'2011-04-15 10:48:39',1,39,'4','Home',2,'Changed language and moderator_state.'),(65,'2011-04-15 13:05:20',1,56,'1','example.com (home)',1,''),(66,'2011-04-15 13:19:10',1,57,'1','example.com (home)',1,''),(67,'2011-04-15 13:39:25',1,57,'1','example.com (home)',2,'Added feature \"Health\".'),(68,'2011-04-15 14:19:47',1,57,'1','example.com (home)',2,'Changed active for feature \"Health\".'),(69,'2011-04-15 14:28:21',1,39,'4','Home',2,'Changed application_urls, language and moderator_state.'),(70,'2011-04-15 15:59:06',1,63,'2','Education',2,'Added programme image \"/site_media/media/files/images/solar-sinje-roof.jpg\".'),(71,'2011-04-15 16:01:28',1,57,'1','example.com (home)',2,'Changed object_id for feature \"Education\".'),(72,'2011-04-15 18:23:30',1,55,'1','files/images/vaccine-fridge.jpg',2,'Changed image.'),(73,'2011-04-15 18:28:12',1,63,'1','Health',2,'Added programme image \"files/images/solar-sinje-roof.jpg\".'),(74,'2011-04-15 18:29:30',1,57,'1','example.com (home)',2,'Added feature \"Health\".'),(75,'2011-04-15 18:29:53',1,57,'1','example.com (home)',2,'Changed active for feature \"Health\".'),(76,'2011-04-16 11:59:27',1,63,'2','Education',2,'Changed summary and spiele. Added programme image \"files/images/smaller_006.jpg\". Changed caption for programme image \"files/images/vaccine-fridge.jpg\".'),(77,'2011-04-19 14:28:32',1,63,'2','Education',2,'Changed caption for programme image \"files/images/vaccine-fridge.jpg\". Changed caption for programme image \"files/images/smaller_006.jpg\".'),(78,'2011-04-19 16:17:20',1,63,'2','Education',2,'Changed summary.'),(79,'2011-04-19 16:44:12',1,60,'1','ProjectLocation object',1,''),(80,'2011-04-19 16:46:07',1,61,'1','Solar power for Kamakwie Secondary School',1,''),(81,'2011-04-19 16:49:28',1,61,'1','Solar power for Kamakwie Secondary School',2,'Changed spiele.'),(82,'2011-04-19 16:50:17',1,39,'15','Projects',1,''),(83,'2011-04-20 08:10:27',1,39,'15','Projects',2,'Changed published, in_navigation, template, language and moderator_state.'),(84,'2011-04-20 08:10:50',1,39,'15','Projects',2,'Changed navigation_extenders, application_urls, language and moderator_state.'),(85,'2011-04-27 11:45:30',1,61,'1','Solar power for Kamakwie Secondary School',2,'Added project image \"files/images/inveno-makeni.jpg\".'),(86,'2011-04-27 16:29:49',1,8,'1','Programme Staff',1,''),(87,'2011-04-27 16:30:29',1,9,'1','dan.peade@gmail.com',2,'Changed first_name, last_name and groups. Changed biography and avatar for profile \"Dan Peade\".'),(88,'2011-04-27 16:53:24',1,39,'7','People',2,'Changed application_urls, language and moderator_state.'),(89,'2011-04-27 18:16:44',1,8,'2','Australian Directors',1,''),(90,'2011-04-27 18:20:00',1,9,'2','Christiansen-Ame',1,''),(91,'2011-04-27 18:35:26',1,39,'16','How We Formed',1,''),(92,'2011-04-27 18:35:39',1,39,'16','How We Formed',2,'Changed published, in_navigation, language and moderator_state.'),(93,'2011-04-27 18:36:04',1,39,'17','Our Strategy',1,''),(94,'2011-04-27 18:36:39',1,39,'17','Our Strategy',2,'Changed published, in_navigation, language and moderator_state.'),(95,'2011-04-27 18:37:52',1,39,'18','Why Solar',1,''),(96,'2011-04-27 18:38:11',1,39,'18','Why Solar',2,'Changed published, in_navigation, language and moderator_state.'),(97,'2011-04-28 14:21:20',1,9,'1','dan.peade@gmail.com',2,'Changed groups.'),(98,'2011-04-28 15:25:06',1,61,'2','Solar power for Orphans in Kamawkie',1,''),(99,'2011-04-28 16:09:54',1,61,'1','Solar power for Kamakwie Secondary School',2,'Changed programme.'),(100,'2011-04-28 16:28:55',1,39,'19','Contribute',1,''),(101,'2011-04-28 16:39:00',1,39,'19','Contribute',2,'Changed published, in_navigation, language and moderator_state.'),(102,'2011-04-28 17:07:04',1,39,'19','Contribute',2,'Changed template, language and moderator_state.'),(103,'2011-04-28 17:40:49',1,61,'2','Solar power for Orphans in Kamawkie',2,'Added project image \"files/images/playingfootball.jpg\".'),(104,'2011-04-29 11:44:42',1,39,'20','Contact Us',1,''),(105,'2011-04-29 12:00:25',1,39,'20','Contact Us',2,'Changed published, in_navigation, language and moderator_state.'),(106,'2011-04-29 14:34:22',1,39,'20','Contact Us',2,'Changed application_urls, language and moderator_state.'),(107,'2011-04-29 15:24:18',1,39,'20','Contact Us',2,'Changed language and moderator_state.'),(108,'2011-04-30 12:26:58',1,9,'3','Willans-Simon',1,''),(109,'2011-04-30 12:29:07',1,9,'4','Munro-Paul',1,''),(110,'2011-04-30 12:30:26',1,9,'5','Jalloh-Chernor-Marju',1,''),(111,'2011-04-30 12:31:59',1,9,'6','Kabba-Turay-Mohamed',1,''),(112,'2011-04-30 12:32:53',1,8,'3','Canadian Directors',1,''),(113,'2011-04-30 12:33:37',1,9,'7','Munro-Robert',1,''),(114,'2011-04-30 12:44:08',1,9,'8','Krysa-Mike',1,''),(115,'2011-04-30 12:47:34',1,9,'9','Krajcovic-Linda',1,''),(116,'2011-04-30 12:49:35',1,9,'10','Jones-Kevin',1,''),(117,'2011-04-30 12:51:09',1,9,'11','Willans-Matthew',1,''),(118,'2011-04-30 12:53:29',1,9,'12','Grzonkowski-Peter',1,''),(119,'2011-04-30 12:54:51',1,9,'13','Moran-Sean',1,''),(120,'2011-04-30 12:55:54',1,9,'14','Johns-Will',1,''),(121,'2011-04-30 12:57:15',1,9,'15','Munro-Jim',1,''),(122,'2011-04-30 12:58:20',1,9,'2','Christiansen-Ame',2,'Changed profession, biography and avatar for profile \"Ame Christiansen\".'),(123,'2011-04-30 13:02:48',1,9,'3','Willans-Simon',2,'Changed date_joined.'),(124,'2011-04-30 13:08:05',1,39,'7','People',2,'Changed page_title, language and moderator_state.'),(125,'2011-05-01 21:35:52',1,63,'2','Education',2,'Changed summary, needs, objectives, activities, long_term_impact, funding_info and how_to_help.'),(126,'2011-05-01 21:43:24',1,63,'3','Skills Training',1,''),(127,'2011-05-01 21:49:38',1,63,'3','Skills Training',2,'Added programme image \"files/images/programmes/skills_training/students-at-work.jpg\". Added programme image \"files/images/programmes/skills_training/freeman-leading-training.jpg\". Added programme image \"files/images/programmes/skills_training/class-picture.jpg\".'),(128,'2011-05-01 22:03:44',1,63,'4','Development and Livelihoods',1,''),(129,'2011-05-01 22:26:03',1,63,'2','Education',2,'Added programme image \"files/images/programmes/education/kamabai-sss-1-300x225.jpg\". Changed image, caption and summary for programme image \"files/images/programmes/education/primary-school2.jpg\". Changed image and caption for programme image \"files/images/programmes/education/kss2.jpg\".'),(130,'2011-05-01 22:45:02',1,63,'1','Health',2,'Changed summary, needs, objectives, activities, long_term_impact, funding_info and how_to_help. Added programme image \"files/images/programmes/health/vaccine-fridge.jpg\". Added programme image \"files/images/programmes/health/health-centre-300x225.jpg\". Changed image, caption and summary for programme image \"files/images/programmes/health/solar-sinje-roof-300x224.jpg\".'),(131,'2011-05-01 22:46:18',1,63,'4','Livelihoods',2,'Changed name.'),(132,'2011-05-02 10:16:38',1,63,'4','Livelihoods',2,'Changed how_to_help.'),(133,'2011-05-02 10:17:58',1,63,'3','Skills Training',2,'Changed how_to_help.'),(134,'2011-05-02 10:18:17',1,63,'2','Education',2,'Changed how_to_help.'),(135,'2011-05-02 10:18:57',1,63,'1','Health',2,'Changed how_to_help.'),(136,'2011-05-02 10:34:03',1,68,'1','The Story of  A Fridge: published',3,''),(137,'2011-05-02 10:41:25',1,67,'2','education',3,''),(138,'2011-05-02 10:41:25',1,67,'1','health',3,''),(139,'2011-05-02 10:41:25',1,67,'4','Uncategorized',3,''),(140,'2011-05-02 10:41:25',1,67,'5','Website',3,''),(141,'2011-05-02 20:33:49',1,39,'6','Uber Meta Parent',2,'Changed redirect, language and moderator_state.'),(142,'2011-05-02 21:12:15',1,8,'4','Site Editor',1,''),(143,'2011-05-02 21:14:40',1,9,'1','dan.peade@gmail.com',2,'No fields changed.'),(144,'2011-05-02 21:16:30',1,9,'2','Christiansen-Ame',2,'Changed is_superuser and groups.'),(145,'2011-05-02 21:23:05',1,8,'4','Site Editor',2,'Changed permissions.'),(146,'2011-07-02 11:38:37',1,57,'1','example.com (home)',2,'Changed object_id for feature \"Health\".'),(147,'2011-07-02 11:39:04',1,57,'1','example.com (home)',2,'Changed content_type for feature \"Solar power for Kamakwie Secondary School\".'),(148,'2011-07-02 12:24:07',1,57,'1','example.com (home)',2,'Deleted feature \"Solar power for Kamakwie Secondary School\".'),(149,'2011-07-02 12:25:49',1,57,'1','example.com (home)',2,'Added feature \"Livelihoods\". Changed feature_summary and order for feature \"Health\".'),(150,'2011-07-02 12:27:15',1,63,'1','Health',2,'Changed summary for programme image \"files/images/programmes/health/solar-sinje-roof-300x224.jpg\". Changed feature for programme image \"files/images/programmes/health/health-centre-300x225.jpg\".'),(151,'2011-07-02 12:27:59',1,63,'1','Health',2,'Changed summary for programme image \"files/images/programmes/health/vaccine-fridge.jpg\". Changed feature for programme image \"files/images/programmes/health/health-centre-300x225.jpg\".'),(152,'2011-07-02 12:42:18',1,63,'1','Health',2,'Changed summary for programme image \"files/images/programmes/health/vaccine-fridge.jpg\". Changed feature and summary for programme image \"files/images/programmes/health/health-centre-300x225.jpg\".'),(153,'2011-07-02 12:43:52',1,63,'4','Livelihoods',2,'Changed summary for programme image \"files/images/programmes/community_development/water-pump-light1.jpg\". Changed feature and summary for programme image \"files/images/programmes/community_development/charging-station-thrive2.jpg\".'),(154,'2011-07-02 14:11:06',1,61,'1','Solar power for Kamakwie Secondary School',2,'Changed donors, date_finished, system_size, direct_beneficiaries and indirect_beneficiaries.'),(155,'2011-07-02 14:11:52',1,61,'1','Solar power for Kamakwie Secondary School',2,'Changed date_finished.'),(156,'2011-07-02 14:12:12',1,61,'1','Solar power for Kamakwie Secondary School',2,'Changed date_finished.'),(157,'2011-07-02 14:45:57',1,63,'5','Social Enterprise',1,''),(158,'2011-07-02 17:37:19',1,63,'5','Social Enterprise',2,'Added programme image \"files/images/programmes/social_enterprise/beckham.jpg\".'),(159,'2011-08-13 15:32:28',1,61,'2','Solar power for Orphans in Kamawkie',3,''),(160,'2011-08-13 15:36:05',1,61,'1','Solar power for Kamakwie Secondary School',2,'Changed summary. Deleted project image \"files/images/kamakwie-school.jpg\". Deleted project image \"files/images/inveno-makeni.jpg\".'),(161,'2011-08-13 16:03:35',1,61,'1','Solar power for Kamakwie Secondary School',2,'Changed spiele. Added project image \"files/images/projects/kamakwie_secondary_school/1.jpg\". Added project image \"files/images/projects/kamakwie_secondary_school/2.jpg\". Added project image \"files/images/projects/kamakwie_secondary_school/3.jpg\". Added project image \"files/images/projects/kamakwie_secondary_school/4.jpg\". Added project image \"files/images/projects/kamakwie_secondary_school/5.jpg\".'),(162,'2011-08-13 16:03:53',1,61,'1','Solar power for Kamakwie Secondary School',2,'Changed feature and summary for project image \"files/images/projects/kamakwie_secondary_school/5.jpg\".'),(163,'2011-08-13 16:50:00',1,61,'1','Solar power for Kamakwie Secondary School',2,'No fields changed.'),(164,'2011-08-13 16:52:57',1,60,'2','Kamabai, Sierra Leone',1,''),(165,'2011-08-13 17:01:27',1,61,'3','Kamabai Secondary School',1,''),(166,'2011-08-13 17:02:42',1,61,'3','Kamabai Secondary School',2,'Changed spiele.'),(167,'2011-08-13 17:05:02',1,61,'3','Kamabai Secondary School',2,'No fields changed.'),(168,'2011-08-13 17:06:24',1,60,'3','Gbendemu, Sierra Leone',1,''),(169,'2011-08-13 17:15:29',1,61,'4','Gbendembu Baptist Secondary School',1,''),(170,'2011-08-13 17:17:04',1,61,'4','Gbendembu Baptist Secondary School',2,'No fields changed.'),(171,'2011-08-13 17:20:29',1,60,'4','Kono, Sierra Leone',1,''),(172,'2011-08-13 17:30:37',1,61,'5','Welbodi Clinic Kono with EWB Princeton',1,''),(173,'2011-08-13 17:31:40',1,61,'5','Welbodi Clinic Kono with EWB Princeton',2,'No fields changed.'),(174,'2011-08-13 18:14:40',1,60,'5','Kailahun, Sierra Leone',1,''),(175,'2011-08-13 18:25:45',1,61,'6','Kailahun Government Hospital',1,''),(176,'2011-08-13 18:26:28',1,61,'6','Kailahun Government Hospital',2,'Changed feature and summary for project image \"files/images/projects/kailahun_government_hospital/6.jpg\".'),(177,'2011-08-13 18:27:24',1,61,'6','Kailahun Government Hospital',2,'No fields changed.'),(178,'2011-08-13 18:37:19',1,61,'7','Kamakwie Hospital',1,''),(179,'2011-08-13 18:37:58',1,61,'7','Kamakwie Hospital',2,'No fields changed.'),(180,'2011-08-13 18:40:40',1,60,'6','Freetown, Sierra Leone',1,''),(181,'2011-08-13 18:44:17',1,61,'8','Rokupa Government Hospital',1,''),(182,'2011-08-13 18:45:12',1,61,'8','Rokupa Government Hospital',2,'No fields changed.'),(183,'2011-08-14 13:00:00',1,60,'7','Kamaso, Sierra Leone',1,''),(184,'2011-08-14 13:28:15',1,61,'9','Kamaso Solar Irrigation Workshops',1,''),(185,'2011-08-14 13:30:21',1,61,'9','Kamaso Solar Irrigation Workshops',2,'Changed programme.'),(186,'2011-08-14 13:31:17',1,61,'9','Kamaso Solar Irrigation',2,'Changed name.'),(187,'2011-08-14 13:36:14',1,61,'9','Kamaso Solar Irrigation',2,'Changed summary, spiele, date_started, date_finished, system_size and direct_beneficiaries.'),(188,'2011-08-14 13:42:21',1,61,'9','Kamaso Solar Irrigation',2,'No fields changed.'),(189,'2011-08-14 13:50:28',1,60,'8','Freetown, Sierra Leone',1,''),(190,'2011-08-14 14:24:25',1,61,'10','River Number 2 Eco-Tourism Resort',1,''),(191,'2011-08-14 14:27:30',1,63,'5','Promoting Solar',2,'Changed name.'),(192,'2011-08-14 14:37:13',1,61,'11','Kamakwie Community Centre',1,''),(193,'2011-08-14 14:38:47',1,61,'11','Kamakwie Community Centre',2,'No fields changed.'),(194,'2011-08-14 14:49:06',1,61,'12','Lakka Community Centre',1,''),(195,'2011-08-14 14:49:55',1,61,'12','Lakka Community Centre',2,'No fields changed.'),(196,'2011-08-14 14:51:36',1,60,'9','Liberia',1,''),(197,'2011-08-14 14:59:07',1,61,'13','Liberia UNICEF',1,''),(198,'2011-08-14 15:00:41',1,61,'13','Liberia UNICEF',2,'No fields changed.'),(199,'2011-08-14 15:03:57',1,60,'10','Makeni, Sierra Leone',1,''),(200,'2011-08-14 15:10:52',1,61,'14','Microfinance Offices in Makeni with Inveneo',1,''),(201,'2011-08-14 15:12:24',1,61,'14','Microfinance Offices in Makeni with Inveneo',2,'Changed spiele.'),(202,'2011-08-14 15:29:47',1,61,'15','SLAFU and WHH Offices',1,''),(203,'2011-08-14 15:30:37',1,61,'15','SLAFU and WHH Offices',2,'No fields changed.'),(204,'2011-08-14 15:47:15',1,61,'16','Gbendembu Solar Training',1,''),(205,'2011-08-14 15:47:33',1,61,'16','Gbendembu Solar Training',2,'Changed feature and summary for project image \"files/images/projects/gbendembu_solar_training/2.jpg\".'),(206,'2011-08-14 15:48:27',1,61,'16','Gbendembu Solar Training',2,'Changed spiele.'),(207,'2011-08-14 15:48:53',1,61,'16','Gbendembu Solar Training',2,'Changed spiele.'),(208,'2011-08-14 15:49:10',1,61,'16','Gbendembu Solar Training',2,'No fields changed.'),(209,'2011-08-14 16:35:43',1,61,'17','GTI',1,''),(210,'2011-08-14 16:39:48',1,61,'17','GTI',2,'No fields changed.'),(211,'2011-08-14 16:54:21',1,61,'18','Kamabai and Mattru Jong Community Charging Stations',1,''),(212,'2011-08-14 16:55:57',1,61,'18','Kamabai and Mattru Jong Community Charging Stations',2,'Changed spiele.'),(213,'2011-08-14 16:56:25',1,61,'18','Kamabai and Mattru Jong Community Charging Stations',2,'Changed spiele.'),(214,'2011-08-14 17:03:37',1,61,'9','Kamaso Solar Irrigation',2,'Changed image for project image \"files/images/projects/kamaso_solar_irrigation_install/1.jpg\". Changed image for project image \"files/images/projects/kamaso_solar_irrigation_install/2.jpg\". Changed image for project image \"files/images/projects/kamaso_solar_irrigation_install/3.jpg\". Changed image for project image \"files/images/projects/kamaso_solar_irrigation_install/3.jpg\". Changed image for project image \"files/images/projects/kamaso_solar_irrigation_install/5.jpg\". Changed image for project image \"files/images/projects/kamaso_solar_irrigation_install/6.jpg\". Changed image for project image \"files/images/projects/kamaso_solar_irrigation_install/7.jpg\". Changed image for project image \"files/images/projects/kamaso_solar_irrigation_install/8.jpg\". Changed image for project image \"files/images/projects/kamaso_solar_irrigation_install/9.jpg\". Changed image for project image \"files/images/projects/kamaso_solar_irrigation_install/10.jpg\".'),(215,'2011-08-14 17:17:59',1,61,'19','Kamaso Solar Irrigation Workshops',1,''),(216,'2011-08-14 17:18:55',1,61,'19','Kamaso Solar Irrigation Workshops',2,'No fields changed.'),(217,'2011-08-14 17:21:23',1,60,'11','Lakka, Sierra Leone',1,''),(218,'2011-08-14 17:30:44',1,61,'20','Lakka Community Centre Solar Workshops',1,''),(219,'2011-08-14 17:31:37',1,61,'20','Lakka Community Centre Solar Workshops',2,'No fields changed.'),(220,'2011-08-14 17:35:07',1,60,'12','Mzuzu, Malawi',1,''),(221,'2011-08-14 17:44:19',1,61,'21','Malawi Training',2,'Added project image \"files/images/projects/malawi_training/2.jpg\".'),(222,'2011-08-14 17:46:45',1,61,'21','Malawi Training',2,'No fields changed.'),(223,'2011-08-14 17:57:13',1,60,'13','Tombo, Sierra Leone',1,''),(224,'2011-08-14 17:57:26',1,61,'15','SLAFU, WHH and Tombo Offices',2,'Changed name, summary, spiele, location, date_finished, system_size, direct_beneficiaries and indirect_beneficiaries.'),(225,'2011-08-14 18:06:21',1,60,'14','Port Loko, Sierra Leone',1,''),(226,'2011-08-14 18:06:53',1,61,'22','St Martins Orphanage',1,''),(227,'2011-08-14 18:09:02',1,60,'15','Kamalo, Sierra Leone',1,''),(228,'2011-08-14 18:09:30',1,61,'23','Kamalo Health Clinic',1,''),(229,'2011-08-14 18:11:43',1,61,'24','Kamalo Primary School',1,''),(230,'2011-08-14 18:13:17',1,61,'25','Kamakwie Maternal Health Centre',1,''),(231,'2011-08-14 18:17:48',1,63,'2','Education',2,'Deleted programme image \"files/images/programmes/education/primary-school2.jpg\". Deleted programme image \"files/images/programmes/education/kss2.jpg\". Deleted programme image \"files/images/programmes/education/kamabai-sss-1-300x225.jpg\".'),(232,'2011-08-14 18:22:22',1,63,'2','Education',2,'Added programme image \"files/images/programmes/education/1.jpg\". Added programme image \"files/images/programmes/education/2.jpg\". Added programme image \"files/images/programmes/education/3.jpg\". Added programme image \"files/images/programmes/education/4.jpg\".'),(233,'2011-08-14 18:24:21',1,63,'4','Livelihoods',2,'Deleted programme image \"files/images/programmes/community_development/street-light2.jpg\". Deleted programme image \"files/images/programmes/community_development/charging-station-thrive2.jpg\".'),(234,'2011-08-14 18:27:54',1,63,'4','Livelihoods',2,'Changed image, caption, feature and summary for programme image \"files/images/programmes/livelihoods/1.jpg\".'),(235,'2011-08-14 18:29:03',1,9,'14','Johns-Will',2,'Changed groups.'),(236,'2011-08-14 18:32:20',1,9,'17','Tarawally-Idrissa',1,''),(237,'2011-08-14 18:33:00',1,9,'17','Tarawally-Idrissa',2,'Changed profession for profile \"Idrissa Tarawally\".'),(238,'2011-08-14 18:37:24',1,39,'5','About us',2,'Changed template, language and moderator_state.'),(239,'2011-08-14 18:43:52',1,39,'5','About us',2,'Changed language and moderator_state.'),(240,'2011-08-14 18:46:06',1,39,'16','How We Formed',2,'Changed template, language and moderator_state.'),(241,'2011-08-14 18:49:23',1,39,'18','Why Solar',2,'Changed template, language and moderator_state.'),(242,'2011-08-14 18:51:44',1,39,'17','Our Strategy',2,'Changed template, language and moderator_state.'),(243,'2011-08-14 18:55:56',1,63,'5','Promoting Solar',2,'Changed image and caption for programme image \"files/images/programmes/promoting_solar/placeholder.jpg\". Deleted programme image \"files/images/programmes/social_enterprise/beckham.jpg\".'),(244,'2011-08-14 18:57:28',1,63,'3','Skills Training',2,'Deleted programme image \"files/images/programmes/skills_training/freeman-leading-training.jpg\". Deleted programme image \"files/images/programmes/skills_training/class-picture.jpg\".'),(245,'2011-08-14 18:58:37',1,63,'3','Skills Training',2,'Changed image, caption and feature for programme image \"files/images/programmes/skills_training/placeholder.jpg\".'),(246,'2011-08-14 18:59:35',1,63,'1','Health',2,'Deleted programme image \"files/images/programmes/health/vaccine-fridge.jpg\". Deleted programme image \"files/images/programmes/health/health-centre-300x225.jpg\".'),(247,'2011-08-14 19:03:20',1,63,'1','Health',2,'Changed image, caption, feature and summary for programme image \"files/images/programmes/health/placeholder.jpg\".'),(248,'2011-08-14 19:05:27',1,63,'4','Livelihoods',2,'Changed how_to_help.'),(249,'2011-08-14 19:11:41',1,9,'3','Willans-Simon',2,'Changed is_staff and is_superuser.'),(250,'2011-08-15 01:07:34',3,63,'5','Promoting Solar',2,'Changed summary, needs, objectives, activities, long_term_impact, funding_info and how_to_help.'),(251,'2011-08-15 01:10:00',3,63,'5','Promoting Solar',2,'Changed needs.'),(252,'2011-08-15 01:13:00',3,63,'5','Promoting Solar',2,'Changed long_term_impact.'),(253,'2011-08-15 01:25:30',3,63,'4','Livelihoods',2,'Changed summary.'),(254,'2011-08-15 01:39:58',3,63,'4','Livelihoods',2,'Changed needs, objectives, activities, funding_info and how_to_help.'),(255,'2011-08-15 01:42:10',3,63,'4','Livelihoods',2,'No fields changed.'),(256,'2011-08-15 01:55:14',3,63,'3','Skills Training',2,'Changed summary, needs, objectives, activities, funding_info and how_to_help.'),(257,'2011-08-15 02:14:03',3,63,'2','Education',2,'Changed summary, needs, objectives, activities and funding_info.'),(258,'2011-08-15 02:16:29',3,63,'2','Education',2,'Changed how_to_help.'),(259,'2011-08-15 02:17:12',3,63,'2','Education',2,'Changed how_to_help.'),(260,'2011-08-15 02:23:12',3,63,'1','Health',2,'Changed summary, needs, objectives, activities, funding_info and how_to_help.'),(261,'2011-08-15 21:59:31',1,61,'3','Kamabai Secondary School',2,'Changed spiele.'),(262,'2011-08-15 22:45:17',1,61,'4','Gbendembu Baptist Secondary School',2,'Changed spiele.'),(263,'2011-08-15 22:46:21',1,61,'4','Gbendembu Baptist Secondary School',2,'No fields changed.'),(264,'2011-08-15 22:47:28',1,61,'4','Gbendembu Baptist Secondary School',2,'Changed spiele.'),(265,'2011-08-15 22:50:45',1,61,'5','Welbodi Clinic Kono with EWB Princeton',2,'Changed spiele.'),(266,'2011-08-15 22:52:07',1,61,'6','Kailahun Government Hospital',2,'Changed spiele.'),(267,'2011-08-15 22:53:33',1,61,'7','Kamakwie Hospital',2,'Changed spiele.'),(268,'2011-08-15 22:54:49',1,61,'8','Rokupa Government Hospital',2,'Changed spiele.'),(269,'2011-08-15 22:56:05',1,61,'9','Kamaso Solar Irrigation',2,'Changed spiele.'),(270,'2011-08-15 22:57:02',1,61,'10','River Number 2 Eco-Tourism Resort',2,'Changed spiele.'),(271,'2011-08-15 22:58:10',1,61,'11','Kamakwie Community Centre',2,'Changed spiele.'),(272,'2011-08-15 22:59:29',1,61,'12','Lakka Community Centre',2,'Changed spiele.'),(273,'2011-08-15 23:00:42',1,61,'15','SLAFU, WHH and Tombo Offices',2,'Changed spiele.'),(274,'2011-08-15 23:01:41',1,61,'16','Gbendembu Solar Training',2,'Changed spiele.'),(275,'2011-08-15 23:02:52',1,61,'18','Kamabai and Mattru Jong Community Charging Stations',2,'Changed spiele.'),(276,'2011-08-15 23:03:51',1,61,'19','Kamaso Solar Irrigation Workshops',2,'Changed spiele.'),(277,'2011-08-15 23:04:53',1,61,'20','Lakka Community Centre Solar Workshops',2,'Changed spiele.'),(278,'2011-08-15 23:05:48',1,61,'22','St Martins Orphanage',2,'Changed spiele.'),(279,'2011-08-15 23:11:58',1,39,'8','Programmes',2,'Changed language and moderator_state.'),(280,'2011-08-15 23:15:30',1,39,'15','Projects',2,'Changed language and moderator_state.'),(281,'2011-08-16 21:06:13',1,63,'2','Education',2,'Deleted programme image \"files/images/programmes/education/3.jpg\". Deleted programme image \"files/images/programmes/education/2.jpg\". Deleted programme image \"files/images/programmes/education/1.jpg\". Deleted programme image \"files/images/programmes/education/4.jpg\".'),(282,'2011-08-16 21:12:51',1,63,'2','Education',2,'Added programme image \"files/images/programmes/education/1.jpg\". Added programme image \"files/images/programmes/education/2.jpg\". Added programme image \"files/images/programmes/education/3.jpg\". Added programme image \"files/images/programmes/education/4.jpg\".'),(283,'2011-08-16 21:20:42',1,63,'1','Health',2,'Added programme image \"files/images/programmes/health/2.jpg\". Added programme image \"files/images/programmes/health/3.jpg\". Added programme image \"files/images/programmes/health/4.jpg\". Added programme image \"files/images/programmes/health/5.jpg\". Changed image and caption for programme image \"files/images/programmes/health/1.jpg\".'),(284,'2011-08-16 22:12:09',1,63,'4','Livelihoods',2,'Added programme image \"files/images/programmes/livelihoods/2.jpg\". Added programme image \"files/images/programmes/livelihoods/3.jpg\". Added programme image \"files/images/programmes/livelihoods/4.jpg\". Added programme image \"files/images/programmes/livelihoods/5.jpg\". Added programme image \"files/images/programmes/livelihoods/6.jpg\". Changed feature and summary for programme image \"files/images/programmes/livelihoods/1.jpg\".'),(285,'2011-08-16 22:22:56',1,63,'5','Promoting Solar',2,'Added programme image \"files/images/programmes/promoting_solar/2.jpg\". Added programme image \"files/images/programmes/promoting_solar/3.jpg\". Added programme image \"files/images/programmes/promoting_solar/4.jpg\". Added programme image \"files/images/programmes/promoting_solar/5.jpg\". Changed image and caption for programme image \"files/images/programmes/promoting_solar/1.jpg\".'),(286,'2011-08-16 22:32:43',1,63,'3','Skills Training',2,'Added programme image \"files/images/programmes/skills_training/2.jpg\". Added programme image \"files/images/programmes/skills_training/3.jpg\". Added programme image \"files/images/programmes/skills_training/4.jpg\". Added programme image \"files/images/programmes/skills_training/5.jpg\". Changed image, caption, feature and summary for programme image \"files/images/programmes/skills_training/1.jpg\".'),(287,'2011-08-16 22:50:37',1,39,'20','Contact Us',2,'Changed language and moderator_state.'),(288,'2011-08-16 22:54:05',3,61,'22','St Martins Orphanage',2,'Added project image \"files/images/gedc0206.jpg\".'),(289,'2011-08-16 22:54:56',3,61,'22','St Martins Orphanage',2,'Changed slide_show, feature and summary for project image \"files/images/gedc0206.jpg\".'),(290,'2011-08-16 23:09:19',3,61,'24','Kamalo Primary School',2,'Added project image \"files/images/gedc0369.jpg\".'),(291,'2011-08-16 23:09:35',3,61,'24','Kamalo Primary School',2,'Changed feature and summary for project image \"files/images/gedc0369.jpg\".'),(292,'2011-08-16 23:13:38',3,61,'23','Kamalo Health Clinic',2,'Added project image \"files/images/gedc0357.jpg\".'),(293,'2011-08-16 23:48:21',3,61,'22','St Martins Orphanage',2,'Added project image \"files/images/pict0587.jpg\". Added project image \"files/images/gedc0203.jpg\". Added project image \"files/images/gedc0209.jpg\". Added project image \"files/images/pict0622.jpg\". Added project image \"files/images/gedc0217.jpg\".'),(294,'2011-08-17 00:48:16',3,63,'2','Education',2,'Changed caption for programme image \"files/images/programmes/education/4.jpg\". Changed caption for programme image \"files/images/programmes/education/2.jpg\".'),(295,'2011-08-17 01:40:55',3,61,'21','Malawi Training',2,'Changed spiele. Changed image and caption for project image \"files/images/projects/malawi_training/limbe_school.jpg\".'),(296,'2011-08-17 01:41:55',3,61,'21','Malawi Training',2,'Changed caption for project image \"files/images/projects/malawi_training/limbe_school.jpg\".'),(297,'2011-08-17 01:50:17',3,61,'21','Malawi Training',2,'Added project image \"files/images/projects/malawi_training/167736_10150388659040265_442696055264_16438056_5439212_n.jpg\". Added project image \"files/images/projects/malawi_training/166225_10150388659140265_442696055264_16438059_416279_n.jpg\". Added project image \"files/images/projects/malawi_training/164338_10150388658940265_442696055264_16438054_7347336_n.jpg\". Changed caption for project image \"files/images/projects/malawi_training/2.jpg\".'),(298,'2011-08-17 02:44:06',3,61,'17','Government Technical Institute',2,'Changed name, summary, spiele, donors, date_finished, direct_beneficiaries and indirect_beneficiaries.'),(299,'2011-08-17 02:44:56',3,61,'17','Government Technical Institute',2,'Changed date_finished.'),(300,'2011-08-17 02:45:42',3,61,'17','Government Technical Institute',2,'Changed spiele.'),(301,'2011-08-17 02:50:33',3,61,'13','Liberia UNICEF',2,'Changed donors, date_finished, system_size, direct_beneficiaries and indirect_beneficiaries.'),(302,'2011-08-17 02:50:57',3,61,'23','Kamalo Health Clinic',2,'Changed caption for project image \"files/images/gedc0357.jpg\".'),(303,'2011-08-17 02:58:37',3,61,'13','Liberia UNICEF',2,'Changed summary and spiele.'),(304,'2011-08-17 03:06:08',3,61,'22','St Martins Orphanage',2,'Changed donors, direct_beneficiaries and indirect_beneficiaries.'),(305,'2011-08-17 03:07:46',3,61,'23','Kamalo Health Clinic',2,'Changed donors, direct_beneficiaries and indirect_beneficiaries.'),(306,'2011-08-17 03:14:58',3,61,'24','Kamalo Primary School',2,'Added project image \"files/images/projects/kamalo_primary_school/gedc0368.jpg\". Added project image \"files/images/projects/kamalo_primary_school/gedc0195.jpg\".'),(307,'2011-08-17 03:33:40',3,61,'23','Kamalo Health Clinic',2,'Added project image \"files/images/projects/kamalo_chc/gedc0362.jpg\". Added project image \"files/images/projects/kamalo_chc/gedc0204.jpg\". Added project image \"files/images/projects/kamalo_chc/gedc0375.jpg\". Changed feature and summary for project image \"files/images/gedc0357.jpg\".'),(308,'2011-08-17 03:37:25',3,63,'3','Skills Training',2,'Changed caption for programme image \"files/images/programmes/skills_training/5.jpg\".'),(309,'2011-08-17 03:50:18',3,60,'16','Matru Jong, Sierra Leone',1,''),(310,'2011-08-17 04:03:25',3,61,'26','Matru Jong Community Charging Station',1,''),(311,'2011-08-17 04:24:56',3,63,'3','Skills Training',2,'Changed caption for programme image \"files/images/programmes/skills_training/1.jpg\".'),(312,'2011-08-17 04:39:31',3,61,'27','Kamabai Community Charging Station',1,''),(313,'2011-08-17 04:43:29',3,61,'27','Kamabai Community Charging Station',2,'Changed summary, spiele and date_finished.'),(314,'2011-08-17 04:44:10',3,61,'18','Kamabai and Mattru Jong Community Charging Stations',3,''),(315,'2011-08-17 04:59:42',3,68,'56','FAO - FLEGT Project: published',2,'Changed title and content.'),(316,'2011-08-17 05:00:47',3,68,'57','Kamabai Secondary School: published',1,''),(317,'2011-08-17 05:01:14',3,68,'57','Kamabai Secondary School: published',2,'Changed content.'),(318,'2011-08-17 05:02:42',3,68,'57','Kamabai Secondary School: published',2,'Changed creation_date.'),(319,'2011-08-17 05:05:17',3,68,'58','Energy For Opportunity Trip to Kabala: draft',1,''),(320,'2011-08-17 05:06:12',3,68,'58','Energy For Opportunity Trip to Kabala: published',2,'Changed status and authors.'),(321,'2011-08-17 05:08:40',3,68,'59','Solar Installed into community led tourism resort - River #2: draft',1,''),(322,'2011-08-17 05:09:09',3,68,'59','Solar Installed into community led tourism resort - River #2: published',2,'Changed status and categories.'),(323,'2011-08-17 05:09:34',3,68,'58','Energy For Opportunity Trip to Kabala: published',2,'Changed categories.'),(324,'2011-08-17 05:21:44',3,60,'17','Kambia Town, Kambia District, Sierra Leone',1,''),(325,'2011-08-17 06:04:07',3,61,'28','District Council Administrative Buildings',1,''),(326,'2011-08-17 06:06:18',3,61,'29','District Council Administrative Buildings',1,''),(327,'2011-08-17 06:07:28',3,61,'29','District Council Administrative Buildings',3,''),(328,'2011-08-17 06:08:36',3,61,'28','District Council Administrative Buildings',2,'Changed spiele. Changed caption for project image \"files/images/projects/district_council_administrative_buildings/10.jpg\".'),(329,'2011-08-17 06:09:15',3,61,'28','District Council Administrative Buildings',2,'Changed spiele.'),(330,'2011-08-17 06:10:05',3,61,'28','District Council Administrative Buildings',2,'Changed spiele.'),(331,'2011-08-17 06:10:38',3,61,'28','District Council Administrative Buildings',2,'Changed spiele.'),(332,'2011-08-17 06:14:54',3,68,'60','ICSB 2011 World Conference: published',1,''),(333,'2011-08-17 06:17:28',3,68,'59','Solar Installed into community led tourism resort - River #2: published',2,'Changed creation_date.'),(334,'2011-08-17 06:23:55',3,39,'18','Why Solar',2,'Changed language and moderator_state.'),(335,'2011-08-17 06:28:43',3,39,'17','Our Strategy',2,'Changed language and moderator_state.'),(336,'2011-08-17 06:33:50',3,39,'16','How We Formed',2,'Changed language and moderator_state.'),(337,'2011-08-17 07:18:17',3,68,'61','The solar System at St. Martins Orphanage, Port Loko proving to be a great success: draft',1,''),(338,'2011-08-17 07:20:10',3,68,'61','The solar System at St. Martins Orphanage, Port Loko proving to be a great success: draft',2,'Changed content.'),(339,'2011-08-17 07:20:51',3,68,'61','The solar System at St. Martins Orphanage, Port Loko proving to be a great success: published',2,'Changed status and categories.'),(340,'2011-08-17 07:44:42',3,68,'61','The solar System at St. Martins Orphanage, Port Loko proving to be a great success: published',2,'Changed creation_date.'),(341,'2011-08-17 08:08:45',1,61,'22','St Martins Orphanage',2,'Changed image for project image \"files/images/projects/st_martins_orphanage/gedc0209.jpg\". Changed image for project image \"files/images/projects/st_martins_orphanage/pict0587.jpg\". Changed image for project image \"files/images/projects/st_martins_orphanage/gedc0203.jpg\". Changed image for project image \"files/imagesprojects/st_martins_orphanage//gedc0209.jpg\". Changed image for project image \"files/images/projects/st_martins_orphanage/pict0622.jpg\". Changed image for project image \"files/images/projects/st_martins_orphanage/gedc0217.jpg\".'),(342,'2011-08-17 08:09:31',1,61,'22','St Martins Orphanage',2,'Changed image for project image \"files/images/projects/st_martins_orphanage/gedc0209.jpg\".'),(343,'2011-08-17 11:45:35',1,9,'4','Munro-Paul',2,'Changed groups.'),(344,'2011-08-17 11:51:27',1,9,'4','Munro-Paul',2,'Changed is_staff.'),(345,'2011-08-17 11:53:41',1,9,'4','Munro-Paul',2,'Changed groups.'),(346,'2011-08-17 12:00:32',3,9,'8','Krysa-Mike',2,'Changed is_staff.'),(347,'2011-08-17 21:10:54',1,61,'25','Kamakwie Maternal Health Centre',2,'Changed spiele.'),(348,'2011-08-17 21:43:25',1,63,'4','Livelihoods',2,'Changed feature and summary for programme image \"files/images/programmes/livelihoods/1.jpg\". Changed feature and summary for programme image \"files/images/programmes/livelihoods/4.jpg\".'),(349,'2011-08-17 22:37:54',1,49,'1','Lumley Map',1,''),(350,'2011-08-17 22:38:11',1,39,'20','Contact Us',2,'Changed language and moderator_state.'),(351,'2011-08-17 22:39:58',1,49,'1','Lumley Map',2,'Changed html.'),(352,'2011-08-17 22:40:57',1,49,'1','Lumley Map',2,'Changed html.'),(353,'2011-08-17 22:41:42',1,49,'1','Lumley Map',2,'Changed html.'),(354,'2011-08-17 22:42:54',1,49,'1','Lumley Map',2,'Changed html.'),(355,'2011-08-17 22:45:07',1,39,'15','Projects',2,'Changed language and moderator_state.'),(356,'2011-08-17 22:45:58',3,57,'1','example.com (home)',2,'Changed feature_summary for feature \"Health\". Changed feature_summary for feature \"Livelihoods\".'),(357,'2011-08-17 22:49:49',3,57,'1','example.com (home)',2,'Changed feature_summary for feature \"Health\". Changed feature_summary for feature \"Livelihoods\".'),(358,'2011-08-17 22:54:53',3,57,'1','example.com (home)',2,'Added feature \"Skills Training\". Added feature \"Education\". Added feature \"Promoting Solar\". Changed order for feature \"Health\".'),(359,'2011-08-17 23:00:36',3,57,'1','example.com (home)',2,'Changed active for feature \"Education\". Changed active for feature \"Promoting Solar\".'),(360,'2011-08-17 23:37:50',3,63,'2','Education',2,'Changed needs.'),(361,'2011-08-18 23:13:22',1,63,'4','Livelihoods',2,'Changed display_order.'),(362,'2011-08-18 23:13:42',1,63,'1','Health',2,'Changed display_order.'),(363,'2011-08-18 23:14:05',1,63,'2','Education',2,'Changed display_order.'),(364,'2011-08-18 23:14:30',1,63,'5','Promoting Solar',2,'Changed display_order.'),(365,'2011-08-18 23:44:37',1,63,'4','Livelihoods',2,'Changed how_to_help.'),(366,'2011-08-18 23:45:00',1,63,'3','Skills Training',2,'Changed how_to_help.'),(367,'2011-08-18 23:45:19',1,63,'2','Education',2,'Changed how_to_help.'),(368,'2011-08-18 23:45:38',1,63,'1','Health',2,'Changed how_to_help.'),(369,'2011-08-19 22:46:42',3,68,'62','Solar Power - Sierra Leone: published',1,'');
/*!40000 ALTER TABLE `django_admin_log` ENABLE KEYS */;
UNLOCK TABLES;

--
-- Table structure for table `django_comment_flags`
--

DROP TABLE IF EXISTS `django_comment_flags`;
SET @saved_cs_client     = @@character_set_client;
SET character_set_client = utf8;
CREATE TABLE `django_comment_flags` (
  `id` int(11) NOT NULL auto_increment,
  `user_id` int(11) NOT NULL,
  `comment_id` int(11) NOT NULL,
  `flag` varchar(30) NOT NULL,
  `flag_date` datetime NOT NULL,
  PRIMARY KEY  (`id`),
  UNIQUE KEY `user_id` (`user_id`,`comment_id`,`flag`),
  KEY `django_comment_flags_403f60f` (`user_id`),
  KEY `django_comment_flags_64c238ac` (`comment_id`),
  KEY `django_comment_flags_111c90f9` (`flag`)
) ENGINE=MyISAM DEFAULT CHARSET=latin1;
SET character_set_client = @saved_cs_client;

--
-- Dumping data for table `django_comment_flags`
--

LOCK TABLES `django_comment_flags` WRITE;
/*!40000 ALTER TABLE `django_comment_flags` DISABLE KEYS */;
/*!40000 ALTER TABLE `django_comment_flags` ENABLE KEYS */;
UNLOCK TABLES;

--
-- Table structure for table `django_comments`
--

DROP TABLE IF EXISTS `django_comments`;
SET @saved_cs_client     = @@character_set_client;
SET character_set_client = utf8;
CREATE TABLE `django_comments` (
  `id` int(11) NOT NULL auto_increment,
  `content_type_id` int(11) NOT NULL,
  `object_pk` longtext NOT NULL,
  `site_id` int(11) NOT NULL,
  `user_id` int(11) default NULL,
  `user_name` varchar(50) NOT NULL,
  `user_email` varchar(75) NOT NULL,
  `user_url` varchar(200) NOT NULL,
  `comment` longtext NOT NULL,
  `submit_date` datetime NOT NULL,
  `ip_address` char(15) default NULL,
  `is_public` tinyint(1) NOT NULL,
  `is_removed` tinyint(1) NOT NULL,
  PRIMARY KEY  (`id`),
  KEY `django_comments_1bb8f392` (`content_type_id`),
  KEY `django_comments_6223029` (`site_id`),
  KEY `django_comments_403f60f` (`user_id`)
) ENGINE=MyISAM AUTO_INCREMENT=3 DEFAULT CHARSET=latin1;
SET character_set_client = @saved_cs_client;

--
-- Dumping data for table `django_comments`
--

LOCK TABLES `django_comments` WRITE;
/*!40000 ALTER TABLE `django_comments` DISABLE KEYS */;
INSERT INTO `django_comments` VALUES (1,68,'1',1,1,'hooliganpeae','hooliganpeade@yahoo.com','','fascinatin article','2011-04-14 16:25:14','127.0.0.1',1,0),(2,68,'1',1,1,'danny bo','hooliganpeade@yahoo.com','','really amaing article this','2011-04-14 16:27:07','127.0.0.1',1,0);
/*!40000 ALTER TABLE `django_comments` ENABLE KEYS */;
UNLOCK TABLES;

--
-- Table structure for table `django_content_type`
--

DROP TABLE IF EXISTS `django_content_type`;
SET @saved_cs_client     = @@character_set_client;
SET character_set_client = utf8;
CREATE TABLE `django_content_type` (
  `id` int(11) NOT NULL auto_increment,
  `name` varchar(100) NOT NULL,
  `app_label` varchar(100) NOT NULL,
  `model` varchar(100) NOT NULL,
  PRIMARY KEY  (`id`),
  UNIQUE KEY `app_label` (`app_label`,`model`)
) ENGINE=MyISAM AUTO_INCREMENT=74 DEFAULT CHARSET=latin1;
SET character_set_client = @saved_cs_client;

--
-- Dumping data for table `django_content_type`
--

LOCK TABLES `django_content_type` WRITE;
/*!40000 ALTER TABLE `django_content_type` DISABLE KEYS */;
INSERT INTO `django_content_type` VALUES (1,'notice type','notification','noticetype'),(2,'notice setting','notification','noticesetting'),(3,'notice','notification','notice'),(4,'notice queue batch','notification','noticequeuebatch'),(5,'observed item','notification','observeditem'),(6,'log entry','admin','logentry'),(7,'permission','auth','permission'),(8,'group','auth','group'),(9,'user','auth','user'),(10,'message','auth','message'),(11,'comment','comments','comment'),(12,'comment flag','comments','commentflag'),(13,'content type','contenttypes','contenttype'),(14,'session','sessions','session'),(15,'site','sites','site'),(16,'message','mailer','message'),(17,'don\'t send entry','mailer','dontsendentry'),(18,'message log','mailer','messagelog'),(19,'e-mail address','emailconfirmation','emailaddress'),(20,'e-mail confirmation','emailconfirmation','emailconfirmation'),(21,'announcement','announcements','announcement'),(22,'kv store','thumbnail','kvstore'),(23,'view tracker','popularity','viewtracker'),(24,'migration history','south','migrationhistory'),(25,'Tag','taggit','tag'),(26,'Tagged Item','taggit','taggeditem'),(27,'account','account','account'),(28,'other service info','account','otherserviceinfo'),(29,'password reset','account','passwordreset'),(30,'profile','profiles','profile'),(31,'nonce','django_openid','nonce'),(32,'association','django_openid','association'),(33,'user openid association','django_openid','useropenidassociation'),(34,'queue','mailchimp','queue'),(35,'Mailchimp Log','mailchimp','campaign'),(36,'reciever','mailchimp','reciever'),(37,'placeholder','cms','placeholder'),(38,'cms plugin','cms','cmsplugin'),(39,'page','cms','page'),(40,'PageModerator','cms','pagemoderator'),(41,'Page moderator state','cms','pagemoderatorstate'),(42,'Page global permission','cms','globalpagepermission'),(43,'Page permission','cms','pagepermission'),(44,'User (page)','cms','pageuser'),(45,'User group (page)','cms','pageusergroup'),(46,'title','cms','title'),(47,'picture','picture','picture'),(48,'text','text','text'),(49,'Snippet','snippet','snippet'),(50,'Snippet','snippet','snippetptr'),(51,'link','link','link'),(52,'google map','googlemap','googlemap'),(53,'file','file','file'),(54,'cache key','menus','cachekey'),(55,'image','images','image'),(56,'site feature area','features','sitefeaturearea'),(57,'feature set','features','featureset'),(58,'feature','features','feature'),(59,'feature schedule','features','featureschedule'),(60,'project location','projects','projectlocation'),(61,'project','projects','project'),(62,'project image','projects','projectimage'),(63,'programme','programmes','programme'),(64,'programme image','programmes','programmeimage'),(65,'tag','tagging','tag'),(66,'tagged item','tagging','taggeditem'),(67,'category','zinnia','category'),(68,'entry','zinnia','entry'),(69,'author','zinnia','author'),(70,'latest entries plugin','plugins','latestentriesplugin'),(71,'selected entries plugin','plugins','selectedentriesplugin'),(72,'random entries plugin','plugins','randomentriesplugin'),(73,'contact message','membrete','message');
/*!40000 ALTER TABLE `django_content_type` ENABLE KEYS */;
UNLOCK TABLES;

--
-- Table structure for table `django_openid_association`
--

DROP TABLE IF EXISTS `django_openid_association`;
SET @saved_cs_client     = @@character_set_client;
SET character_set_client = utf8;
CREATE TABLE `django_openid_association` (
  `id` int(11) NOT NULL auto_increment,
  `server_url` longtext NOT NULL,
  `handle` varchar(255) NOT NULL,
  `secret` longtext NOT NULL,
  `issued` int(11) NOT NULL,
  `lifetime` int(11) NOT NULL,
  `assoc_type` longtext NOT NULL,
  PRIMARY KEY  (`id`)
) ENGINE=MyISAM DEFAULT CHARSET=latin1;
SET character_set_client = @saved_cs_client;

--
-- Dumping data for table `django_openid_association`
--

LOCK TABLES `django_openid_association` WRITE;
/*!40000 ALTER TABLE `django_openid_association` DISABLE KEYS */;
/*!40000 ALTER TABLE `django_openid_association` ENABLE KEYS */;
UNLOCK TABLES;

--
-- Table structure for table `django_openid_nonce`
--

DROP TABLE IF EXISTS `django_openid_nonce`;
SET @saved_cs_client     = @@character_set_client;
SET character_set_client = utf8;
CREATE TABLE `django_openid_nonce` (
  `id` int(11) NOT NULL auto_increment,
  `server_url` varchar(255) NOT NULL,
  `timestamp` int(11) NOT NULL,
  `salt` varchar(40) NOT NULL,
  PRIMARY KEY  (`id`)
) ENGINE=MyISAM DEFAULT CHARSET=latin1;
SET character_set_client = @saved_cs_client;

--
-- Dumping data for table `django_openid_nonce`
--

LOCK TABLES `django_openid_nonce` WRITE;
/*!40000 ALTER TABLE `django_openid_nonce` DISABLE KEYS */;
/*!40000 ALTER TABLE `django_openid_nonce` ENABLE KEYS */;
UNLOCK TABLES;

--
-- Table structure for table `django_openid_useropenidassociation`
--

DROP TABLE IF EXISTS `django_openid_useropenidassociation`;
SET @saved_cs_client     = @@character_set_client;
SET character_set_client = utf8;
CREATE TABLE `django_openid_useropenidassociation` (
  `id` int(11) NOT NULL auto_increment,
  `user_id` int(11) NOT NULL,
  `openid` varchar(255) NOT NULL,
  `created` datetime NOT NULL,
  PRIMARY KEY  (`id`),
  KEY `django_openid_useropenidassociation_403f60f` (`user_id`)
) ENGINE=MyISAM DEFAULT CHARSET=latin1;
SET character_set_client = @saved_cs_client;

--
-- Dumping data for table `django_openid_useropenidassociation`
--

LOCK TABLES `django_openid_useropenidassociation` WRITE;
/*!40000 ALTER TABLE `django_openid_useropenidassociation` DISABLE KEYS */;
/*!40000 ALTER TABLE `django_openid_useropenidassociation` ENABLE KEYS */;
UNLOCK TABLES;

--
-- Table structure for table `django_session`
--

DROP TABLE IF EXISTS `django_session`;
SET @saved_cs_client     = @@character_set_client;
SET character_set_client = utf8;
CREATE TABLE `django_session` (
  `session_key` varchar(40) NOT NULL,
  `session_data` longtext NOT NULL,
  `expire_date` datetime NOT NULL,
  PRIMARY KEY  (`session_key`)
) ENGINE=MyISAM DEFAULT CHARSET=latin1;
SET character_set_client = @saved_cs_client;

--
-- Dumping data for table `django_session`
--

LOCK TABLES `django_session` WRITE;
/*!40000 ALTER TABLE `django_session` DISABLE KEYS */;
INSERT INTO `django_session` VALUES ('4b5da21463b4ed80d5d7c466d24b9cfd','gAJ9cQEoVQp0ZXN0Y29va2llcQJVBndvcmtlZHEDVQ9kamFuZ29fbGFuZ3VhZ2VxBFgCAAAAZW5x\nBXUuNWNkZmVkMzJmNWE4M2UwNTUzNzFlODIyZjI4ZDk5NDU=\n','2011-04-23 13:52:06'),('0561d4d73d89e8e95e13ac39fc67a6e8','gAJ9cQEoVQ5jbXNfYWRtaW5fc2l0ZXECigEBVRJfYXV0aF91c2VyX2JhY2tlbmRxA1UscHJvZmls\nZXMuYXV0aF9iYWNrZW5kcy5BdXRoZW50aWNhdGlvbkJhY2tlbmRxBFUPZGphbmdvX2xhbmd1YWdl\ncQVYAgAAAGVucQZVDV9hdXRoX3VzZXJfaWRxB4oBAXUuMzE2MmRmZjJiNjZiZjMxMmRkOWNiOTM1\nZjY1NjhkNDU=\n','2011-04-23 13:47:58'),('70c6f270c47d9568298f7d589bfa5a63','gAJ9cQEuODg5NGJhOWQzMjZmMDY0NDk0Y2I5OTFiYzA5YWVlZWY=\n','2011-04-23 13:52:28'),('b08146d2a88adaefbe90068df90836bc','gAJ9cQEoVQ5jbXNfYWRtaW5fc2l0ZXECigEBVQ1fYXV0aF91c2VyX2lkcQOKAQFVEl9hdXRoX3Vz\nZXJfYmFja2VuZHEEVSxwcm9maWxlcy5hdXRoX2JhY2tlbmRzLkF1dGhlbnRpY2F0aW9uQmFja2Vu\nZHEFVQhjbXNfZWRpdHEGiFUPZGphbmdvX2xhbmd1YWdlcQdYAgAAAGVucQh1LjQxNGI1MWE3ZmRk\nZjNlOWQ4ZTc3M2EyOTZhNWZhODc3\n','2011-04-24 08:23:22'),('ca91b1555860e389ca90e70fa21ff875','gAJ9cQEuODg5NGJhOWQzMjZmMDY0NDk0Y2I5OTFiYzA5YWVlZWY=\n','2011-04-24 09:00:15'),('a76769d150a4c08006a56de41eea067b','gAJ9cQEoVQ1fYXV0aF91c2VyX2lkcQKKAQFVD2RqYW5nb19sYW5ndWFnZXEDWAIAAABlbnEEVRJf\nYXV0aF91c2VyX2JhY2tlbmRxBVUscHJvZmlsZXMuYXV0aF9iYWNrZW5kcy5BdXRoZW50aWNhdGlv\nbkJhY2tlbmRxBnUuMDJlNzQ2MzU3MDg4YzlkMGJmNzkzZGQ0OTg0MWU0NDc=\n','2011-04-23 18:37:30'),('e587ca7ac2e3f11eba391b24875333d0','gAJ9cQEoVQ1fYXV0aF91c2VyX2lkcQKKAQFVD2RqYW5nb19sYW5ndWFnZXEDWAIAAABlbnEEVRJf\nYXV0aF91c2VyX2JhY2tlbmRxBVUscHJvZmlsZXMuYXV0aF9iYWNrZW5kcy5BdXRoZW50aWNhdGlv\nbkJhY2tlbmRxBnUuMDJlNzQ2MzU3MDg4YzlkMGJmNzkzZGQ0OTg0MWU0NDc=\n','2011-04-24 14:39:10'),('205398af8ae3e13c0ae5a7cdb213fb72','gAJ9cQEoVQ5jbXNfYWRtaW5fc2l0ZXECigEBVQhjbXNfZWRpdHEDiFUNX2F1dGhfdXNlcl9pZHEE\nigEBVRJfYXV0aF91c2VyX2JhY2tlbmRxBVUscHJvZmlsZXMuYXV0aF9iYWNrZW5kcy5BdXRoZW50\naWNhdGlvbkJhY2tlbmRxBlUPZGphbmdvX2xhbmd1YWdlcQdYAgAAAGVucQh1LjMwMDgyNTRkODMy\nNGM2ZWNjNTc4ZjU4ZjI2ZjIxYzZi\n','2011-05-04 08:53:33'),('e7dfc1359b30a86906a4390ded54814d','gAJ9cQFVD2RqYW5nb19sYW5ndWFnZXECWAIAAABlbnEDcy42YzA4Njk4OGVlYjAxNTY0ZjNkZTEw\nOWY4N2Y2ZjY0OQ==\n','2011-07-26 23:13:50'),('26c770b5c6c63cfc1bf2b5f1a05088dc','gAJ9cQEoVRJfYXV0aF91c2VyX2JhY2tlbmRxAlUscHJvZmlsZXMuYXV0aF9iYWNrZW5kcy5BdXRo\nZW50aWNhdGlvbkJhY2tlbmRxA1UPZGphbmdvX2xhbmd1YWdlcQRYAgAAAGVucQVVDV9hdXRoX3Vz\nZXJfaWRxBooBAXUuMDExYWI1ZDM3YmE4MWM2NTJhZWZiY2E0NWE4MTg3OTE=\n','2011-05-16 22:20:06'),('cc763e274e8b0de9ec9ffe25835d4f78','gAJ9cQFVD2RqYW5nb19sYW5ndWFnZXECWAIAAABlbnEDcy42YzA4Njk4OGVlYjAxNTY0ZjNkZTEw\nOWY4N2Y2ZjY0OQ==\n','2011-08-23 10:56:36'),('3cf70b7f5a23988428eff04e803687dd','gAJ9cQEuODg5NGJhOWQzMjZmMDY0NDk0Y2I5OTFiYzA5YWVlZWY=\n','2011-08-23 22:34:23'),('f0ad43d7d0cfb570b94f6918b36a61c9','gAJ9cQFVD2RqYW5nb19sYW5ndWFnZXECWAIAAABlbnEDcy42YzA4Njk4OGVlYjAxNTY0ZjNkZTEw\nOWY4N2Y2ZjY0OQ==\n','2011-09-01 23:15:49'),('ebb834f5a4903bca5ecf92603f061ba4','gAJ9cQFVD2RqYW5nb19sYW5ndWFnZXECWAIAAABlbnEDcy42YzA4Njk4OGVlYjAxNTY0ZjNkZTEw\nOWY4N2Y2ZjY0OQ==\n','2011-09-01 23:42:02'),('41417486cff574eff599e49ff1a8f49e','gAJ9cQFVD2RqYW5nb19sYW5ndWFnZXECWAIAAABlbnEDcy42YzA4Njk4OGVlYjAxNTY0ZjNkZTEw\nOWY4N2Y2ZjY0OQ==\n','2011-09-01 12:59:14'),('2496064b62c4de2cdffb519f95c945f8','gAJ9cQFVD2RqYW5nb19sYW5ndWFnZXECWAIAAABlbnEDcy42YzA4Njk4OGVlYjAxNTY0ZjNkZTEw\nOWY4N2Y2ZjY0OQ==\n','2011-08-28 20:54:31'),('19c18de8f8cc1a2478e37c009eb57bcb','gAJ9cQFVD2RqYW5nb19sYW5ndWFnZXECWAIAAABlbnEDcy42YzA4Njk4OGVlYjAxNTY0ZjNkZTEw\nOWY4N2Y2ZjY0OQ==\n','2011-08-28 21:02:45'),('379e81ca9259e175b4a98db39c259684','gAJ9cQFVD2RqYW5nb19sYW5ndWFnZXECWAIAAABlbnEDcy42YzA4Njk4OGVlYjAxNTY0ZjNkZTEw\nOWY4N2Y2ZjY0OQ==\n','2011-08-28 20:54:32'),('2f854f51eb0e88446a5d0c9a20139360','gAJ9cQFVD2RqYW5nb19sYW5ndWFnZXECWAIAAABlbnEDcy42YzA4Njk4OGVlYjAxNTY0ZjNkZTEw\nOWY4N2Y2ZjY0OQ==\n','2011-08-28 20:56:18'),('cc94de45ce2a85febb1d4540c0de8c8e','gAJ9cQFVD2RqYW5nb19sYW5ndWFnZXECWAIAAABlbnEDcy42YzA4Njk4OGVlYjAxNTY0ZjNkZTEw\nOWY4N2Y2ZjY0OQ==\n','2011-08-28 21:02:45'),('c7dd9a46708fcfc5778cd2d2736cda75','gAJ9cQFVD2RqYW5nb19sYW5ndWFnZXECWAIAAABlbnEDcy42YzA4Njk4OGVlYjAxNTY0ZjNkZTEw\nOWY4N2Y2ZjY0OQ==\n','2011-09-01 13:00:36'),('f1c186c923ba8535678c0c825dd9d9ca','gAJ9cQFVD2RqYW5nb19sYW5ndWFnZXECWAIAAABlbnEDcy42YzA4Njk4OGVlYjAxNTY0ZjNkZTEw\nOWY4N2Y2ZjY0OQ==\n','2011-09-01 12:58:54'),('0a8941bb64a72cd44b3e4b7289d0b0c4','gAJ9cQFVD2RqYW5nb19sYW5ndWFnZXECWAIAAABlbnEDcy42YzA4Njk4OGVlYjAxNTY0ZjNkZTEw\nOWY4N2Y2ZjY0OQ==\n','2011-08-29 11:13:35'),('aa0ad01698283df380209221a2c621bb','gAJ9cQFVD2RqYW5nb19sYW5ndWFnZXECWAIAAABlbnEDcy42YzA4Njk4OGVlYjAxNTY0ZjNkZTEw\nOWY4N2Y2ZjY0OQ==\n','2011-08-29 14:36:40'),('6e5291ad843cc31227c2958d0e2f180d','gAJ9cQFVD2RqYW5nb19sYW5ndWFnZXECWAIAAABlbnEDcy42YzA4Njk4OGVlYjAxNTY0ZjNkZTEw\nOWY4N2Y2ZjY0OQ==\n','2011-09-01 13:03:39'),('a98f2a0f0211cdbe9d6dfb0b4b412f3f','gAJ9cQFVD2RqYW5nb19sYW5ndWFnZXECWAIAAABlbnEDcy42YzA4Njk4OGVlYjAxNTY0ZjNkZTEw\nOWY4N2Y2ZjY0OQ==\n','2011-09-01 13:16:10'),('6b1017bcb2c4bd494faee7341abbada8','gAJ9cQFVD2RqYW5nb19sYW5ndWFnZXECWAIAAABlbnEDcy42YzA4Njk4OGVlYjAxNTY0ZjNkZTEw\nOWY4N2Y2ZjY0OQ==\n','2011-09-01 12:59:01'),('f7bdcde711c8ff17b9d4fda9c921a300','gAJ9cQEoVQp0ZXN0Y29va2llcQJVBndvcmtlZHEDVQ9kamFuZ29fbGFuZ3VhZ2VxBFgCAAAAZW5x\nBXUuNWNkZmVkMzJmNWE4M2UwNTUzNzFlODIyZjI4ZDk5NDU=\n','2011-09-03 06:20:11'),('5460ae7eb69b919a90e895c5e9b652cc','gAJ9cQFVD2RqYW5nb19sYW5ndWFnZXECWAIAAABlbnEDcy42YzA4Njk4OGVlYjAxNTY0ZjNkZTEw\nOWY4N2Y2ZjY0OQ==\n','2011-08-31 20:31:31'),('2eb1f18996060ce64ba583f2618dfde6','gAJ9cQFVD2RqYW5nb19sYW5ndWFnZXECWAIAAABlbnEDcy42YzA4Njk4OGVlYjAxNTY0ZjNkZTEw\nOWY4N2Y2ZjY0OQ==\n','2011-09-01 12:32:04'),('7d8b762c52169effb265000133afc3d6','gAJ9cQFVD2RqYW5nb19sYW5ndWFnZXECWAIAAABlbnEDcy42YzA4Njk4OGVlYjAxNTY0ZjNkZTEw\nOWY4N2Y2ZjY0OQ==\n','2011-09-01 12:35:29'),('6ad2b9cb9d9c75968bc28cfe339a109d','gAJ9cQFVD2RqYW5nb19sYW5ndWFnZXECWAIAAABlbnEDcy42YzA4Njk4OGVlYjAxNTY0ZjNkZTEw\nOWY4N2Y2ZjY0OQ==\n','2011-09-03 02:48:54'),('1cfe088ba3cabbfd4912110571692170','gAJ9cQFVD2RqYW5nb19sYW5ndWFnZXECWAIAAABlbnEDcy42YzA4Njk4OGVlYjAxNTY0ZjNkZTEw\nOWY4N2Y2ZjY0OQ==\n','2011-09-01 12:55:09'),('9cccabc34688d7d6b2f41105b53aeb0c','gAJ9cQFVD2RqYW5nb19sYW5ndWFnZXECWAIAAABlbnEDcy42YzA4Njk4OGVlYjAxNTY0ZjNkZTEw\nOWY4N2Y2ZjY0OQ==\n','2011-09-01 12:55:10'),('3629b616eee02db6e2d06ccf593e4c59','gAJ9cQFVD2RqYW5nb19sYW5ndWFnZXECWAIAAABlbnEDcy42YzA4Njk4OGVlYjAxNTY0ZjNkZTEw\nOWY4N2Y2ZjY0OQ==\n','2011-09-01 12:57:33'),('91c9bbb531e553030e2352395d91045c','gAJ9cQFVD2RqYW5nb19sYW5ndWFnZXECWAIAAABlbnEDcy42YzA4Njk4OGVlYjAxNTY0ZjNkZTEw\nOWY4N2Y2ZjY0OQ==\n','2011-09-01 13:17:48'),('79388891d5945897626322db88effc2f','gAJ9cQFVD2RqYW5nb19sYW5ndWFnZXECWAIAAABlbnEDcy42YzA4Njk4OGVlYjAxNTY0ZjNkZTEw\nOWY4N2Y2ZjY0OQ==\n','2011-09-01 13:18:52'),('51c06b1f001466278129f075b9a1915f','gAJ9cQFVD2RqYW5nb19sYW5ndWFnZXECWAIAAABlbnEDcy42YzA4Njk4OGVlYjAxNTY0ZjNkZTEw\nOWY4N2Y2ZjY0OQ==\n','2011-09-01 13:19:56'),('6e7331243c3d7d12c13421db8b6771dc','gAJ9cQFVD2RqYW5nb19sYW5ndWFnZXECWAIAAABlbnEDcy42YzA4Njk4OGVlYjAxNTY0ZjNkZTEw\nOWY4N2Y2ZjY0OQ==\n','2011-09-01 13:21:30'),('7ccc31c966f2ae9d5c7e0e002daae2d1','gAJ9cQFVD2RqYW5nb19sYW5ndWFnZXECWAIAAABlbnEDcy42YzA4Njk4OGVlYjAxNTY0ZjNkZTEw\nOWY4N2Y2ZjY0OQ==\n','2011-09-01 13:22:19'),('24b3df35879aee4b77c97885bd9fafa1','gAJ9cQFVD2RqYW5nb19sYW5ndWFnZXECWAIAAABlbnEDcy42YzA4Njk4OGVlYjAxNTY0ZjNkZTEw\nOWY4N2Y2ZjY0OQ==\n','2011-09-01 13:22:20'),('c300162cc8059a1d4f22d2f491bb0ba2','gAJ9cQFVD2RqYW5nb19sYW5ndWFnZXECWAIAAABlbnEDcy42YzA4Njk4OGVlYjAxNTY0ZjNkZTEw\nOWY4N2Y2ZjY0OQ==\n','2011-09-01 13:24:01'),('7855309b2a60df5591ae0b936df0ef5c','gAJ9cQFVD2RqYW5nb19sYW5ndWFnZXECWAIAAABlbnEDcy42YzA4Njk4OGVlYjAxNTY0ZjNkZTEw\nOWY4N2Y2ZjY0OQ==\n','2011-09-01 13:24:38'),('c6ef740438e81b935c91c4c5d9d7aea6','gAJ9cQFVD2RqYW5nb19sYW5ndWFnZXECWAIAAABlbnEDcy42YzA4Njk4OGVlYjAxNTY0ZjNkZTEw\nOWY4N2Y2ZjY0OQ==\n','2011-09-01 13:25:17'),('5e78e95cf99dd42fb410f665b496ef02','gAJ9cQFVD2RqYW5nb19sYW5ndWFnZXECWAIAAABlbnEDcy42YzA4Njk4OGVlYjAxNTY0ZjNkZTEw\nOWY4N2Y2ZjY0OQ==\n','2011-09-01 13:25:58'),('681f08c736d91f7806c3b5634b40bf8b','gAJ9cQFVD2RqYW5nb19sYW5ndWFnZXECWAIAAABlbnEDcy42YzA4Njk4OGVlYjAxNTY0ZjNkZTEw\nOWY4N2Y2ZjY0OQ==\n','2011-09-01 13:26:01'),('f823f50be532a6acdb60eeba73f8ec92','gAJ9cQFVD2RqYW5nb19sYW5ndWFnZXECWAIAAABlbnEDcy42YzA4Njk4OGVlYjAxNTY0ZjNkZTEw\nOWY4N2Y2ZjY0OQ==\n','2011-09-01 13:26:27'),('6b1d828a7b29947373ca40a3e249adba','gAJ9cQFVD2RqYW5nb19sYW5ndWFnZXECWAIAAABlbnEDcy42YzA4Njk4OGVlYjAxNTY0ZjNkZTEw\nOWY4N2Y2ZjY0OQ==\n','2011-09-01 13:26:57'),('09de66cd8a09a64b567ac8bce4bda6fa','gAJ9cQFVD2RqYW5nb19sYW5ndWFnZXECWAIAAABlbnEDcy42YzA4Njk4OGVlYjAxNTY0ZjNkZTEw\nOWY4N2Y2ZjY0OQ==\n','2011-09-01 13:27:17'),('70330b3c49766ffaef7237d5233281a6','gAJ9cQFVD2RqYW5nb19sYW5ndWFnZXECWAIAAABlbnEDcy42YzA4Njk4OGVlYjAxNTY0ZjNkZTEw\nOWY4N2Y2ZjY0OQ==\n','2011-09-01 13:27:48'),('e04241cd9c199822c37226f677759ca1','gAJ9cQFVD2RqYW5nb19sYW5ndWFnZXECWAIAAABlbnEDcy42YzA4Njk4OGVlYjAxNTY0ZjNkZTEw\nOWY4N2Y2ZjY0OQ==\n','2011-09-01 13:29:30'),('9d6663cc50a57cd73be0b4f6315f9ea0','gAJ9cQFVD2RqYW5nb19sYW5ndWFnZXECWAIAAABlbnEDcy42YzA4Njk4OGVlYjAxNTY0ZjNkZTEw\nOWY4N2Y2ZjY0OQ==\n','2011-09-01 13:32:16'),('83351909e63d4dbedfb45aaa11d4b6ab','gAJ9cQFVD2RqYW5nb19sYW5ndWFnZXECWAIAAABlbnEDcy42YzA4Njk4OGVlYjAxNTY0ZjNkZTEw\nOWY4N2Y2ZjY0OQ==\n','2011-09-01 13:32:40'),('33de58b4dc0dcf7d3c05798766bc8c26','gAJ9cQFVD2RqYW5nb19sYW5ndWFnZXECWAIAAABlbnEDcy42YzA4Njk4OGVlYjAxNTY0ZjNkZTEw\nOWY4N2Y2ZjY0OQ==\n','2011-09-01 13:33:47'),('7192262b4f87eaf481a79de167be714e','gAJ9cQFVD2RqYW5nb19sYW5ndWFnZXECWAIAAABlbnEDcy42YzA4Njk4OGVlYjAxNTY0ZjNkZTEw\nOWY4N2Y2ZjY0OQ==\n','2011-09-01 13:35:14'),('9289990ced2ab2b24d9bad6622417738','gAJ9cQFVD2RqYW5nb19sYW5ndWFnZXECWAIAAABlbnEDcy42YzA4Njk4OGVlYjAxNTY0ZjNkZTEw\nOWY4N2Y2ZjY0OQ==\n','2011-09-01 13:35:20'),('f1b3fb6485ec6bde248fd108e769e6bc','gAJ9cQFVD2RqYW5nb19sYW5ndWFnZXECWAIAAABlbnEDcy42YzA4Njk4OGVlYjAxNTY0ZjNkZTEw\nOWY4N2Y2ZjY0OQ==\n','2011-09-01 13:35:33'),('823f1ef964ab7f204455c32dcae19f1a','gAJ9cQFVD2RqYW5nb19sYW5ndWFnZXECWAIAAABlbnEDcy42YzA4Njk4OGVlYjAxNTY0ZjNkZTEw\nOWY4N2Y2ZjY0OQ==\n','2011-09-01 13:36:03'),('2997992852cd66e5562daf0bf7f37a6a','gAJ9cQFVD2RqYW5nb19sYW5ndWFnZXECWAIAAABlbnEDcy42YzA4Njk4OGVlYjAxNTY0ZjNkZTEw\nOWY4N2Y2ZjY0OQ==\n','2011-09-01 13:36:33'),('7bc12330b47613f01b6d6100375c56d9','gAJ9cQFVD2RqYW5nb19sYW5ndWFnZXECWAIAAABlbnEDcy42YzA4Njk4OGVlYjAxNTY0ZjNkZTEw\nOWY4N2Y2ZjY0OQ==\n','2011-09-01 13:37:41'),('e4a44456e7680204b40bd634282b8acb','gAJ9cQFVD2RqYW5nb19sYW5ndWFnZXECWAIAAABlbnEDcy42YzA4Njk4OGVlYjAxNTY0ZjNkZTEw\nOWY4N2Y2ZjY0OQ==\n','2011-09-01 13:38:31'),('ee91a3c535f2cc485276933059aada27','gAJ9cQFVD2RqYW5nb19sYW5ndWFnZXECWAIAAABlbnEDcy42YzA4Njk4OGVlYjAxNTY0ZjNkZTEw\nOWY4N2Y2ZjY0OQ==\n','2011-09-01 13:40:18'),('202105f7162ff831a4e40daf91f60c6e','gAJ9cQFVD2RqYW5nb19sYW5ndWFnZXECWAIAAABlbnEDcy42YzA4Njk4OGVlYjAxNTY0ZjNkZTEw\nOWY4N2Y2ZjY0OQ==\n','2011-09-01 13:41:30'),('567039494e64d0ecfbff2ca1d4eed30b','gAJ9cQFVD2RqYW5nb19sYW5ndWFnZXECWAIAAABlbnEDcy42YzA4Njk4OGVlYjAxNTY0ZjNkZTEw\nOWY4N2Y2ZjY0OQ==\n','2011-09-01 13:41:36'),('a7665a2fa31e4d052e313a4cf7fba968','gAJ9cQFVD2RqYW5nb19sYW5ndWFnZXECWAIAAABlbnEDcy42YzA4Njk4OGVlYjAxNTY0ZjNkZTEw\nOWY4N2Y2ZjY0OQ==\n','2011-09-01 13:41:56'),('5be39bc20a558c3f23d691ae3de1b95d','gAJ9cQFVD2RqYW5nb19sYW5ndWFnZXECWAIAAABlbnEDcy42YzA4Njk4OGVlYjAxNTY0ZjNkZTEw\nOWY4N2Y2ZjY0OQ==\n','2011-09-01 13:42:48'),('d47c088b9ff2269f4b777a389c2ba434','gAJ9cQFVD2RqYW5nb19sYW5ndWFnZXECWAIAAABlbnEDcy42YzA4Njk4OGVlYjAxNTY0ZjNkZTEw\nOWY4N2Y2ZjY0OQ==\n','2011-09-01 13:49:29'),('5be693d89a79fe7b349e3f19c0014a0e','gAJ9cQFVD2RqYW5nb19sYW5ndWFnZXECWAIAAABlbnEDcy42YzA4Njk4OGVlYjAxNTY0ZjNkZTEw\nOWY4N2Y2ZjY0OQ==\n','2011-09-01 13:49:37'),('028e588af6e01e33b684210d3bd44a26','gAJ9cQFVD2RqYW5nb19sYW5ndWFnZXECWAIAAABlbnEDcy42YzA4Njk4OGVlYjAxNTY0ZjNkZTEw\nOWY4N2Y2ZjY0OQ==\n','2011-09-01 13:53:50'),('0e2ee116e2fb3df39c2a7caa3c331cd7','gAJ9cQFVD2RqYW5nb19sYW5ndWFnZXECWAIAAABlbnEDcy42YzA4Njk4OGVlYjAxNTY0ZjNkZTEw\nOWY4N2Y2ZjY0OQ==\n','2011-09-01 13:54:27'),('007a5816c6f7a0e4a4d3bce00606af50','gAJ9cQFVD2RqYW5nb19sYW5ndWFnZXECWAIAAABlbnEDcy42YzA4Njk4OGVlYjAxNTY0ZjNkZTEw\nOWY4N2Y2ZjY0OQ==\n','2011-09-01 13:54:52'),('0f1b5e4d14b66535895f8e65dfbb29fb','gAJ9cQFVD2RqYW5nb19sYW5ndWFnZXECWAIAAABlbnEDcy42YzA4Njk4OGVlYjAxNTY0ZjNkZTEw\nOWY4N2Y2ZjY0OQ==\n','2011-09-01 13:54:59'),('108296ffd178693d506296a0e8b8a5f6','gAJ9cQFVD2RqYW5nb19sYW5ndWFnZXECWAIAAABlbnEDcy42YzA4Njk4OGVlYjAxNTY0ZjNkZTEw\nOWY4N2Y2ZjY0OQ==\n','2011-09-01 13:55:22'),('137c8a7d7458b1239d5a234c775c31de','gAJ9cQFVD2RqYW5nb19sYW5ndWFnZXECWAIAAABlbnEDcy42YzA4Njk4OGVlYjAxNTY0ZjNkZTEw\nOWY4N2Y2ZjY0OQ==\n','2011-09-01 13:56:19'),('a924f0b06ac7cf0a3643b43e77a232d0','gAJ9cQFVD2RqYW5nb19sYW5ndWFnZXECWAIAAABlbnEDcy42YzA4Njk4OGVlYjAxNTY0ZjNkZTEw\nOWY4N2Y2ZjY0OQ==\n','2011-09-01 13:58:09'),('55a6c4c4e180ee587feb262be00f9052','gAJ9cQFVD2RqYW5nb19sYW5ndWFnZXECWAIAAABlbnEDcy42YzA4Njk4OGVlYjAxNTY0ZjNkZTEw\nOWY4N2Y2ZjY0OQ==\n','2011-09-01 13:58:26'),('abd8c30c9abeb6223f093bf9685e4681','gAJ9cQFVD2RqYW5nb19sYW5ndWFnZXECWAIAAABlbnEDcy42YzA4Njk4OGVlYjAxNTY0ZjNkZTEw\nOWY4N2Y2ZjY0OQ==\n','2011-09-01 13:58:49'),('eb879acce8b9be69cd50c51b4fc4dcc4','gAJ9cQFVD2RqYW5nb19sYW5ndWFnZXECWAIAAABlbnEDcy42YzA4Njk4OGVlYjAxNTY0ZjNkZTEw\nOWY4N2Y2ZjY0OQ==\n','2011-09-01 13:58:54'),('a9063b7d586bde0a984bdf6cd6ad8887','gAJ9cQFVD2RqYW5nb19sYW5ndWFnZXECWAIAAABlbnEDcy42YzA4Njk4OGVlYjAxNTY0ZjNkZTEw\nOWY4N2Y2ZjY0OQ==\n','2011-09-01 14:00:15'),('ac515e4f8d91a5851dd48a74cc4ce9bd','gAJ9cQFVD2RqYW5nb19sYW5ndWFnZXECWAIAAABlbnEDcy42YzA4Njk4OGVlYjAxNTY0ZjNkZTEw\nOWY4N2Y2ZjY0OQ==\n','2011-09-01 14:00:32'),('51fdb81b9f37d083c0498d9f8e457ecb','gAJ9cQFVD2RqYW5nb19sYW5ndWFnZXECWAIAAABlbnEDcy42YzA4Njk4OGVlYjAxNTY0ZjNkZTEw\nOWY4N2Y2ZjY0OQ==\n','2011-09-01 14:01:59'),('11a6c7164b95ac5fdb5713ff635b2c65','gAJ9cQFVD2RqYW5nb19sYW5ndWFnZXECWAIAAABlbnEDcy42YzA4Njk4OGVlYjAxNTY0ZjNkZTEw\nOWY4N2Y2ZjY0OQ==\n','2011-09-01 14:02:34'),('b933f4b6c8870e150b74bb74f6b13335','gAJ9cQFVD2RqYW5nb19sYW5ndWFnZXECWAIAAABlbnEDcy42YzA4Njk4OGVlYjAxNTY0ZjNkZTEw\nOWY4N2Y2ZjY0OQ==\n','2011-09-01 14:02:51'),('8ce4fcd0b4e7bbc7978271ab832f7936','gAJ9cQFVD2RqYW5nb19sYW5ndWFnZXECWAIAAABlbnEDcy42YzA4Njk4OGVlYjAxNTY0ZjNkZTEw\nOWY4N2Y2ZjY0OQ==\n','2011-09-01 14:04:46'),('d9f164e18e10abcc0cb390880c2715b4','gAJ9cQFVD2RqYW5nb19sYW5ndWFnZXECWAIAAABlbnEDcy42YzA4Njk4OGVlYjAxNTY0ZjNkZTEw\nOWY4N2Y2ZjY0OQ==\n','2011-09-01 14:05:33'),('74d982ed54606b47cb8321861482364f','gAJ9cQFVD2RqYW5nb19sYW5ndWFnZXECWAIAAABlbnEDcy42YzA4Njk4OGVlYjAxNTY0ZjNkZTEw\nOWY4N2Y2ZjY0OQ==\n','2011-09-01 14:05:38'),('a8410eaac229fbb081854459578c7b63','gAJ9cQFVD2RqYW5nb19sYW5ndWFnZXECWAIAAABlbnEDcy42YzA4Njk4OGVlYjAxNTY0ZjNkZTEw\nOWY4N2Y2ZjY0OQ==\n','2011-09-01 14:06:30'),('3ade9e6d7d695a39795c5f15bed8cd4c','gAJ9cQFVD2RqYW5nb19sYW5ndWFnZXECWAIAAABlbnEDcy42YzA4Njk4OGVlYjAxNTY0ZjNkZTEw\nOWY4N2Y2ZjY0OQ==\n','2011-09-01 14:06:47'),('4394bf1841b786c016d2d1864b428a6d','gAJ9cQFVD2RqYW5nb19sYW5ndWFnZXECWAIAAABlbnEDcy42YzA4Njk4OGVlYjAxNTY0ZjNkZTEw\nOWY4N2Y2ZjY0OQ==\n','2011-09-01 14:10:20'),('941551c26e8bce3b687c9e65107017d0','gAJ9cQFVD2RqYW5nb19sYW5ndWFnZXECWAIAAABlbnEDcy42YzA4Njk4OGVlYjAxNTY0ZjNkZTEw\nOWY4N2Y2ZjY0OQ==\n','2011-09-01 14:13:31'),('5f377a07cdf0ac1cfbe50f81e60e8bff','gAJ9cQFVD2RqYW5nb19sYW5ndWFnZXECWAIAAABlbnEDcy42YzA4Njk4OGVlYjAxNTY0ZjNkZTEw\nOWY4N2Y2ZjY0OQ==\n','2011-09-01 14:16:22'),('be5bd73d0ab6c3e53694dc707c3c44e5','gAJ9cQFVD2RqYW5nb19sYW5ndWFnZXECWAIAAABlbnEDcy42YzA4Njk4OGVlYjAxNTY0ZjNkZTEw\nOWY4N2Y2ZjY0OQ==\n','2011-09-01 14:22:42'),('2f4bdefb82285a5247be8b40cfeb4dc8','gAJ9cQFVD2RqYW5nb19sYW5ndWFnZXECWAIAAABlbnEDcy42YzA4Njk4OGVlYjAxNTY0ZjNkZTEw\nOWY4N2Y2ZjY0OQ==\n','2011-09-01 14:22:59'),('d541632db74b46ea213d1ad91d6ea5d1','gAJ9cQFVD2RqYW5nb19sYW5ndWFnZXECWAIAAABlbnEDcy42YzA4Njk4OGVlYjAxNTY0ZjNkZTEw\nOWY4N2Y2ZjY0OQ==\n','2011-09-01 14:24:02'),('098382f1667b39882968d530283b60c1','gAJ9cQFVD2RqYW5nb19sYW5ndWFnZXECWAIAAABlbnEDcy42YzA4Njk4OGVlYjAxNTY0ZjNkZTEw\nOWY4N2Y2ZjY0OQ==\n','2011-09-01 14:25:45'),('f09ade2345437ca9b1cee2cfa39279af','gAJ9cQFVD2RqYW5nb19sYW5ndWFnZXECWAIAAABlbnEDcy42YzA4Njk4OGVlYjAxNTY0ZjNkZTEw\nOWY4N2Y2ZjY0OQ==\n','2011-09-01 14:27:02'),('3413515863bf9a1b7a488f416aec544c','gAJ9cQFVD2RqYW5nb19sYW5ndWFnZXECWAIAAABlbnEDcy42YzA4Njk4OGVlYjAxNTY0ZjNkZTEw\nOWY4N2Y2ZjY0OQ==\n','2011-09-01 14:27:48'),('40727aff0b0b6e5c8d28c6c4a328e6e8','gAJ9cQFVD2RqYW5nb19sYW5ndWFnZXECWAIAAABlbnEDcy42YzA4Njk4OGVlYjAxNTY0ZjNkZTEw\nOWY4N2Y2ZjY0OQ==\n','2011-09-01 14:28:02'),('356a8e93f70e9b4fbae4dabb75e78e76','gAJ9cQFVD2RqYW5nb19sYW5ndWFnZXECWAIAAABlbnEDcy42YzA4Njk4OGVlYjAxNTY0ZjNkZTEw\nOWY4N2Y2ZjY0OQ==\n','2011-09-01 14:28:14'),('5d81be9d06a8e30bfec1919cc3c8757c','gAJ9cQFVD2RqYW5nb19sYW5ndWFnZXECWAIAAABlbnEDcy42YzA4Njk4OGVlYjAxNTY0ZjNkZTEw\nOWY4N2Y2ZjY0OQ==\n','2011-09-01 14:28:21'),('eaba26a7ee3d74c566e41d72614581ac','gAJ9cQFVD2RqYW5nb19sYW5ndWFnZXECWAIAAABlbnEDcy42YzA4Njk4OGVlYjAxNTY0ZjNkZTEw\nOWY4N2Y2ZjY0OQ==\n','2011-09-01 14:28:48'),('3325ff656f9f949cee40e96e790b8beb','gAJ9cQFVD2RqYW5nb19sYW5ndWFnZXECWAIAAABlbnEDcy42YzA4Njk4OGVlYjAxNTY0ZjNkZTEw\nOWY4N2Y2ZjY0OQ==\n','2011-09-01 14:30:38'),('69b1802249d74747f939b747ab74d6c9','gAJ9cQFVD2RqYW5nb19sYW5ndWFnZXECWAIAAABlbnEDcy42YzA4Njk4OGVlYjAxNTY0ZjNkZTEw\nOWY4N2Y2ZjY0OQ==\n','2011-09-01 14:31:10'),('6276ea66c8253a439edcfe192197d6fc','gAJ9cQFVD2RqYW5nb19sYW5ndWFnZXECWAIAAABlbnEDcy42YzA4Njk4OGVlYjAxNTY0ZjNkZTEw\nOWY4N2Y2ZjY0OQ==\n','2011-09-01 14:32:47'),('e528636b36bd4e91d9310782f517325b','gAJ9cQFVD2RqYW5nb19sYW5ndWFnZXECWAIAAABlbnEDcy42YzA4Njk4OGVlYjAxNTY0ZjNkZTEw\nOWY4N2Y2ZjY0OQ==\n','2011-09-01 14:33:02'),('55ab16caa29a86be1a7a8e05a21f9dac','gAJ9cQFVD2RqYW5nb19sYW5ndWFnZXECWAIAAABlbnEDcy42YzA4Njk4OGVlYjAxNTY0ZjNkZTEw\nOWY4N2Y2ZjY0OQ==\n','2011-09-01 14:35:26'),('7702a09528addc071c13cc21eda21e6d','gAJ9cQFVD2RqYW5nb19sYW5ndWFnZXECWAIAAABlbnEDcy42YzA4Njk4OGVlYjAxNTY0ZjNkZTEw\nOWY4N2Y2ZjY0OQ==\n','2011-09-01 14:35:42'),('714c0090404bf01ce3e554a082dfd0ee','gAJ9cQFVD2RqYW5nb19sYW5ndWFnZXECWAIAAABlbnEDcy42YzA4Njk4OGVlYjAxNTY0ZjNkZTEw\nOWY4N2Y2ZjY0OQ==\n','2011-09-01 14:36:20'),('01a281e93dc115bac47befd496fb01d0','gAJ9cQFVD2RqYW5nb19sYW5ndWFnZXECWAIAAABlbnEDcy42YzA4Njk4OGVlYjAxNTY0ZjNkZTEw\nOWY4N2Y2ZjY0OQ==\n','2011-09-01 14:36:43'),('a3339f1c89035d7200360a11a9e80b07','gAJ9cQFVD2RqYW5nb19sYW5ndWFnZXECWAIAAABlbnEDcy42YzA4Njk4OGVlYjAxNTY0ZjNkZTEw\nOWY4N2Y2ZjY0OQ==\n','2011-09-01 14:38:38'),('7925ee0f9a8d1bb34195938c90af61a6','gAJ9cQFVD2RqYW5nb19sYW5ndWFnZXECWAIAAABlbnEDcy42YzA4Njk4OGVlYjAxNTY0ZjNkZTEw\nOWY4N2Y2ZjY0OQ==\n','2011-09-01 14:38:58'),('8e0e5ca9ad116c8b51c2f7934c0a7437','gAJ9cQFVD2RqYW5nb19sYW5ndWFnZXECWAIAAABlbnEDcy42YzA4Njk4OGVlYjAxNTY0ZjNkZTEw\nOWY4N2Y2ZjY0OQ==\n','2011-09-01 14:39:08'),('195c2c932ebe299c53abcaca0b1cf946','gAJ9cQFVD2RqYW5nb19sYW5ndWFnZXECWAIAAABlbnEDcy42YzA4Njk4OGVlYjAxNTY0ZjNkZTEw\nOWY4N2Y2ZjY0OQ==\n','2011-09-01 14:39:54'),('96446922e52f73b0c409c2293d844527','gAJ9cQFVD2RqYW5nb19sYW5ndWFnZXECWAIAAABlbnEDcy42YzA4Njk4OGVlYjAxNTY0ZjNkZTEw\nOWY4N2Y2ZjY0OQ==\n','2011-09-01 14:40:40'),('a372f458e3a82a32b33c8d42bd2e6289','gAJ9cQFVD2RqYW5nb19sYW5ndWFnZXECWAIAAABlbnEDcy42YzA4Njk4OGVlYjAxNTY0ZjNkZTEw\nOWY4N2Y2ZjY0OQ==\n','2011-09-01 14:41:39'),('35ac3649b583a3ebcffbe7f4b4a08bc2','gAJ9cQFVD2RqYW5nb19sYW5ndWFnZXECWAIAAABlbnEDcy42YzA4Njk4OGVlYjAxNTY0ZjNkZTEw\nOWY4N2Y2ZjY0OQ==\n','2011-09-01 14:42:07'),('e44fb67251ccb04642d94f4bf89e08dd','gAJ9cQFVD2RqYW5nb19sYW5ndWFnZXECWAIAAABlbnEDcy42YzA4Njk4OGVlYjAxNTY0ZjNkZTEw\nOWY4N2Y2ZjY0OQ==\n','2011-09-01 14:45:46'),('72717e175bb7cdd2099c7d0e322d2fce','gAJ9cQFVD2RqYW5nb19sYW5ndWFnZXECWAIAAABlbnEDcy42YzA4Njk4OGVlYjAxNTY0ZjNkZTEw\nOWY4N2Y2ZjY0OQ==\n','2011-09-01 14:46:09'),('41bff1be449050269fcdb8d3ac98d84f','gAJ9cQFVD2RqYW5nb19sYW5ndWFnZXECWAIAAABlbnEDcy42YzA4Njk4OGVlYjAxNTY0ZjNkZTEw\nOWY4N2Y2ZjY0OQ==\n','2011-09-01 14:47:21'),('18bd849f74f88037d682f6084e4280e9','gAJ9cQFVD2RqYW5nb19sYW5ndWFnZXECWAIAAABlbnEDcy42YzA4Njk4OGVlYjAxNTY0ZjNkZTEw\nOWY4N2Y2ZjY0OQ==\n','2011-09-01 14:50:02'),('a15241b7b4e0dadb8ec7b7bf502b0814','gAJ9cQFVD2RqYW5nb19sYW5ndWFnZXECWAIAAABlbnEDcy42YzA4Njk4OGVlYjAxNTY0ZjNkZTEw\nOWY4N2Y2ZjY0OQ==\n','2011-09-01 14:51:48'),('4ecf0e77b631d81da37b5982c54669f2','gAJ9cQFVD2RqYW5nb19sYW5ndWFnZXECWAIAAABlbnEDcy42YzA4Njk4OGVlYjAxNTY0ZjNkZTEw\nOWY4N2Y2ZjY0OQ==\n','2011-09-01 14:51:52'),('e460bcc3548f2fbab9a4ed0db30e1bcc','gAJ9cQFVD2RqYW5nb19sYW5ndWFnZXECWAIAAABlbnEDcy42YzA4Njk4OGVlYjAxNTY0ZjNkZTEw\nOWY4N2Y2ZjY0OQ==\n','2011-09-01 14:53:41'),('9078e5fe08bde5d93051db478a6c02a2','gAJ9cQFVD2RqYW5nb19sYW5ndWFnZXECWAIAAABlbnEDcy42YzA4Njk4OGVlYjAxNTY0ZjNkZTEw\nOWY4N2Y2ZjY0OQ==\n','2011-09-01 14:55:02'),('c9ce2d6b770bbfd9286371a7e02ab43d','gAJ9cQFVD2RqYW5nb19sYW5ndWFnZXECWAIAAABlbnEDcy42YzA4Njk4OGVlYjAxNTY0ZjNkZTEw\nOWY4N2Y2ZjY0OQ==\n','2011-09-01 14:55:51'),('be4c4788c0c3bb2d1e7931707434ac5e','gAJ9cQFVD2RqYW5nb19sYW5ndWFnZXECWAIAAABlbnEDcy42YzA4Njk4OGVlYjAxNTY0ZjNkZTEw\nOWY4N2Y2ZjY0OQ==\n','2011-09-01 14:58:17'),('009b9bf5c287878856f079d8336ac64a','gAJ9cQFVD2RqYW5nb19sYW5ndWFnZXECWAIAAABlbnEDcy42YzA4Njk4OGVlYjAxNTY0ZjNkZTEw\nOWY4N2Y2ZjY0OQ==\n','2011-09-01 14:59:12'),('f8928fb57fdb4eb46f98f037e97e775f','gAJ9cQFVD2RqYW5nb19sYW5ndWFnZXECWAIAAABlbnEDcy42YzA4Njk4OGVlYjAxNTY0ZjNkZTEw\nOWY4N2Y2ZjY0OQ==\n','2011-09-01 15:01:32'),('7dc538076fe5de29e4ba2c833a5a2509','gAJ9cQFVD2RqYW5nb19sYW5ndWFnZXECWAIAAABlbnEDcy42YzA4Njk4OGVlYjAxNTY0ZjNkZTEw\nOWY4N2Y2ZjY0OQ==\n','2011-09-01 15:02:34'),('301cba8d4bc138492e000f7e1e562b7a','gAJ9cQFVD2RqYW5nb19sYW5ndWFnZXECWAIAAABlbnEDcy42YzA4Njk4OGVlYjAxNTY0ZjNkZTEw\nOWY4N2Y2ZjY0OQ==\n','2011-09-01 15:05:50'),('4b166bcc7fad2197eb9ca322747c528c','gAJ9cQFVD2RqYW5nb19sYW5ndWFnZXECWAIAAABlbnEDcy42YzA4Njk4OGVlYjAxNTY0ZjNkZTEw\nOWY4N2Y2ZjY0OQ==\n','2011-09-01 15:05:58'),('f392eb0f682ea309191ffb8bcfed6daa','gAJ9cQFVD2RqYW5nb19sYW5ndWFnZXECWAIAAABlbnEDcy42YzA4Njk4OGVlYjAxNTY0ZjNkZTEw\nOWY4N2Y2ZjY0OQ==\n','2011-09-01 15:06:38'),('c8bb59932dec6dead4a5328ce229a9b0','gAJ9cQFVD2RqYW5nb19sYW5ndWFnZXECWAIAAABlbnEDcy42YzA4Njk4OGVlYjAxNTY0ZjNkZTEw\nOWY4N2Y2ZjY0OQ==\n','2011-09-01 15:09:18'),('2cd0c530f54367aca69f3cef5baa9f88','gAJ9cQFVD2RqYW5nb19sYW5ndWFnZXECWAIAAABlbnEDcy42YzA4Njk4OGVlYjAxNTY0ZjNkZTEw\nOWY4N2Y2ZjY0OQ==\n','2011-09-01 15:17:09'),('95319acb8a5a23dc4cafbad98a4060a1','gAJ9cQFVD2RqYW5nb19sYW5ndWFnZXECWAIAAABlbnEDcy42YzA4Njk4OGVlYjAxNTY0ZjNkZTEw\nOWY4N2Y2ZjY0OQ==\n','2011-09-01 15:18:02'),('7dbc5fb13b0b330fe3fee553ba0f9e96','gAJ9cQFVD2RqYW5nb19sYW5ndWFnZXECWAIAAABlbnEDcy42YzA4Njk4OGVlYjAxNTY0ZjNkZTEw\nOWY4N2Y2ZjY0OQ==\n','2011-09-01 15:19:45'),('946ca2caa1427025a55529e574de09a1','gAJ9cQFVD2RqYW5nb19sYW5ndWFnZXECWAIAAABlbnEDcy42YzA4Njk4OGVlYjAxNTY0ZjNkZTEw\nOWY4N2Y2ZjY0OQ==\n','2011-09-01 15:22:19'),('8089f805e588ced9cbce274d944487f5','gAJ9cQFVD2RqYW5nb19sYW5ndWFnZXECWAIAAABlbnEDcy42YzA4Njk4OGVlYjAxNTY0ZjNkZTEw\nOWY4N2Y2ZjY0OQ==\n','2011-09-01 15:22:59'),('dcd5c0ec037c61706dad58bcadc9288e','gAJ9cQFVD2RqYW5nb19sYW5ndWFnZXECWAIAAABlbnEDcy42YzA4Njk4OGVlYjAxNTY0ZjNkZTEw\nOWY4N2Y2ZjY0OQ==\n','2011-09-01 15:27:37'),('7caa0308ec7052b274c73b6f2cc4977b','gAJ9cQFVD2RqYW5nb19sYW5ndWFnZXECWAIAAABlbnEDcy42YzA4Njk4OGVlYjAxNTY0ZjNkZTEw\nOWY4N2Y2ZjY0OQ==\n','2011-09-01 15:28:41'),('2896925b3eb98d6756771b987b4fdaf2','gAJ9cQFVD2RqYW5nb19sYW5ndWFnZXECWAIAAABlbnEDcy42YzA4Njk4OGVlYjAxNTY0ZjNkZTEw\nOWY4N2Y2ZjY0OQ==\n','2011-09-01 15:29:06'),('4bb89422571023704265e4220ba9bb03','gAJ9cQFVD2RqYW5nb19sYW5ndWFnZXECWAIAAABlbnEDcy42YzA4Njk4OGVlYjAxNTY0ZjNkZTEw\nOWY4N2Y2ZjY0OQ==\n','2011-09-01 15:29:11'),('26f2823d4a130dfe30617e19c80cf099','gAJ9cQFVD2RqYW5nb19sYW5ndWFnZXECWAIAAABlbnEDcy42YzA4Njk4OGVlYjAxNTY0ZjNkZTEw\nOWY4N2Y2ZjY0OQ==\n','2011-09-01 15:29:44'),('0341214dd873df2014d98e2c22bc9fba','gAJ9cQFVD2RqYW5nb19sYW5ndWFnZXECWAIAAABlbnEDcy42YzA4Njk4OGVlYjAxNTY0ZjNkZTEw\nOWY4N2Y2ZjY0OQ==\n','2011-09-01 15:31:23'),('8cd0f11ecb1059bfed067d3e6fb98710','gAJ9cQFVD2RqYW5nb19sYW5ndWFnZXECWAIAAABlbnEDcy42YzA4Njk4OGVlYjAxNTY0ZjNkZTEw\nOWY4N2Y2ZjY0OQ==\n','2011-09-01 15:31:56'),('52b0b8966caf1aa61f31f137e3263c87','gAJ9cQFVD2RqYW5nb19sYW5ndWFnZXECWAIAAABlbnEDcy42YzA4Njk4OGVlYjAxNTY0ZjNkZTEw\nOWY4N2Y2ZjY0OQ==\n','2011-09-01 15:33:04'),('97b99b4cd9f2e760b0a5f7c2835e658f','gAJ9cQFVD2RqYW5nb19sYW5ndWFnZXECWAIAAABlbnEDcy42YzA4Njk4OGVlYjAxNTY0ZjNkZTEw\nOWY4N2Y2ZjY0OQ==\n','2011-09-01 15:33:20'),('c7917e10b9ba2478d68d56164539d1ac','gAJ9cQFVD2RqYW5nb19sYW5ndWFnZXECWAIAAABlbnEDcy42YzA4Njk4OGVlYjAxNTY0ZjNkZTEw\nOWY4N2Y2ZjY0OQ==\n','2011-09-01 15:33:49'),('efa58361e178ac457e30e6ce79a109da','gAJ9cQFVD2RqYW5nb19sYW5ndWFnZXECWAIAAABlbnEDcy42YzA4Njk4OGVlYjAxNTY0ZjNkZTEw\nOWY4N2Y2ZjY0OQ==\n','2011-09-01 15:39:03'),('01b4aa815c3ddcfbf58f417946a1070e','gAJ9cQFVD2RqYW5nb19sYW5ndWFnZXECWAIAAABlbnEDcy42YzA4Njk4OGVlYjAxNTY0ZjNkZTEw\nOWY4N2Y2ZjY0OQ==\n','2011-09-01 15:46:24'),('4b324a189b4cb24d584c905fd4587f48','gAJ9cQFVD2RqYW5nb19sYW5ndWFnZXECWAIAAABlbnEDcy42YzA4Njk4OGVlYjAxNTY0ZjNkZTEw\nOWY4N2Y2ZjY0OQ==\n','2011-09-01 15:47:50'),('b9e600af1c13b3c0d195d59efb42c1fd','gAJ9cQFVD2RqYW5nb19sYW5ndWFnZXECWAIAAABlbnEDcy42YzA4Njk4OGVlYjAxNTY0ZjNkZTEw\nOWY4N2Y2ZjY0OQ==\n','2011-09-01 15:49:02'),('e6a40c8842081e700564027ee16df8db','gAJ9cQFVD2RqYW5nb19sYW5ndWFnZXECWAIAAABlbnEDcy42YzA4Njk4OGVlYjAxNTY0ZjNkZTEw\nOWY4N2Y2ZjY0OQ==\n','2011-09-01 15:50:09'),('b10f8756a100386e82aeae95b2fe66c5','gAJ9cQFVD2RqYW5nb19sYW5ndWFnZXECWAIAAABlbnEDcy42YzA4Njk4OGVlYjAxNTY0ZjNkZTEw\nOWY4N2Y2ZjY0OQ==\n','2011-09-01 15:51:10'),('58e75f6469ac61fa6195b34aba8ca3df','gAJ9cQFVD2RqYW5nb19sYW5ndWFnZXECWAIAAABlbnEDcy42YzA4Njk4OGVlYjAxNTY0ZjNkZTEw\nOWY4N2Y2ZjY0OQ==\n','2011-09-01 15:51:34'),('88cb2280e240e719a99e8dfe703a6230','gAJ9cQFVD2RqYW5nb19sYW5ndWFnZXECWAIAAABlbnEDcy42YzA4Njk4OGVlYjAxNTY0ZjNkZTEw\nOWY4N2Y2ZjY0OQ==\n','2011-09-01 15:52:04'),('138176b4c5dd1dfeb34e1161ca8e9b49','gAJ9cQFVD2RqYW5nb19sYW5ndWFnZXECWAIAAABlbnEDcy42YzA4Njk4OGVlYjAxNTY0ZjNkZTEw\nOWY4N2Y2ZjY0OQ==\n','2011-09-01 15:52:32'),('f61fd862669a7ef4e45fcd3fc2e19a34','gAJ9cQFVD2RqYW5nb19sYW5ndWFnZXECWAIAAABlbnEDcy42YzA4Njk4OGVlYjAxNTY0ZjNkZTEw\nOWY4N2Y2ZjY0OQ==\n','2011-09-01 15:53:29'),('ef82104d8d05466445d4394df17e4adb','gAJ9cQFVD2RqYW5nb19sYW5ndWFnZXECWAIAAABlbnEDcy42YzA4Njk4OGVlYjAxNTY0ZjNkZTEw\nOWY4N2Y2ZjY0OQ==\n','2011-09-01 15:54:08'),('d7b5bda9de95a6b8f473eba1cfe587fc','gAJ9cQFVD2RqYW5nb19sYW5ndWFnZXECWAIAAABlbnEDcy42YzA4Njk4OGVlYjAxNTY0ZjNkZTEw\nOWY4N2Y2ZjY0OQ==\n','2011-09-01 15:55:58'),('c2340b2679d8f706376d18c685d22708','gAJ9cQFVD2RqYW5nb19sYW5ndWFnZXECWAIAAABlbnEDcy42YzA4Njk4OGVlYjAxNTY0ZjNkZTEw\nOWY4N2Y2ZjY0OQ==\n','2011-09-01 15:57:51'),('2a591f319ea3e7bb6fb29953f43388c1','gAJ9cQFVD2RqYW5nb19sYW5ndWFnZXECWAIAAABlbnEDcy42YzA4Njk4OGVlYjAxNTY0ZjNkZTEw\nOWY4N2Y2ZjY0OQ==\n','2011-09-01 15:58:38'),('38bfcf01c525cadad83a76f38e6e466b','gAJ9cQFVD2RqYW5nb19sYW5ndWFnZXECWAIAAABlbnEDcy42YzA4Njk4OGVlYjAxNTY0ZjNkZTEw\nOWY4N2Y2ZjY0OQ==\n','2011-09-01 15:59:42'),('6440ef68e104ccddf5880a458972fe04','gAJ9cQFVD2RqYW5nb19sYW5ndWFnZXECWAIAAABlbnEDcy42YzA4Njk4OGVlYjAxNTY0ZjNkZTEw\nOWY4N2Y2ZjY0OQ==\n','2011-09-01 16:01:04'),('7ab546a5e0bc7584d176498fd292f485','gAJ9cQFVD2RqYW5nb19sYW5ndWFnZXECWAIAAABlbnEDcy42YzA4Njk4OGVlYjAxNTY0ZjNkZTEw\nOWY4N2Y2ZjY0OQ==\n','2011-09-01 16:01:10'),('2d71014d45234ae26ef962f6389585cf','gAJ9cQFVD2RqYW5nb19sYW5ndWFnZXECWAIAAABlbnEDcy42YzA4Njk4OGVlYjAxNTY0ZjNkZTEw\nOWY4N2Y2ZjY0OQ==\n','2011-09-01 16:01:21'),('344eb7abc0bbb16b684bba93ee68b4ce','gAJ9cQFVD2RqYW5nb19sYW5ndWFnZXECWAIAAABlbnEDcy42YzA4Njk4OGVlYjAxNTY0ZjNkZTEw\nOWY4N2Y2ZjY0OQ==\n','2011-09-01 16:03:26'),('e1cf136677c18f653bdf528e7f83f1be','gAJ9cQFVD2RqYW5nb19sYW5ndWFnZXECWAIAAABlbnEDcy42YzA4Njk4OGVlYjAxNTY0ZjNkZTEw\nOWY4N2Y2ZjY0OQ==\n','2011-09-01 16:08:01'),('620df6195048f173a4501f44aa097374','gAJ9cQFVD2RqYW5nb19sYW5ndWFnZXECWAIAAABlbnEDcy42YzA4Njk4OGVlYjAxNTY0ZjNkZTEw\nOWY4N2Y2ZjY0OQ==\n','2011-09-01 16:20:24'),('e07317a4e9c4013da0ed974a417ad03d','gAJ9cQFVD2RqYW5nb19sYW5ndWFnZXECWAIAAABlbnEDcy42YzA4Njk4OGVlYjAxNTY0ZjNkZTEw\nOWY4N2Y2ZjY0OQ==\n','2011-09-01 16:25:23'),('e88b3a8ba1d33a15c809534814f6673c','gAJ9cQFVD2RqYW5nb19sYW5ndWFnZXECWAIAAABlbnEDcy42YzA4Njk4OGVlYjAxNTY0ZjNkZTEw\nOWY4N2Y2ZjY0OQ==\n','2011-09-01 16:27:35'),('af8e52f9020d336f8691f49ab7b2ec79','gAJ9cQFVD2RqYW5nb19sYW5ndWFnZXECWAIAAABlbnEDcy42YzA4Njk4OGVlYjAxNTY0ZjNkZTEw\nOWY4N2Y2ZjY0OQ==\n','2011-09-01 16:28:20'),('ea12437a80a61cb4dfd556ac4b6f3045','gAJ9cQFVD2RqYW5nb19sYW5ndWFnZXECWAIAAABlbnEDcy42YzA4Njk4OGVlYjAxNTY0ZjNkZTEw\nOWY4N2Y2ZjY0OQ==\n','2011-09-01 16:33:13'),('fe2e565be071d4644ee7687ab8498641','gAJ9cQFVD2RqYW5nb19sYW5ndWFnZXECWAIAAABlbnEDcy42YzA4Njk4OGVlYjAxNTY0ZjNkZTEw\nOWY4N2Y2ZjY0OQ==\n','2011-09-01 16:34:33'),('859e73e410b0ca342d75a7bb2d0b76f4','gAJ9cQFVD2RqYW5nb19sYW5ndWFnZXECWAIAAABlbnEDcy42YzA4Njk4OGVlYjAxNTY0ZjNkZTEw\nOWY4N2Y2ZjY0OQ==\n','2011-09-01 16:35:46'),('6a63d31d2214e2243eaafcc263f9f223','gAJ9cQFVD2RqYW5nb19sYW5ndWFnZXECWAIAAABlbnEDcy42YzA4Njk4OGVlYjAxNTY0ZjNkZTEw\nOWY4N2Y2ZjY0OQ==\n','2011-09-01 16:37:38'),('3ae7535a3ec25ea07be5b17a98fce138','gAJ9cQFVD2RqYW5nb19sYW5ndWFnZXECWAIAAABlbnEDcy42YzA4Njk4OGVlYjAxNTY0ZjNkZTEw\nOWY4N2Y2ZjY0OQ==\n','2011-09-01 16:39:08'),('be3e1bb6f5573135c543c9ef2a5b1645','gAJ9cQFVD2RqYW5nb19sYW5ndWFnZXECWAIAAABlbnEDcy42YzA4Njk4OGVlYjAxNTY0ZjNkZTEw\nOWY4N2Y2ZjY0OQ==\n','2011-09-01 16:40:38'),('345031e25eedae2a87fbb2a5d4041c38','gAJ9cQFVD2RqYW5nb19sYW5ndWFnZXECWAIAAABlbnEDcy42YzA4Njk4OGVlYjAxNTY0ZjNkZTEw\nOWY4N2Y2ZjY0OQ==\n','2011-09-01 16:41:06'),('0b7fe0adf50b7be177a1a29c5251a0b1','gAJ9cQFVD2RqYW5nb19sYW5ndWFnZXECWAIAAABlbnEDcy42YzA4Njk4OGVlYjAxNTY0ZjNkZTEw\nOWY4N2Y2ZjY0OQ==\n','2011-09-01 16:43:37'),('66d00949fd18790fdd2f966f2200d948','gAJ9cQFVD2RqYW5nb19sYW5ndWFnZXECWAIAAABlbnEDcy42YzA4Njk4OGVlYjAxNTY0ZjNkZTEw\nOWY4N2Y2ZjY0OQ==\n','2011-09-01 16:46:39'),('81b0c0352d523f14935d376c29b4fb76','gAJ9cQFVD2RqYW5nb19sYW5ndWFnZXECWAIAAABlbnEDcy42YzA4Njk4OGVlYjAxNTY0ZjNkZTEw\nOWY4N2Y2ZjY0OQ==\n','2011-09-01 16:54:21'),('2d42f5b333e16925312713ec27aa901c','gAJ9cQFVD2RqYW5nb19sYW5ndWFnZXECWAIAAABlbnEDcy42YzA4Njk4OGVlYjAxNTY0ZjNkZTEw\nOWY4N2Y2ZjY0OQ==\n','2011-09-01 17:07:42'),('d211e6c85048bb6f2d5b87238edc55c5','gAJ9cQFVD2RqYW5nb19sYW5ndWFnZXECWAIAAABlbnEDcy42YzA4Njk4OGVlYjAxNTY0ZjNkZTEw\nOWY4N2Y2ZjY0OQ==\n','2011-09-01 18:36:11'),('299587983dda61a1209b884d8bced211','gAJ9cQEoVQ5jbXNfYWRtaW5fc2l0ZXECigEBVRJfYXV0aF91c2VyX2JhY2tlbmRxA1UscHJvZmls\nZXMuYXV0aF9iYWNrZW5kcy5BdXRoZW50aWNhdGlvbkJhY2tlbmRxBFUIY21zX2VkaXRxBYlVDV9h\ndXRoX3VzZXJfaWRxBooBAVUPZGphbmdvX2xhbmd1YWdlcQdYAgAAAGVucQh1LjVkMmQ1MzU3NGMw\nZTgwMzkyN2NkMDliMDYwNTNmYzc0\n','2011-09-02 09:57:24'),('5a82e304cb6d615200af27a80c4a3668','gAJ9cQFVD2RqYW5nb19sYW5ndWFnZXECWAIAAABlbnEDcy42YzA4Njk4OGVlYjAxNTY0ZjNkZTEw\nOWY4N2Y2ZjY0OQ==\n','2011-09-01 18:37:44'),('6711662a85c4a15804543eabffa0901e','gAJ9cQFVD2RqYW5nb19sYW5ndWFnZXECWAIAAABlbnEDcy42YzA4Njk4OGVlYjAxNTY0ZjNkZTEw\nOWY4N2Y2ZjY0OQ==\n','2011-09-01 18:39:49'),('153c7173d98f786986b0d587f4854212','gAJ9cQFVD2RqYW5nb19sYW5ndWFnZXECWAIAAABlbnEDcy42YzA4Njk4OGVlYjAxNTY0ZjNkZTEw\nOWY4N2Y2ZjY0OQ==\n','2011-09-01 18:59:38'),('573ffe1e695542a1c0f7d5206f6ecaa6','gAJ9cQFVD2RqYW5nb19sYW5ndWFnZXECWAIAAABlbnEDcy42YzA4Njk4OGVlYjAxNTY0ZjNkZTEw\nOWY4N2Y2ZjY0OQ==\n','2011-09-03 17:47:48'),('b43f8398a6c7af25260d02848af70e1b','gAJ9cQFVD2RqYW5nb19sYW5ndWFnZXECWAIAAABlbnEDcy42YzA4Njk4OGVlYjAxNTY0ZjNkZTEw\nOWY4N2Y2ZjY0OQ==\n','2011-09-02 12:28:43'),('872d529043d1940ba5b030bb2e8363be','gAJ9cQFVD2RqYW5nb19sYW5ndWFnZXECWAIAAABlbnEDcy42YzA4Njk4OGVlYjAxNTY0ZjNkZTEw\nOWY4N2Y2ZjY0OQ==\n','2011-09-02 10:11:21'),('0cbeffbc4b5ff501fd28f0d6302172a3','gAJ9cQEoVQ5jbXNfYWRtaW5fc2l0ZXECigEBVQ1fYXV0aF91c2VyX2lkcQOKAQNVD2RqYW5nb19s\nYW5ndWFnZXEEWAIAAABlbnEFVRJfYXV0aF91c2VyX2JhY2tlbmRxBlUscHJvZmlsZXMuYXV0aF9i\nYWNrZW5kcy5BdXRoZW50aWNhdGlvbkJhY2tlbmRxB3UuMzRjOWMxNjc5YWE2ZTViYmMyZjY1MjQw\nNzM5MDhiMDA=\n','2011-09-02 07:06:53'),('ee35e3df1db3d5edc862414cf0ba4060','gAJ9cQFVD2RqYW5nb19sYW5ndWFnZXECWAIAAABlbnEDcy42YzA4Njk4OGVlYjAxNTY0ZjNkZTEw\nOWY4N2Y2ZjY0OQ==\n','2011-09-02 13:34:02'),('d62788f406c82b9b5b772bf117ee489c','gAJ9cQFVD2RqYW5nb19sYW5ndWFnZXECWAIAAABlbnEDcy42YzA4Njk4OGVlYjAxNTY0ZjNkZTEw\nOWY4N2Y2ZjY0OQ==\n','2011-09-03 05:11:44'),('00699f45dd7e784232f679048736ea8a','gAJ9cQFVD2RqYW5nb19sYW5ndWFnZXECWAIAAABlbnEDcy42YzA4Njk4OGVlYjAxNTY0ZjNkZTEw\nOWY4N2Y2ZjY0OQ==\n','2011-09-03 12:23:54'),('8ec42ca925407348c35b14299520dd1f','gAJ9cQFVD2RqYW5nb19sYW5ndWFnZXECWAIAAABlbnEDcy42YzA4Njk4OGVlYjAxNTY0ZjNkZTEw\nOWY4N2Y2ZjY0OQ==\n','2011-09-03 00:53:45');
/*!40000 ALTER TABLE `django_session` ENABLE KEYS */;
UNLOCK TABLES;

--
-- Table structure for table `django_site`
--

DROP TABLE IF EXISTS `django_site`;
SET @saved_cs_client     = @@character_set_client;
SET character_set_client = utf8;
CREATE TABLE `django_site` (
  `id` int(11) NOT NULL auto_increment,
  `domain` varchar(100) NOT NULL,
  `name` varchar(50) NOT NULL,
  PRIMARY KEY  (`id`)
) ENGINE=MyISAM AUTO_INCREMENT=2 DEFAULT CHARSET=latin1;
SET character_set_client = @saved_cs_client;

--
-- Dumping data for table `django_site`
--

LOCK TABLES `django_site` WRITE;
/*!40000 ALTER TABLE `django_site` DISABLE KEYS */;
INSERT INTO `django_site` VALUES (1,'example.com','example.com');
/*!40000 ALTER TABLE `django_site` ENABLE KEYS */;
UNLOCK TABLES;

--
-- Table structure for table `emailconfirmation_emailaddress`
--

DROP TABLE IF EXISTS `emailconfirmation_emailaddress`;
SET @saved_cs_client     = @@character_set_client;
SET character_set_client = utf8;
CREATE TABLE `emailconfirmation_emailaddress` (
  `id` int(11) NOT NULL auto_increment,
  `user_id` int(11) NOT NULL,
  `email` varchar(75) NOT NULL,
  `verified` tinyint(1) NOT NULL,
  `primary` tinyint(1) NOT NULL,
  PRIMARY KEY  (`id`),
  UNIQUE KEY `user_id` (`user_id`,`email`),
  KEY `emailconfirmation_emailaddress_403f60f` (`user_id`)
) ENGINE=MyISAM AUTO_INCREMENT=2 DEFAULT CHARSET=latin1;
SET character_set_client = @saved_cs_client;

--
-- Dumping data for table `emailconfirmation_emailaddress`
--

LOCK TABLES `emailconfirmation_emailaddress` WRITE;
/*!40000 ALTER TABLE `emailconfirmation_emailaddress` DISABLE KEYS */;
INSERT INTO `emailconfirmation_emailaddress` VALUES (1,1,'dan.peade@gmail.com',1,1);
/*!40000 ALTER TABLE `emailconfirmation_emailaddress` ENABLE KEYS */;
UNLOCK TABLES;

--
-- Table structure for table `emailconfirmation_emailconfirmation`
--

DROP TABLE IF EXISTS `emailconfirmation_emailconfirmation`;
SET @saved_cs_client     = @@character_set_client;
SET character_set_client = utf8;
CREATE TABLE `emailconfirmation_emailconfirmation` (
  `id` int(11) NOT NULL auto_increment,
  `email_address_id` int(11) NOT NULL,
  `sent` datetime NOT NULL,
  `confirmation_key` varchar(40) NOT NULL,
  PRIMARY KEY  (`id`),
  KEY `emailconfirmation_emailconfirmation_1df9fea4` (`email_address_id`)
) ENGINE=MyISAM DEFAULT CHARSET=latin1;
SET character_set_client = @saved_cs_client;

--
-- Dumping data for table `emailconfirmation_emailconfirmation`
--

LOCK TABLES `emailconfirmation_emailconfirmation` WRITE;
/*!40000 ALTER TABLE `emailconfirmation_emailconfirmation` DISABLE KEYS */;
/*!40000 ALTER TABLE `emailconfirmation_emailconfirmation` ENABLE KEYS */;
UNLOCK TABLES;

--
-- Table structure for table `features_feature`
--

DROP TABLE IF EXISTS `features_feature`;
SET @saved_cs_client     = @@character_set_client;
SET character_set_client = utf8;
CREATE TABLE `features_feature` (
  `id` int(11) NOT NULL auto_increment,
  `feature_set_id` int(11) default NULL,
  `content_type_id` int(11) NOT NULL,
  `object_id` int(10) unsigned NOT NULL,
  `active` tinyint(1) NOT NULL,
  `feature_summary` varchar(200) NOT NULL,
  `order` int(10) unsigned default NULL,
  PRIMARY KEY  (`id`),
  KEY `features_feature_50806fc4` (`feature_set_id`),
  KEY `features_feature_1bb8f392` (`content_type_id`)
) ENGINE=MyISAM AUTO_INCREMENT=7 DEFAULT CHARSET=latin1;
SET character_set_client = @saved_cs_client;

--
-- Dumping data for table `features_feature`
--

LOCK TABLES `features_feature` WRITE;
/*!40000 ALTER TABLE `features_feature` DISABLE KEYS */;
INSERT INTO `features_feature` VALUES (3,1,63,4,1,'The Community Charging Station is the core of the Energy For Opportunity programme model and is the lead project with our partner communities. ',2),(2,1,63,1,1,'Solar electricity greatly improves access to medical treatment and provides dramatic improvements in overall community health. EFO targets hospitals and clinics in rural locations for maximum impact.',3),(4,1,63,3,1,'The solar electricity sector cannot develop across West Africa without trained technical staff to design, install and maintain systems.',1),(5,1,63,2,1,'Education is a critical building block of any society and is a requirement for overall development. The education project is split into two distinct phases and targets Senior Secondary Schools.',4),(6,1,63,5,1,'Grid supplied electricity is limited in Sierra Leone and many organizations are forced to rely on problematic diesel and fuel powered generators for their electricity supply.',5);
/*!40000 ALTER TABLE `features_feature` ENABLE KEYS */;
UNLOCK TABLES;

--
-- Table structure for table `features_featureschedule`
--

DROP TABLE IF EXISTS `features_featureschedule`;
SET @saved_cs_client     = @@character_set_client;
SET character_set_client = utf8;
CREATE TABLE `features_featureschedule` (
  `id` int(11) NOT NULL auto_increment,
  `start_date_time` datetime NOT NULL,
  `end_date_time` datetime NOT NULL,
  PRIMARY KEY  (`id`)
) ENGINE=MyISAM DEFAULT CHARSET=latin1;
SET character_set_client = @saved_cs_client;

--
-- Dumping data for table `features_featureschedule`
--

LOCK TABLES `features_featureschedule` WRITE;
/*!40000 ALTER TABLE `features_featureschedule` DISABLE KEYS */;
/*!40000 ALTER TABLE `features_featureschedule` ENABLE KEYS */;
UNLOCK TABLES;

--
-- Table structure for table `features_featureset`
--

DROP TABLE IF EXISTS `features_featureset`;
SET @saved_cs_client     = @@character_set_client;
SET character_set_client = utf8;
CREATE TABLE `features_featureset` (
  `id` int(11) NOT NULL auto_increment,
  `site_feature_area_id` int(11) default NULL,
  PRIMARY KEY  (`id`),
  KEY `features_featureset_6625e811` (`site_feature_area_id`)
) ENGINE=MyISAM AUTO_INCREMENT=2 DEFAULT CHARSET=latin1;
SET character_set_client = @saved_cs_client;

--
-- Dumping data for table `features_featureset`
--

LOCK TABLES `features_featureset` WRITE;
/*!40000 ALTER TABLE `features_featureset` DISABLE KEYS */;
INSERT INTO `features_featureset` VALUES (1,1);
/*!40000 ALTER TABLE `features_featureset` ENABLE KEYS */;
UNLOCK TABLES;

--
-- Table structure for table `features_sitefeaturearea`
--

DROP TABLE IF EXISTS `features_sitefeaturearea`;
SET @saved_cs_client     = @@character_set_client;
SET character_set_client = utf8;
CREATE TABLE `features_sitefeaturearea` (
  `id` int(11) NOT NULL auto_increment,
  `site_id` int(11) default NULL,
  `area` varchar(50) NOT NULL,
  PRIMARY KEY  (`id`),
  UNIQUE KEY `site_id` (`site_id`,`area`),
  KEY `features_sitefeaturearea_6223029` (`site_id`)
) ENGINE=MyISAM AUTO_INCREMENT=2 DEFAULT CHARSET=latin1;
SET character_set_client = @saved_cs_client;

--
-- Dumping data for table `features_sitefeaturearea`
--

LOCK TABLES `features_sitefeaturearea` WRITE;
/*!40000 ALTER TABLE `features_sitefeaturearea` DISABLE KEYS */;
INSERT INTO `features_sitefeaturearea` VALUES (1,1,'home');
/*!40000 ALTER TABLE `features_sitefeaturearea` ENABLE KEYS */;
UNLOCK TABLES;

--
-- Table structure for table `images_image`
--

DROP TABLE IF EXISTS `images_image`;
SET @saved_cs_client     = @@character_set_client;
SET character_set_client = utf8;
CREATE TABLE `images_image` (
  `id` int(11) NOT NULL auto_increment,
  `slug` varchar(250) NOT NULL,
  `created` datetime NOT NULL,
  `modified` datetime NOT NULL,
  `created_by_id` int(11) default NULL,
  `modified_by_id` int(11) default NULL,
  `slide_show` tinyint(1) NOT NULL,
  `image` varchar(200) default NULL,
  `caption` longtext NOT NULL,
  `photographer` varchar(200) NOT NULL,
  `order` smallint(5) unsigned default NULL,
  `feature` tinyint(1) NOT NULL,
  `summary` tinyint(1) NOT NULL,
  PRIMARY KEY  (`id`),
  UNIQUE KEY `slug` (`slug`),
  KEY `images_image_4a21cf42` (`created_by_id`),
  KEY `images_image_6162aa58` (`modified_by_id`)
) ENGINE=MyISAM AUTO_INCREMENT=178 DEFAULT CHARSET=latin1;
SET character_set_client = @saved_cs_client;

--
-- Dumping data for table `images_image`
--

LOCK TABLES `images_image` WRITE;
/*!40000 ALTER TABLE `images_image` DISABLE KEYS */;
INSERT INTO `images_image` VALUES (125,'students-after-class-at-kamabai-secondary-school','2011-08-16 21:12:51','2011-08-16 21:12:51',NULL,NULL,1,'files/images/programmes/education/3.jpg','Students after class at Kamabai Secondary School','',NULL,0,0),(2,'jalloh-was-on-the-team-that-installed-a-solar-system-at-the-welbodi-clinic-in-koidu-town','2011-04-15 18:28:12','2011-08-16 21:20:41',NULL,NULL,1,'files/images/programmes/health/1.jpg','Jalloh was on the team that installed a solar system at the Welbodi Clinic in Koidu town','',NULL,1,1),(126,'the-vice-principal-kamakwie-junior-secondary-school','2011-08-16 21:12:51','2011-08-17 00:48:16',NULL,NULL,1,'files/images/programmes/education/4.jpg','The Vice Principal, Kamakwie Junior Secondary School','',NULL,0,0),(19,'brima-conteh-principal-of-the-junior-secondary-school-speaks-at-the-launching-of-the-solar-system-at-the-school','2011-08-13 16:03:35','2011-08-13 16:03:35',NULL,NULL,1,'files/images/projects/kamakwie_secondary_school/1.jpg','Brima Conteh, Principal of the Junior Secondary School speaks at the launching of the solar system at the school','',NULL,0,0),(20,'installing-the-last-of-the-nine-panels','2011-08-13 16:03:35','2011-08-13 16:03:35',NULL,NULL,1,'files/images/projects/kamakwie_secondary_school/2.jpg','Installing the last of the nine panels','',NULL,0,0),(8,'efo-trained-researchers-to-conduct-surveys-for-the-fao-flegt-project','2011-05-01 21:49:38','2011-08-17 04:24:56',NULL,NULL,1,'files/images/programmes/skills_training/1.jpg','EFO trained researchers to conduct surveys for the FAO-FLEGT project','',NULL,0,0),(128,'kailahun-govt-hospital-the-administration-building','2011-08-16 21:20:41','2011-08-16 21:20:41',NULL,NULL,1,'files/images/programmes/health/3.jpg','Kailahun Govt Hospital -the Administration Building','',NULL,0,0),(11,'monica-gbassay-kargba-centre-was-unemployed-until-she-received-training-from-enfo','2011-05-01 22:03:44','2011-08-17 21:43:25',NULL,NULL,1,'files/images/programmes/livelihoods/1.jpg','Monica Gbassay Kargba (centre) was unemployed until she received training from ENFO.','',NULL,1,1),(130,'the-gbendembu-wesleyan-clinic-powered-up-in-may-2011','2011-08-16 21:20:41','2011-08-16 21:20:41',NULL,NULL,1,'files/images/programmes/health/5.jpg','The Gbendembu Wesleyan clinic, powered up in May 2011','',NULL,0,0),(124,'solar-power-will-help-the-next-generation-of-students-by-enabling-night-classes-and-courses-in-computer-studies','2011-08-16 21:12:51','2011-08-17 00:48:16',NULL,NULL,1,'files/images/programmes/education/2.jpg','Solar power will help the next generation of students by enabling night classes and courses in computer studies','',NULL,1,1),(17,'a-large-solar-system-provided-by-unicef-to-this-complex-in-liberia-was-installed-by-efo','2011-07-02 14:45:57','2011-08-16 22:22:56',NULL,NULL,1,'files/images/programmes/promoting_solar/1.jpg','A large solar system, provided by UNICEF to this complex in Liberia was installed by EFO','',NULL,1,1),(129,'one-of-the-outdoor-lights-placed-at-the-main-gate-of-rokupa-govt-hospital-for-security-and-emergencies','2011-08-16 21:20:41','2011-08-16 21:20:41',NULL,NULL,1,'files/images/programmes/health/4.jpg','One of the outdoor lights placed at the main gate of Rokupa Govt. Hospital for security and emergencies','',NULL,0,0),(21,'laying-the-distribution-cables','2011-08-13 16:03:35','2011-08-13 16:03:35',NULL,NULL,1,'files/images/projects/kamakwie_secondary_school/3.jpg','Laying the distribution cables','',NULL,0,0),(22,'nizette-edwards-enfo-volunteer-setting-up-the-computer-lab','2011-08-13 16:03:35','2011-08-13 16:03:35',NULL,NULL,1,'files/images/projects/kamakwie_secondary_school/4.jpg','Nizette Edwards, ENFO volunteer, setting up the computer lab','',NULL,0,0),(23,'the-team-with-the-second-set-of-modules','2011-08-13 16:03:35','2011-08-13 16:03:53',NULL,NULL,1,'files/images/projects/kamakwie_secondary_school/5.jpg','The team with the second set of modules','',NULL,1,1),(24,'idrissa-finishing-the-wiring-in-the-control-room','2011-08-13 17:01:27','2011-08-13 17:01:27',NULL,NULL,1,'files/images/projects/kamabai_secondary_school/1.jpg','Idrissa finishing the wiring in the control room','',NULL,0,0),(25,'idrissa-mounting-the-panels-at-kamabai-secondary-school','2011-08-13 17:01:27','2011-08-13 17:01:27',NULL,NULL,1,'files/images/projects/kamabai_secondary_school/2.jpg','Idrissa mounting the panels at Kamabai Secondary School','',NULL,1,1),(26,'kamabai-ss','2011-08-13 17:01:27','2011-08-13 17:01:27',NULL,NULL,1,'files/images/projects/kamabai_secondary_school/3.jpg','Kamabai SS','',NULL,0,0),(27,'kamabai-senior-secondary-school-has-934-students','2011-08-13 17:01:27','2011-08-13 17:01:27',NULL,NULL,1,'files/images/projects/kamabai_secondary_school/4.jpg','Kamabai Senior Secondary School has 934 students','',NULL,0,0),(28,'relaxing-after-class-at-kamabai','2011-08-13 17:01:27','2011-08-13 17:01:27',NULL,NULL,1,'files/images/projects/kamabai_secondary_school/5.jpg','Relaxing after class at Kamabai','',NULL,0,0),(29,'the-panels-before-they-were-mounted-on-the-roof','2011-08-13 17:01:27','2011-08-13 17:01:27',NULL,NULL,1,'files/images/projects/kamabai_secondary_school/6.jpg','The panels before they were mounted on the roof','',NULL,0,0),(30,'a-gbendembu-student-attaching-a-light-fixture-as-part-of-the-training-on-basic-maintenancce','2011-08-13 17:15:29','2011-08-13 17:15:29',NULL,NULL,1,'files/images/projects/gbendembu_secondary_school/1.jpg','A Gbendembu student attaching a light fixture as part of the training on basic maintenancce','',NULL,0,0),(31,'a-gbendembu-student-digging-the-earth-pit','2011-08-13 17:15:29','2011-08-13 17:15:29',NULL,NULL,1,'files/images/projects/gbendembu_secondary_school/2.jpg','A Gbendembu student digging the Earth pit','',NULL,0,0),(32,'a-gbendembu-student-digging-the-trench-to-lay-the-conduit-pipe','2011-08-13 17:15:29','2011-08-13 17:15:29',NULL,NULL,1,'files/images/projects/gbendembu_secondary_school/3.jpg','A Gbendembu student digging the trench to lay the conduit pipe','',NULL,0,0),(33,'gbendembu-students-fetching-water-for-the-earth-pit','2011-08-13 17:15:29','2011-08-13 17:15:29',NULL,NULL,1,'files/images/projects/gbendembu_secondary_school/4.jpg','Gbendembu students fetching water for the earth pit','',NULL,0,0),(34,'james-brima-conteh-far-left-from-kamabai-took-part-in-the-solar-training-course-and-helped-with-the-installation','2011-08-13 17:15:29','2011-08-13 17:15:29',NULL,NULL,1,'files/images/projects/gbendembu_secondary_school/5.jpg','James Brima Conteh (far left) from Kamabai took part in the solar training course and helped with the installation ','',NULL,0,0),(35,'the-gbendembu-school-logo-lit-up-at-night-by-the-new-solar-light','2011-08-13 17:15:29','2011-08-13 17:15:29',NULL,NULL,1,'files/images/projects/gbendembu_secondary_school/6.jpg','The Gbendembu School logo lit up at night by the new solar light','',NULL,1,1),(36,'the-conduit-pipe-being-laid-down-between-buildings-at-the-school','2011-08-13 17:15:29','2011-08-13 17:15:29',NULL,NULL,1,'files/images/projects/gbendembu_secondary_school/7.jpg','The conduit pipe being laid down between buildings at the school','',NULL,0,0),(37,'jalloh-from-efo-with-three-gti-students-employed-for-the-project-idrissa-samu-and-abass','2011-08-13 17:30:37','2011-08-13 17:30:37',NULL,NULL,1,'files/images/projects/welbodi_clinic_ewb_princeton/1.jpg','Jalloh from EFO with three GTI students employed for the project; Idrissa,  Samu and Abass','',NULL,1,1),(38,'megan-and-zoe-from-princeton-with-nizette-efo-intern-drilling-the-aluminium-for-the-mounting-fixtures','2011-08-13 17:30:37','2011-08-13 17:30:37',NULL,NULL,1,'files/images/projects/welbodi_clinic_ewb_princeton/2.jpg','Megan and Zoe from Princeton with Nizette, EFO intern, drilling the aluminium for the mounting fixtures','',NULL,0,0),(39,'the-team-of-efo-gti-and-princeton-students-lifting-the-panels-onto-the-roof','2011-08-13 17:30:37','2011-08-13 17:30:37',NULL,NULL,1,'files/images/projects/welbodi_clinic_ewb_princeton/3.jpg','The team of EFO, GTI and Princeton students lifting the panels onto the roof','',NULL,0,0),(40,'the-team-prepares-the-ceiling-light-fixtures','2011-08-13 17:30:37','2011-08-13 17:30:37',NULL,NULL,1,'files/images/projects/welbodi_clinic_ewb_princeton/4.jpg','The team prepares the ceiling light fixtures','',NULL,0,0),(41,'zoe-idrissa-and-sumu-fixing-the-12x175-watt-panels','2011-08-13 17:30:37','2011-08-13 17:30:37',NULL,NULL,1,'files/images/projects/welbodi_clinic_ewb_princeton/5.jpg','Zoe, Idrissa and Sumu fixing the 12x175 Watt panels','',NULL,0,0),(42,'27x175-watt-panels-were-installed-at-the-kailahun-government-hospital','2011-08-13 18:25:45','2011-08-13 18:25:45',NULL,NULL,1,'files/images/projects/kailahun_government_hospital/1.jpg','27x175 Watt panels were installed at the Kailahun Government Hospital','',NULL,0,0),(43,'fixing-the-outside-light-to-the-childrens-ward','2011-08-13 18:25:45','2011-08-13 18:25:45',NULL,NULL,1,'files/images/projects/kailahun_government_hospital/2.jpg','Fixing the outside light to the children\'s ward','',NULL,0,0),(44,'gibrilla-the-electrician-attaching-a-light-in-the-entrance-of-the-theatre','2011-08-13 18:25:45','2011-08-13 18:25:45',NULL,NULL,1,'files/images/projects/kailahun_government_hospital/3.jpg','Gibrilla, the electrician attaching a light in the entrance of the theatre','',NULL,0,0),(45,'idrissa-and-his-team-lift-the-panels-onto-the-roof','2011-08-13 18:25:45','2011-08-13 18:25:45',NULL,NULL,1,'files/images/projects/kailahun_government_hospital/4.jpg','Idrissa and his team lift the panels onto the roof','',NULL,0,0),(46,'paul-a-volunteer-from-kailahun-digging-the-trench-for-wiring','2011-08-13 18:25:45','2011-08-13 18:25:45',NULL,NULL,1,'files/images/projects/kailahun_government_hospital/5.jpg','Paul, a volunteer from Kailahun digging the trench for wiring','',NULL,0,0),(47,'the-male-ward-in-the-hospital-takes-up-to-20-patients','2011-08-13 18:25:45','2011-08-13 18:26:28',NULL,NULL,1,'files/images/projects/kailahun_government_hospital/6.jpg','The male ward in the hospital takes up to 20 patients','',NULL,1,1),(48,'digging-the-trenches-to-connect-the-wiring-between-the-buildings','2011-08-13 18:37:19','2011-08-13 18:37:19',NULL,NULL,1,'files/images/projects/kamakwie_hospital/1.jpg','Digging the trenches to connect the wiring between the buildings','',NULL,0,0),(49,'finishing-the-wiring-for-the-solar-panels','2011-08-13 18:37:19','2011-08-13 18:37:19',NULL,NULL,1,'files/images/projects/kamakwie_hospital/2.jpg','Finishing the wiring for the solar panels','',NULL,0,0),(50,'jalloh-wiring-the-array','2011-08-13 18:37:19','2011-08-13 18:37:19',NULL,NULL,1,'files/images/projects/kamakwie_hospital/3.jpg','Jalloh wiring the array','',NULL,1,1),(51,'kamakwie-hospital-control-room','2011-08-13 18:37:19','2011-08-13 18:37:19',NULL,NULL,1,'files/images/projects/kamakwie_hospital/4.jpg','Kamakwie Hospital control room','',NULL,0,0),(52,'the-team-arrives-in-kamakwie','2011-08-13 18:37:19','2011-08-13 18:37:19',NULL,NULL,1,'files/images/projects/kamakwie_hospital/5.jpg','The team arrives in Kamakwie','',NULL,0,0),(53,'15x175-watts-panels-placed-at-the-roof-of-the-rokupa-hosptal','2011-08-13 18:44:17','2011-08-13 18:44:17',NULL,NULL,1,'files/images/projects/rokupa_government_hospital/1.jpg','15x175 Watts panels placed at the roof of the Rokupa Hosptal','',NULL,0,0),(54,'one-of-the-outdoor-security-lights-places-at-the-main-gate','2011-08-13 18:44:17','2011-08-13 18:44:17',NULL,NULL,1,'files/images/projects/rokupa_government_hospital/2.jpg','One of the outdoor security lights places at the main gate','',NULL,0,0),(55,'the-combiner-box-on-the-roof','2011-08-13 18:44:17','2011-08-13 18:44:17',NULL,NULL,1,'files/images/projects/rokupa_government_hospital/3.jpg','The combiner box on the roof','',NULL,0,0),(56,'the-control-room-consists-of-8x225-a-hr-batteries-an-inverter-and-charge-controller','2011-08-13 18:44:17','2011-08-13 18:44:17',NULL,NULL,1,'files/images/projects/rokupa_government_hospital/4.jpg','The control room consists of 8x225 A-hr batteries, an inverter and charge controller','',NULL,1,1),(57,'abdul-k-koroma-manager-of-the-site-admires-the-new-panels-in-their-garden','2011-08-14 13:28:15','2011-08-14 17:03:37',NULL,NULL,1,'files/images/projects/kamaso_solar_irrigation_install/1.jpg','Abdul K. Koroma, manager of the site, admires the new panels in their garden','',NULL,0,0),(58,'immersing-the-pump-for-the-irrigation-system','2011-08-14 13:28:15','2011-08-14 17:03:37',NULL,NULL,1,'files/images/projects/kamaso_solar_irrigation_install/2.jpg','Immersing the Pump for the irrigation system','',NULL,0,0),(59,'installing-the-3000-litre-and-2000-litre-tanks','2011-08-14 13:28:15','2011-08-14 17:03:37',NULL,NULL,1,'files/images/projects/kamaso_solar_irrigation_install/3.jpg','Installing the 3000 litre and 2000 litre  tanks','',NULL,0,0),(60,'jalloh-supervised-the-mounting-of-the-solar-panels','2011-08-14 13:28:15','2011-08-14 17:03:37',NULL,NULL,1,'files/images/projects/kamaso_solar_irrigation_install/3.jpg','Jalloh supervised the mounting of the solar panels','',NULL,0,0),(61,'simon-jalloh-and-the-site-manager-abdul-k-koroma-surveying-the-well-before-the-work-started','2011-08-14 13:28:15','2011-08-14 17:03:37',NULL,NULL,1,'files/images/projects/kamaso_solar_irrigation_install/5.jpg','Simon, Jalloh and the site manager Abdul K. Koroma surveying the well before the work started','',NULL,0,0),(62,'the-plants-enjoy-a-first-taste-of-sweet-solar-pumped-water','2011-08-14 13:28:15','2011-08-14 17:03:37',NULL,NULL,1,'files/images/projects/kamaso_solar_irrigation_install/6.jpg','The plants enjoy a first taste of sweet solar pumped water','',NULL,0,0),(63,'the-proud-new-owners-of-a-350-watts-solar-system','2011-08-14 13:28:15','2011-08-14 17:03:37',NULL,NULL,1,'files/images/projects/kamaso_solar_irrigation_install/7.jpg','The proud new owners of a 350 Watts solar system\r\n','',NULL,1,1),(64,'the-team-lifts-one-of-two-175-watt-panels-onto-their-stand','2011-08-14 13:28:15','2011-08-14 17:03:37',NULL,NULL,1,'files/images/projects/kamaso_solar_irrigation_install/8.jpg','The team lifts one of two 175 Watt panels onto their stand','',NULL,0,0),(65,'the-water-gushed-through-the-pipes-as-soon-as-they-were-connected-to-the-tanks','2011-08-14 13:28:15','2011-08-14 17:03:37',NULL,NULL,1,'files/images/projects/kamaso_solar_irrigation_install/9.jpg','The water gushed through the pipes as soon as they were connected to the tanks','',NULL,0,0),(66,'training-was-conducted-in-this-outdoor-classroom-during-and-after-the-installation','2011-08-14 13:28:15','2011-08-14 17:03:37',NULL,NULL,1,'files/images/projects/kamaso_solar_irrigation_install/10.jpg','Training was conducted in this outdoor classroom during and after the installation','',NULL,0,0),(67,'alusine-from-efo-making-the-earthing-mat-that-protects-the-system-against-lightning','2011-08-14 14:24:25','2011-08-14 14:24:25',NULL,NULL,1,'files/images/projects/river_number_2_eco_tourism_resort/1.jpg','Alusine from EFO making the earthing mat that protects the system against lightning','',NULL,1,1),(68,'idrissa-tarawaly-wiring-the-restaurant','2011-08-14 14:24:25','2011-08-14 14:24:25',NULL,NULL,1,'files/images/projects/river_number_2_eco_tourism_resort/2.jpg','Idrissa Tarawaly wiring the restaurant','',NULL,0,0),(69,'idrissa-and-sheka-efo-and-musa-chef-at-river-no-2-finish-up-the-wiring-on-the-panels','2011-08-14 14:24:25','2011-08-14 14:24:25',NULL,NULL,1,'files/images/projects/river_number_2_eco_tourism_resort/3.jpg','Idrissa and Sheka (EFO) and Musa (chef at river No. 2) finish up the wiring on the panels','',NULL,0,0),(70,'river-no-2-staff-help-out-with-digging-trenches-for-the-wiring-between-the-store-and-the-restaurant','2011-08-14 14:24:25','2011-08-14 14:24:25',NULL,NULL,1,'files/images/projects/river_number_2_eco_tourism_resort/4.jpg','River No. 2 staff help out with digging trenches for the wiring between the store and the restaurant','',NULL,0,0),(71,'the-accommodation-for-tourists-at-river-no-2-is-now-solar-powered','2011-08-14 14:24:25','2011-08-14 14:24:25',NULL,NULL,1,'files/images/projects/river_number_2_eco_tourism_resort/5.jpg','The accommodation for tourists at River No. 2 is now solar powered','',NULL,0,0),(72,'the-restaurant-at-river-no-2-now-caters-for-visitors-with-clean-solar-energy','2011-08-14 14:24:25','2011-08-14 14:24:25',NULL,NULL,1,'files/images/projects/river_number_2_eco_tourism_resort/6.jpg','The restaurant at River No. 2 now caters for visitors with clean solar energy','',NULL,0,0),(73,'community-members-sweeping-the-inside-of-the-community-centre','2011-08-14 14:37:13','2011-08-14 14:37:13',NULL,NULL,1,'files/images/projects/kamakwie_community_centre/1.jpg','Community members sweeping the inside of the community centre','',NULL,1,1),(74,'dixon-from-npa-helps-a-student-to-finish-the-control-room-trunking','2011-08-14 14:37:13','2011-08-14 14:37:13',NULL,NULL,1,'files/images/projects/kamakwie_community_centre/2.jpg','Dixon from NPA helps a student to finish the control room trunking','',NULL,0,0),(75,'mohamed-leads-the-installation-with-one-gti-student-completing-his-practical-training','2011-08-14 14:37:13','2011-08-14 14:37:13',NULL,NULL,1,'files/images/projects/kamakwie_community_centre/3.jpg','Mohamed leads the installation with one GTI student completing his practical training','',NULL,0,0),(76,'mounting-the-2x175watt-panels-on-the-community-centre-roof','2011-08-14 14:37:13','2011-08-14 14:37:13',NULL,NULL,1,'files/images/projects/kamakwie_community_centre/4.jpg','Mounting the 2x175Watt panels on the community centre roof','',NULL,0,0),(77,'the-team-led-by-mohamed-from-efo-lift-the-panels-onto-the-roof','2011-08-14 14:37:13','2011-08-14 14:37:13',NULL,NULL,1,'files/images/projects/kamakwie_community_centre/5.jpg','The team led by Mohamed from EFO lift the panels onto the roof','',NULL,0,0),(78,'lakka-community-centre','2011-08-14 14:49:06','2011-08-14 14:49:06',NULL,NULL,1,'files/images/projects/lakka_community_centre/1.jpg','Lakka Community Centre','',NULL,0,0),(79,'lakka-community-member-digging-a-trench-for-wiring','2011-08-14 14:49:06','2011-08-14 14:49:06',NULL,NULL,1,'files/images/projects/lakka_community_centre/2.jpg','Lakka community member digging a trench for wiring','',NULL,0,0),(80,'lakka-community-trainee-fanny-koker-helping-mohamed-from-enfo-with-earthing','2011-08-14 14:49:06','2011-08-14 14:49:06',NULL,NULL,1,'files/images/projects/lakka_community_centre/3.jpg','Lakka community trainee, Fanny Koker helping Mohamed from ENFO with earthing','',NULL,0,0),(81,'the-panels-being-mounted-on-the-lakka-community-centre','2011-08-14 14:49:06','2011-08-14 14:49:06',NULL,NULL,1,'files/images/projects/lakka_community_centre/4.jpg','The panels being mounted on the Lakka Community Centre','',NULL,1,1),(82,'trainees-helped-with-the-lakka-commmunity-centre-installation','2011-08-14 14:49:06','2011-08-14 14:49:06',NULL,NULL,1,'files/images/projects/lakka_community_centre/5.jpg','Trainees helped with the Lakka Commmunity Centre installation','',NULL,0,0),(83,'digging-the-trenches-to-lay-wiring-between-the-different-structures-on-the-site','2011-08-14 14:59:07','2011-08-14 14:59:07',NULL,NULL,1,'files/images/projects/liberia_unicef/1.jpg','Digging the trenches to lay wiring between the different structures on the site','',NULL,0,0),(84,'mohamed-and-justin-mounting-the-panels-for-the-fridge-in-the-hall','2011-08-14 14:59:07','2011-08-14 14:59:07',NULL,NULL,1,'files/images/projects/liberia_unicef/2.jpg','Mohamed and Justin mounting the panels for the  fridge in the hall','',NULL,1,1),(85,'the-hall-and-administration-building-with-the-primary-and-secondary-classrooms-to-the-right','2011-08-14 14:59:07','2011-08-14 14:59:07',NULL,NULL,1,'files/images/projects/liberia_unicef/3.jpg','The hall and administration building, with the primary and secondary classrooms to the right','',NULL,0,0),(86,'the-primary-school-on-the-right-with-the-grc-building-centre','2011-08-14 14:59:07','2011-08-14 14:59:07',NULL,NULL,1,'files/images/projects/liberia_unicef/4.jpg','The primary school on the right with the GRC building, centre','',NULL,0,0),(87,'the-primary-school-with-the-hall-and-admin-building-behind','2011-08-14 14:59:07','2011-08-14 14:59:07',NULL,NULL,1,'files/images/projects/liberia_unicef/5.jpg','The primary school with the hall and admin building behind','',NULL,0,0),(88,'mohamed-attaching-lighting-fixtures-in-one-of-the-offices','2011-08-14 15:10:52','2011-08-14 15:10:52',NULL,NULL,1,'files/images/projects/microfinance_offices_in_makeni_with_inveneo/1.jpg','Mohamed attaching lighting fixtures in one of the offices','',NULL,0,0),(89,'mohamed-attaching-the-panels-to-the-roof-for-inveneo','2011-08-14 15:10:52','2011-08-14 15:10:52',NULL,NULL,1,'files/images/projects/microfinance_offices_in_makeni_with_inveneo/2.jpg','Mohamed attaching the panels to the roof for Inveneo','',NULL,1,1),(90,'mohamed-jalloh-tommy-from-efo-and-anthony-and-philip-from-gti','2011-08-14 15:10:52','2011-08-14 15:10:52',NULL,NULL,1,'files/images/projects/microfinance_offices_in_makeni_with_inveneo/3.jpg','Mohamed, Jalloh, Tommy from EFO and Anthony and  Philip from GTI','',NULL,0,0),(91,'simon-preparing-the-earth-mat-for-protection-from-lightning-and-faulty-current','2011-08-14 15:10:52','2011-08-14 15:10:52',NULL,NULL,1,'files/images/projects/microfinance_offices_in_makeni_with_inveneo/4.jpg','Simon preparing the earth mat for protection from lightning and faulty current','',NULL,0,0),(92,'tommy-setting-the-panels-for-mounting','2011-08-14 15:10:52','2011-08-14 15:10:52',NULL,NULL,1,'files/images/projects/microfinance_offices_in_makeni_with_inveneo/5.jpg','Tommy setting the panels for mounting','',NULL,0,0),(93,'idrissa-and-sheka-prepare-lighting-fixtures-and-battery-fittings','2011-08-14 15:29:47','2011-08-14 15:29:47',NULL,NULL,1,'files/images/projects/slafu_and_whh_offices/1.jpg','Idrissa and Sheka, prepare lighting fixtures and battery fittings','',NULL,0,0),(94,'idrissa-finishes-wiring-up-the-system-in-the-control-room','2011-08-14 15:29:47','2011-08-14 15:29:47',NULL,NULL,1,'files/images/projects/slafu_and_whh_offices/2.jpg','Idrissa finishes wiring up the system in the control room','',NULL,0,0),(95,'one-of-seven-rooms-that-are-now-solar-powered','2011-08-14 15:29:47','2011-08-14 15:29:47',NULL,NULL,1,'files/images/projects/slafu_and_whh_offices/3.jpg','One of seven rooms that are now solar powered','',NULL,1,1),(96,'sierra-leone-artisanal-fisherman-union-and-connected-welthungerhilfe-office','2011-08-14 15:29:47','2011-08-14 15:29:47',NULL,NULL,1,'files/images/projects/slafu_and_whh_offices/4.jpg','Sierra Leone Artisanal Fisherman Union and connected Welthungerhilfe office','',NULL,0,0),(97,'the-sierra-leone-artisanal-fishermans-union-and-welthungerhilfe-offices-in-tombo-are-powered-with-2x175w-panels','2011-08-14 15:29:47','2011-08-14 15:29:47',NULL,NULL,1,'files/images/projects/slafu_and_whh_offices/5.jpg','The Sierra Leone Artisanal Fisherman\'s Union and Welthungerhilfe Offices in Tombo are powered with 2x175W panels','',NULL,0,0),(98,'gbendembu-sss-teacher-fitting-a-light-switch-in-one-of-the-classrooms','2011-08-14 15:47:15','2011-08-14 15:47:15',NULL,NULL,1,'files/images/projects/gbendembu_solar_training/1.jpg','Gbendembu SSS teacher fitting a light switch in one of the classrooms','',NULL,0,0),(99,'mr-kanu-principal-of-gss-presents-simon-the-librarian-at-gss-with-his-solar-training-certificate','2011-08-14 15:47:15','2011-08-14 15:47:33',NULL,NULL,1,'files/images/projects/gbendembu_solar_training/2.jpg','Mr. Kanu, principal of GSS presents Simon, the librarian at GSS with his solar training certificate','',NULL,1,1),(100,'mr-sesay-and-mr-turay-from-kamakwie-with-james-brima-conteh-and-monica-gbassay-from-kamabai-learn-about-shading','2011-08-14 15:47:15','2011-08-14 15:47:15',NULL,NULL,1,'files/images/projects/gbendembu_solar_training/3.jpg','Mr. Sesay and Mr. Turay from Kamakwie with James Brima Conteh and Monica Gbassay from Kamabai learn about shading','',NULL,0,0),(101,'the-lab-technician-from-kamakwie-health-centre-connecting-the-batteries-in-parallel','2011-08-14 15:47:15','2011-08-14 15:47:15',NULL,NULL,1,'files/images/projects/gbendembu_solar_training/4.jpg','The Lab Technician from Kamakwie Health Centre connecting the batteries in parallel','',NULL,0,0),(102,'the-solar-class-after-training','2011-08-14 15:47:15','2011-08-14 15:47:15',NULL,NULL,1,'files/images/projects/gbendembu_solar_training/5.jpg','The solar class after training','',NULL,0,0),(103,'trainees-gather-around-nicolas-kwarteng-the-course-instructor','2011-08-14 15:47:15','2011-08-14 15:47:15',NULL,NULL,1,'files/images/projects/gbendembu_solar_training/6.jpg','Trainees gather around Nicolas Kwarteng, the course instructor','',NULL,0,0),(104,'class-graduation-photo-of-the-gti-students-that-succesfully-completed-the-training-course-delivered-by-efo','2011-08-14 16:35:43','2011-08-14 16:35:43',NULL,NULL,1,'files/images/projects/gti/2.jpg','Class graduation photo of the GTI students that succesfully completed the training course delivered by EFO','',NULL,1,1),(168,'six-of-60-panels-on-the-roof-of-the-district-council-administrative-building-in-kambia-town-kambia-district','2011-08-17 06:04:07','2011-08-17 06:08:36',NULL,NULL,1,'files/images/projects/district_council_administrative_buildings/10.jpg','Six of 60 panels on the roof of the District Council Administrative Building in Kambia Town, Kambia District','',NULL,1,1),(106,'an-evening-time-training-session-debriefing-at-kamaso','2011-08-14 17:17:59','2011-08-14 17:17:59',NULL,NULL,1,'files/images/projects/kamaso_solar_irrigation_workshops/1.jpg','An evening time training session debriefing at Kamaso','',NULL,0,0),(107,'jalloh-efo-leads-practical-training-on-the-kamaso-site','2011-08-14 17:17:59','2011-08-14 17:17:59',NULL,NULL,1,'files/images/projects/kamaso_solar_irrigation_workshops/2.jpg','Jalloh (EFO) leads practical training on the Kamaso site','',NULL,0,0),(108,'jalloh-gave-theory-classes-for-five-days-in-the-evening-times','2011-08-14 17:17:59','2011-08-14 17:17:59',NULL,NULL,1,'files/images/projects/kamaso_solar_irrigation_workshops/3.jpg','Jalloh gave theory classes for five days in the evening times','',NULL,0,0),(109,'jalloh-leads-trainees-in-kamaso-to-mount-the-charge-controller-for-the-solar-irrigation-system','2011-08-14 17:17:59','2011-08-14 17:17:59',NULL,NULL,1,'files/images/projects/kamaso_solar_irrigation_workshops/4.jpg','Jalloh leads trainees in Kamaso to mount the charge controller for the solar irrigation system','',NULL,1,1),(110,'learning-by-doing-the-trainees-were-involved-in-all-stages-of-the-installation','2011-08-14 17:17:59','2011-08-14 17:17:59',NULL,NULL,1,'files/images/projects/kamaso_solar_irrigation_workshops/5.jpg','Learning by doing, the trainees were involved in all stages of the installation','',NULL,0,0),(111,'the-mounting-stand-for-the-panels','2011-08-14 17:17:59','2011-08-14 17:17:59',NULL,NULL,1,'files/images/projects/kamaso_solar_irrigation_workshops/6.jpg','The mounting stand for the panels','',NULL,0,0),(112,'all-trainees-on-deck-the-mounting-of-the-panels','2011-08-14 17:30:44','2011-08-14 17:30:44',NULL,NULL,1,'files/images/projects/lakka_community_centre_solar_workshops/1.jpg','All trainees on deck! The mounting of the panels','',NULL,0,0),(113,'fanny-koker-assists-mohamed-efo-trainer-as-part-of-her-training','2011-08-14 17:30:44','2011-08-14 17:30:44',NULL,NULL,1,'files/images/projects/lakka_community_centre_solar_workshops/2.jpg','Fanny Koker assists Mohamed (EFO trainer) as part of her training','',NULL,0,0),(114,'fanny-koker-helping-with-wiring-after-her-training','2011-08-14 17:30:44','2011-08-14 17:30:44',NULL,NULL,1,'files/images/projects/lakka_community_centre_solar_workshops/3.jpg','Fanny Koker helping with wiring after her training','',NULL,1,1),(115,'the-lakka-trainees-got-practical-training-by-assisting-with-the-installation','2011-08-14 17:30:44','2011-08-14 17:30:44',NULL,NULL,1,'files/images/projects/lakka_community_centre_solar_workshops/4.jpg','The Lakka trainees got practical training by assisting with the installation','',NULL,0,0),(116,'the-trainees-learned-how-to-lay-the-cables-between-the-outside-light-and-the-control-room','2011-08-14 17:30:44','2011-08-14 17:30:44',NULL,NULL,1,'files/images/projects/lakka_community_centre_solar_workshops/5.jpg','The trainees learned how to lay the cables between the outside light and the control room','',NULL,0,0),(117,'the-primary-school-at-limbe','2011-08-14 17:37:29','2011-08-17 01:41:55',NULL,NULL,1,'files/images/projects/malawi_training/limbe_school.jpg','The primary school at Limbe','',NULL,1,1),(152,'running-the-last-of-the-cable','2011-08-17 01:50:17','2011-08-17 01:50:17',NULL,NULL,1,'files/images/projects/malawi_training/167736_10150388659040265_442696055264_16438056_5439212_n.jpg','Running the last of the cable','',NULL,0,0),(118,'students-at-work-running-the-cable','2011-08-14 17:44:19','2011-08-17 01:50:17',NULL,NULL,1,'files/images/projects/malawi_training/2.jpg','Students at work running the cable','',NULL,0,0),(127,'kailahun-govt-hospital-idrissa-wiring-the-building','2011-08-16 21:20:41','2011-08-16 21:20:41',NULL,NULL,1,'files/images/programmes/health/2.jpg','Kailahun Govt Hospital - Idrissa wiring the building','',NULL,0,0),(123,'kamabai-secondary-school','2011-08-16 21:12:51','2011-08-16 21:12:51',NULL,NULL,1,'files/images/programmes/education/1.jpg','Kamabai Secondary School','',NULL,0,0),(131,'akk-site-manager-centre-of-a-group-of-site-employees-at-kamaso-recently-provided-with-an-irriagation-system','2011-08-16 22:12:09','2011-08-16 22:12:09',NULL,NULL,1,'files/images/programmes/livelihoods/2.jpg','AKK, site manager, centre of a group of site employees at Kamaso, recently provided with an irriagation system','',NULL,0,0),(132,'gabriel-turay-right-is-employed-at-the-charging-station-at-st-martins-orphanage','2011-08-16 22:12:09','2011-08-16 22:12:09',NULL,NULL,1,'files/images/programmes/livelihoods/3.jpg','Gabriel Turay, right, is employed at the charging station at St Martin\'s orphanage','',NULL,0,0),(133,'kamabai-charging-station-provides-employment-and-makes-revenue-that-went-back-into-other-solar-projects-in-kamabai','2011-08-16 22:12:09','2011-08-17 21:43:25',NULL,NULL,1,'files/images/programmes/livelihoods/4.jpg','Kamabai Charging Station provides employment and makes revenue that went back into other solar projects in Kamabai','',NULL,0,0),(134,'kamaso-in-koinadugu-has-been-supported-with-a-solar-irrigation-system-to-support-their-farming-initiative','2011-08-16 22:12:09','2011-08-16 22:12:09',NULL,NULL,1,'files/images/programmes/livelihoods/5.jpg','Kamaso in Koinadugu has been supported with a solar irrigation system to support their farming initiative','',NULL,0,0),(135,'musa-the-chef-at-river-no-2-with-a-colleague-and-efo-staff-this-system-will-support-ecotourism-at-the-resort','2011-08-16 22:12:09','2011-08-16 22:12:09',NULL,NULL,1,'files/images/programmes/livelihoods/6.jpg','Musa, the chef at River No. 2 with a colleague and EFO staff - this system will support ecotourism at the resort','',NULL,0,0),(136,'efo-solar-system-for-welthungerhilfe-artisanal-fishermans-union-and-the-development-association-offices-in-tombo','2011-08-16 22:22:56','2011-08-16 22:22:56',NULL,NULL,1,'files/images/programmes/promoting_solar/2.jpg','EFO solar system for Welthungerhilfe, Artisanal Fisherman\'s Union and the Development Association offices in Tombo','',NULL,0,0),(137,'efo-staff-supported-the-installation-of-a-10kw-system-for-kambia-district-council-offices','2011-08-16 22:22:56','2011-08-16 22:22:56',NULL,NULL,1,'files/images/programmes/promoting_solar/3.jpg','EFO staff supported the installation of a 10kW system for Kambia District Council Offices','',NULL,0,0),(138,'mohamed-installing-one-of-efos-first-projects-supporting-microfinance-in-sierra-leone','2011-08-16 22:22:56','2011-08-16 22:22:56',NULL,NULL,1,'files/images/programmes/promoting_solar/4.jpg','Mohamed installing one of EFO\'s first projects, supporting microfinance in Sierra Leone','',NULL,0,0),(139,'solar-lights-are-a-viable-clean-alternative-to-kerosene-lamps-which-can-cause-fires-and-are-smoky','2011-08-16 22:22:56','2011-08-16 22:22:56',NULL,NULL,1,'files/images/programmes/promoting_solar/5.jpg','solar lights are a viable clean alternative to kerosene lamps which can cause fires and are smoky','',NULL,1,1),(140,'Fanny Koker helping with wiring after her training-1','2011-08-16 22:32:43','2011-08-16 22:32:43',NULL,NULL,1,'files/images/programmes/skills_training/2.jpg','Fanny Koker helping with wiring after her training','',NULL,1,1),(141,'practical-training-is-embedded-in-all-efo-solar-installations-here-jalloh-guides-trainees-through-mounting-panels','2011-08-16 22:32:43','2011-08-16 22:32:43',NULL,NULL,1,'files/images/programmes/skills_training/3.jpg','Practical training is embedded in all EFO solar installations - here Jalloh guides trainees through mounting panels','',NULL,0,0),(142,'the-graduating-class-from-the-efo-programme-at-gti-technical-institute-in-freetown','2011-08-16 22:32:43','2011-08-16 22:32:43',NULL,NULL,1,'files/images/programmes/skills_training/4.jpg','The graduating class from the EFO programme at GTI technical institute in Freetown','',NULL,0,0),(143,'trainees-from-gbendembu-kamabai-and-kamakwie-that-attended-the-solar-training-course-provided-by-efo-at-gbendembu','2011-08-16 22:32:43','2011-08-17 03:37:25',NULL,NULL,1,'files/images/programmes/skills_training/5.jpg','Trainees from Gbendembu, Kamabai and Kamakwie that attended the solar training course provided by EFO at Gbendembu','',NULL,0,0),(144,'emily-peter-and-some-of-the-children-from-st-martins-helping-with-the-solar-installation','2011-08-16 22:54:05','2011-08-17 08:08:45',NULL,NULL,1,'files/images/projects/st_martins_orphanage/gedc0209.jpg','Emily, Peter and some of the children from St Martin\'s helping with the solar installation\r\n','',NULL,1,1),(145,'team-fixing-the-panel-at-kamalo-primary-school','2011-08-16 23:09:19','2011-08-16 23:09:35',NULL,NULL,1,'files/images/gedc0369.jpg','Team fixing the panel at Kamalo Primary School','',NULL,1,1),(146,'digging-the-trench-for-the-kamalo-community-health-centre','2011-08-16 23:13:38','2011-08-17 03:33:40',NULL,NULL,1,'files/images/gedc0357.jpg','Digging the trench for the Kamalo Community Health Centre','',NULL,0,0),(147,'emily-the-head-of-the-orphanage-getting-ready-to-put-some-trunking-on-the-wall','2011-08-16 23:48:21','2011-08-17 08:08:45',NULL,NULL,1,'files/images/projects/st_martins_orphanage/pict0587.jpg','Emily, the head of the orphanage, getting ready to put some trunking on the wall','',NULL,0,0),(148,'raising-the-panels-onto-the-roof','2011-08-16 23:48:21','2011-08-17 08:08:45',NULL,NULL,1,'files/images/projects/st_martins_orphanage/gedc0203.jpg','Raising the panels onto the roof','',NULL,0,0),(149,'sheka-doing-the-last-of-the-array-wiring','2011-08-16 23:48:21','2011-08-17 08:09:31',NULL,NULL,1,'files/images/projects/st_martins_orphanage/gedc0209.jpg','Sheka doing the last of the array wiring','',NULL,0,0),(150,'children-from-the-orphanage-baling-water-for-the-earth-pit','2011-08-16 23:48:21','2011-08-17 08:08:45',NULL,NULL,1,'files/images/projects/st_martins_orphanage/pict0622.jpg','Children from the orphanage baling water for the earth pit','',NULL,0,0),(151,'idrissa-and-sheka-admiring-their-handiwork-in-the-control-room','2011-08-16 23:48:21','2011-08-17 08:08:45',NULL,NULL,1,'files/images/projects/st_martins_orphanage/gedc0217.jpg','Idrissa and Sheka admiring their handiwork in the control room','',NULL,0,0),(153,'working-the-night-shift-to-get-the-panel-mounted','2011-08-17 01:50:17','2011-08-17 01:50:17',NULL,NULL,1,'files/images/projects/malawi_training/166225_10150388659140265_442696055264_16438059_416279_n.jpg','Working the night shift to get the panel mounted','',NULL,0,0),(154,'trainees-enjoying-the-benefits-of-their-hard-work','2011-08-17 01:50:17','2011-08-17 01:50:17',NULL,NULL,1,'files/images/projects/malawi_training/164338_10150388658940265_442696055264_16438054_7347336_n.jpg','Trainees enjoying the benefits of their hard work','',NULL,0,0),(155,'working-on-the-wiring-for-the-panel','2011-08-17 03:14:58','2011-08-17 03:14:58',NULL,NULL,1,'files/images/projects/kamalo_primary_school/gedc0368.jpg','Working on the wiring for the panel','',NULL,0,0),(156,'front-view-of-the-primary-school','2011-08-17 03:14:58','2011-08-17 03:14:58',NULL,NULL,1,'files/images/projects/kamalo_primary_school/gedc0195.jpg','Front view of the primary school','',NULL,0,0),(157,'solar-panels-ready-to-be-installed','2011-08-17 03:33:40','2011-08-17 03:33:40',NULL,NULL,1,'files/images/projects/kamalo_chc/gedc0362.jpg','Solar panels ready to be installed','',NULL,0,0),(158,'kamalo-community-health-centre-bombali-district','2011-08-17 03:33:40','2011-08-17 03:33:40',NULL,NULL,1,'files/images/projects/kamalo_chc/gedc0204.jpg','Kamalo Community Health Centre, Bombali District','',NULL,1,1),(159,'wall-mounted-inverter-and-charge-controller','2011-08-17 03:33:40','2011-08-17 03:33:40',NULL,NULL,1,'files/images/projects/kamalo_chc/gedc0375.jpg','Wall-mounted inverter and charge controller','',NULL,0,0),(160,'newly-constructed-community-charging-station-at-matru-jong-bonthe-district','2011-08-17 04:03:25','2011-08-17 04:03:25',NULL,NULL,1,'files/images/projects/matru_jong_ccs/gedc0188.jpg','Newly constructed Community Charging Station at Matru Jong, Bonthe District','',NULL,1,1),(161,'control-room-inside-court-barri-helping-to-power-the-community-charging-station','2011-08-17 04:03:25','2011-08-17 04:03:25',NULL,NULL,1,'files/images/projects/matru_jong_ccs/gedc0185.jpg','Control room inside Court Barri, helping to power the Community Charging Station','',NULL,0,0),(162,'solar-panels-on-the-roof-of-the-court-barri-powering-the-community-charging-station-below','2011-08-17 04:03:25','2011-08-17 04:03:25',NULL,NULL,1,'files/images/projects/matru_jong_ccs/gedc0190.jpg','Solar panels on the roof of the Court Barri, powering the Community Charging Station below','',NULL,0,0),(163,'a-community-charging-station-was-built-in-the-town-of-kamabai-bombali-district','2011-08-17 04:39:31','2011-08-17 04:39:31',NULL,NULL,1,'files/images/projects/kamabai_ccs/gedc0173.jpg','A Community Charging Station was built in the town of Kamabai, Bombali District','',NULL,1,1),(164,'paramount-chief-mori-brimah-participates-ground-breaking-ceremony','2011-08-17 04:39:31','2011-08-17 04:39:31',NULL,NULL,1,'files/images/projects/kamabai_ccs/gedc0145.jpg','Paramount Chief Mori Brimah participates ground-breaking ceremony','',NULL,0,0),(165,'work-continuing-on-the-construction-of-the-community-charging-station-building','2011-08-17 04:39:31','2011-08-17 04:39:31',NULL,NULL,1,'files/images/projects/kamabai_ccs/gedc0142.jpg','Work continuing on the construction of the Community Charging Station building','',NULL,0,0),(166,'lanterns-available-for-rental-inside-the-community-charging-station','2011-08-17 04:39:31','2011-08-17 04:39:31',NULL,NULL,1,'files/images/projects/kamabai_ccs/gedc0169.jpg','Lanterns available for rental inside the Community Charging Station','',NULL,0,0),(167,'the-community-charging-station-next-to-the-local-market-provides-excellent-accessibility','2011-08-17 04:39:31','2011-08-17 04:39:31',NULL,NULL,1,'files/images/projects/kamabai_ccs/gedc0155.jpg','The Community Charging Station, next to the local market, provides excellent accessibility ','',NULL,0,0),(169,'presto-and-jacob-assembling-the-panels-in-the-big-hall-inside-the-new-council-building-kambia-town','2011-08-17 06:04:07','2011-08-17 06:04:07',NULL,NULL,1,'files/images/projects/district_council_administrative_buildings/4.jpg','Presto and Jacob assembling the panels in the big hall inside the new Council Building, Kambia Town','',NULL,0,0),(170,'simon-and-mohamed-doing-some-final-tweaking-of-the-system-in-the-control-room','2011-08-17 06:04:07','2011-08-17 06:04:07',NULL,NULL,1,'files/images/projects/district_council_administrative_buildings/1.jpg','Simon and Mohamed doing some final tweaking of the system in the control room','',NULL,0,0),(171,'jacob-and-sumu-begin-lifting-the-solar-panels-out-from-the-hall','2011-08-17 06:04:07','2011-08-17 06:04:07',NULL,NULL,1,'files/images/projects/district_council_administrative_buildings/5.jpg','Jacob and Sumu begin lifting the solar panels out from the hall','',NULL,0,0),(172,'sumu-fastening-the-panels-onto-the-roof','2011-08-17 06:04:07','2011-08-17 06:04:07',NULL,NULL,1,'files/images/projects/district_council_administrative_buildings/17.jpg','Sumu fastening the panels onto the roof','',NULL,0,0);
/*!40000 ALTER TABLE `images_image` ENABLE KEYS */;
UNLOCK TABLES;

--
-- Table structure for table `mailchimp_campaign`
--

DROP TABLE IF EXISTS `mailchimp_campaign`;
SET @saved_cs_client     = @@character_set_client;
SET character_set_client = utf8;
CREATE TABLE `mailchimp_campaign` (
  `content` longtext NOT NULL,
  `sent_date` datetime NOT NULL,
  `id` int(11) NOT NULL auto_increment,
  `name` varchar(255) NOT NULL,
  `campaign_id` varchar(50) NOT NULL,
  `object_id` int(10) unsigned default NULL,
  `content_type_id` int(11) default NULL,
  `extra_info` longtext,
  PRIMARY KEY  (`id`),
  KEY `mailchimp_campaign_1bb8f392` (`content_type_id`)
) ENGINE=MyISAM DEFAULT CHARSET=latin1;
SET character_set_client = @saved_cs_client;

--
-- Dumping data for table `mailchimp_campaign`
--

LOCK TABLES `mailchimp_campaign` WRITE;
/*!40000 ALTER TABLE `mailchimp_campaign` DISABLE KEYS */;
/*!40000 ALTER TABLE `mailchimp_campaign` ENABLE KEYS */;
UNLOCK TABLES;

--
-- Table structure for table `mailchimp_queue`
--

DROP TABLE IF EXISTS `mailchimp_queue`;
SET @saved_cs_client     = @@character_set_client;
SET character_set_client = utf8;
CREATE TABLE `mailchimp_queue` (
  `type_opts` longtext NOT NULL,
  `segment_options_all` tinyint(1) NOT NULL default '0',
  `id` int(11) NOT NULL auto_increment,
  `contents` longtext NOT NULL,
  `subject` varchar(255) NOT NULL,
  `campaign_type` varchar(50) NOT NULL,
  `authenticate` tinyint(1) NOT NULL default '0',
  `title` varchar(255) default NULL,
  `from_email` varchar(75) NOT NULL,
  `segment_options` tinyint(1) NOT NULL default '0',
  `list_id` varchar(50) NOT NULL,
  `auto_tweet` tinyint(1) NOT NULL default '0',
  `from_name` varchar(255) NOT NULL,
  `folder_id` varchar(50) default NULL,
  `generate_text` tinyint(1) NOT NULL default '0',
  `to_email` varchar(75) NOT NULL,
  `tracking_text_clicks` tinyint(1) NOT NULL default '0',
  `auto_footer` tinyint(1) NOT NULL default '0',
  `tracking_html_clicks` tinyint(1) NOT NULL default '1',
  `google_analytics` varchar(100) default NULL,
  `segment_options_conditions` longtext NOT NULL,
  `template_id` int(10) unsigned NOT NULL,
  `tracking_opens` tinyint(1) NOT NULL default '1',
  `object_id` int(10) unsigned default NULL,
  `content_type_id` int(11) default NULL,
  `locked` tinyint(1) NOT NULL default '0',
  `extra_info` longtext,
  PRIMARY KEY  (`id`),
  KEY `mailchimp_queue_1bb8f392` (`content_type_id`)
) ENGINE=MyISAM DEFAULT CHARSET=latin1;
SET character_set_client = @saved_cs_client;

--
-- Dumping data for table `mailchimp_queue`
--

LOCK TABLES `mailchimp_queue` WRITE;
/*!40000 ALTER TABLE `mailchimp_queue` DISABLE KEYS */;
/*!40000 ALTER TABLE `mailchimp_queue` ENABLE KEYS */;
UNLOCK TABLES;

--
-- Table structure for table `mailchimp_reciever`
--

DROP TABLE IF EXISTS `mailchimp_reciever`;
SET @saved_cs_client     = @@character_set_client;
SET character_set_client = utf8;
CREATE TABLE `mailchimp_reciever` (
  `id` int(11) NOT NULL auto_increment,
  `campaign_id` int(11) NOT NULL,
  `email` varchar(75) NOT NULL,
  PRIMARY KEY  (`id`),
  KEY `mailchimp_reciever_702b94e6` (`campaign_id`)
) ENGINE=MyISAM DEFAULT CHARSET=latin1;
SET character_set_client = @saved_cs_client;

--
-- Dumping data for table `mailchimp_reciever`
--

LOCK TABLES `mailchimp_reciever` WRITE;
/*!40000 ALTER TABLE `mailchimp_reciever` DISABLE KEYS */;
/*!40000 ALTER TABLE `mailchimp_reciever` ENABLE KEYS */;
UNLOCK TABLES;

--
-- Table structure for table `mailer_dontsendentry`
--

DROP TABLE IF EXISTS `mailer_dontsendentry`;
SET @saved_cs_client     = @@character_set_client;
SET character_set_client = utf8;
CREATE TABLE `mailer_dontsendentry` (
  `id` int(11) NOT NULL auto_increment,
  `to_address` varchar(75) NOT NULL,
  `when_added` datetime NOT NULL,
  PRIMARY KEY  (`id`)
) ENGINE=MyISAM DEFAULT CHARSET=latin1;
SET character_set_client = @saved_cs_client;

--
-- Dumping data for table `mailer_dontsendentry`
--

LOCK TABLES `mailer_dontsendentry` WRITE;
/*!40000 ALTER TABLE `mailer_dontsendentry` DISABLE KEYS */;
/*!40000 ALTER TABLE `mailer_dontsendentry` ENABLE KEYS */;
UNLOCK TABLES;

--
-- Table structure for table `mailer_message`
--

DROP TABLE IF EXISTS `mailer_message`;
SET @saved_cs_client     = @@character_set_client;
SET character_set_client = utf8;
CREATE TABLE `mailer_message` (
  `id` int(11) NOT NULL auto_increment,
  `message_data` longtext NOT NULL,
  `when_added` datetime NOT NULL,
  `priority` varchar(1) NOT NULL,
  PRIMARY KEY  (`id`)
) ENGINE=MyISAM DEFAULT CHARSET=latin1;
SET character_set_client = @saved_cs_client;

--
-- Dumping data for table `mailer_message`
--

LOCK TABLES `mailer_message` WRITE;
/*!40000 ALTER TABLE `mailer_message` DISABLE KEYS */;
/*!40000 ALTER TABLE `mailer_message` ENABLE KEYS */;
UNLOCK TABLES;

--
-- Table structure for table `mailer_messagelog`
--

DROP TABLE IF EXISTS `mailer_messagelog`;
SET @saved_cs_client     = @@character_set_client;
SET character_set_client = utf8;
CREATE TABLE `mailer_messagelog` (
  `id` int(11) NOT NULL auto_increment,
  `message_data` longtext NOT NULL,
  `when_added` datetime NOT NULL,
  `priority` varchar(1) NOT NULL,
  `when_attempted` datetime NOT NULL,
  `result` varchar(1) NOT NULL,
  `log_message` longtext NOT NULL,
  PRIMARY KEY  (`id`)
) ENGINE=MyISAM DEFAULT CHARSET=latin1;
SET character_set_client = @saved_cs_client;

--
-- Dumping data for table `mailer_messagelog`
--

LOCK TABLES `mailer_messagelog` WRITE;
/*!40000 ALTER TABLE `mailer_messagelog` DISABLE KEYS */;
/*!40000 ALTER TABLE `mailer_messagelog` ENABLE KEYS */;
UNLOCK TABLES;

--
-- Table structure for table `membrete_message`
--

DROP TABLE IF EXISTS `membrete_message`;
SET @saved_cs_client     = @@character_set_client;
SET character_set_client = utf8;
CREATE TABLE `membrete_message` (
  `id` int(11) NOT NULL auto_increment,
  `name` varchar(80) NOT NULL,
  `company` varchar(80) NOT NULL,
  `mail` varchar(75) NOT NULL,
  `phone` varchar(30) NOT NULL,
  `website` varchar(200) NOT NULL,
  `datetime` datetime NOT NULL,
  `subject` varchar(256) NOT NULL,
  `message` longtext NOT NULL,
  `sent` tinyint(1) NOT NULL,
  PRIMARY KEY  (`id`)
) ENGINE=MyISAM AUTO_INCREMENT=2 DEFAULT CHARSET=latin1;
SET character_set_client = @saved_cs_client;

--
-- Dumping data for table `membrete_message`
--

LOCK TABLES `membrete_message` WRITE;
/*!40000 ALTER TABLE `membrete_message` DISABLE KEYS */;
INSERT INTO `membrete_message` VALUES (1,'dan','','dan.peade@gmail.com','','','2011-04-29 15:59:47','Yo Yo','Hey thar',1);
/*!40000 ALTER TABLE `membrete_message` ENABLE KEYS */;
UNLOCK TABLES;

--
-- Table structure for table `menus_cachekey`
--

DROP TABLE IF EXISTS `menus_cachekey`;
SET @saved_cs_client     = @@character_set_client;
SET character_set_client = utf8;
CREATE TABLE `menus_cachekey` (
  `id` int(11) NOT NULL auto_increment,
  `language` varchar(255) NOT NULL,
  `site` int(10) unsigned NOT NULL,
  `key` varchar(255) NOT NULL,
  PRIMARY KEY  (`id`)
) ENGINE=MyISAM AUTO_INCREMENT=364 DEFAULT CHARSET=latin1;
SET character_set_client = @saved_cs_client;

--
-- Dumping data for table `menus_cachekey`
--

LOCK TABLES `menus_cachekey` WRITE;
/*!40000 ALTER TABLE `menus_cachekey` DISABLE KEYS */;
INSERT INTO `menus_cachekey` VALUES (363,'en-us',1,'cms-menu_nodes_en-us_1'),(362,'en-us',1,'cms-menu_nodes_en-us_1'),(361,'en-us',1,'cms-menu_nodes_en-us_1'),(360,'en-us',1,'cms-menu_nodes_en-us_1'),(359,'en-us',1,'cms-menu_nodes_en-us_1'),(358,'en-us',1,'cms-menu_nodes_en-us_1'),(357,'en-us',1,'cms-menu_nodes_en-us_1'),(356,'en-us',1,'cms-menu_nodes_en-us_1'),(355,'en-us',1,'cms-menu_nodes_en-us_1'),(354,'en-us',1,'cms-menu_nodes_en-us_1');
/*!40000 ALTER TABLE `menus_cachekey` ENABLE KEYS */;
UNLOCK TABLES;

--
-- Table structure for table `notification_notice`
--

DROP TABLE IF EXISTS `notification_notice`;
SET @saved_cs_client     = @@character_set_client;
SET character_set_client = utf8;
CREATE TABLE `notification_notice` (
  `id` int(11) NOT NULL auto_increment,
  `recipient_id` int(11) NOT NULL,
  `sender_id` int(11) default NULL,
  `message` longtext NOT NULL,
  `notice_type_id` int(11) NOT NULL,
  `added` datetime NOT NULL,
  `unseen` tinyint(1) NOT NULL,
  `archived` tinyint(1) NOT NULL,
  `on_site` tinyint(1) NOT NULL,
  PRIMARY KEY  (`id`),
  KEY `notification_notice_32f69dc` (`recipient_id`),
  KEY `notification_notice_6fe0a617` (`sender_id`),
  KEY `notification_notice_d734034` (`notice_type_id`)
) ENGINE=MyISAM DEFAULT CHARSET=latin1;
SET character_set_client = @saved_cs_client;

--
-- Dumping data for table `notification_notice`
--

LOCK TABLES `notification_notice` WRITE;
/*!40000 ALTER TABLE `notification_notice` DISABLE KEYS */;
/*!40000 ALTER TABLE `notification_notice` ENABLE KEYS */;
UNLOCK TABLES;

--
-- Table structure for table `notification_noticequeuebatch`
--

DROP TABLE IF EXISTS `notification_noticequeuebatch`;
SET @saved_cs_client     = @@character_set_client;
SET character_set_client = utf8;
CREATE TABLE `notification_noticequeuebatch` (
  `id` int(11) NOT NULL auto_increment,
  `pickled_data` longtext NOT NULL,
  PRIMARY KEY  (`id`)
) ENGINE=MyISAM DEFAULT CHARSET=latin1;
SET character_set_client = @saved_cs_client;

--
-- Dumping data for table `notification_noticequeuebatch`
--

LOCK TABLES `notification_noticequeuebatch` WRITE;
/*!40000 ALTER TABLE `notification_noticequeuebatch` DISABLE KEYS */;
/*!40000 ALTER TABLE `notification_noticequeuebatch` ENABLE KEYS */;
UNLOCK TABLES;

--
-- Table structure for table `notification_noticesetting`
--

DROP TABLE IF EXISTS `notification_noticesetting`;
SET @saved_cs_client     = @@character_set_client;
SET character_set_client = utf8;
CREATE TABLE `notification_noticesetting` (
  `id` int(11) NOT NULL auto_increment,
  `user_id` int(11) NOT NULL,
  `notice_type_id` int(11) NOT NULL,
  `medium` varchar(1) NOT NULL,
  `send` tinyint(1) NOT NULL,
  PRIMARY KEY  (`id`),
  UNIQUE KEY `user_id` (`user_id`,`notice_type_id`,`medium`),
  KEY `notification_noticesetting_403f60f` (`user_id`),
  KEY `notification_noticesetting_d734034` (`notice_type_id`)
) ENGINE=MyISAM DEFAULT CHARSET=latin1;
SET character_set_client = @saved_cs_client;

--
-- Dumping data for table `notification_noticesetting`
--

LOCK TABLES `notification_noticesetting` WRITE;
/*!40000 ALTER TABLE `notification_noticesetting` DISABLE KEYS */;
/*!40000 ALTER TABLE `notification_noticesetting` ENABLE KEYS */;
UNLOCK TABLES;

--
-- Table structure for table `notification_noticetype`
--

DROP TABLE IF EXISTS `notification_noticetype`;
SET @saved_cs_client     = @@character_set_client;
SET character_set_client = utf8;
CREATE TABLE `notification_noticetype` (
  `id` int(11) NOT NULL auto_increment,
  `label` varchar(40) NOT NULL,
  `display` varchar(50) NOT NULL,
  `description` varchar(100) NOT NULL,
  `default` int(11) NOT NULL,
  PRIMARY KEY  (`id`)
) ENGINE=MyISAM AUTO_INCREMENT=2 DEFAULT CHARSET=latin1;
SET character_set_client = @saved_cs_client;

--
-- Dumping data for table `notification_noticetype`
--

LOCK TABLES `notification_noticetype` WRITE;
/*!40000 ALTER TABLE `notification_noticetype` DISABLE KEYS */;
INSERT INTO `notification_noticetype` VALUES (1,'announcement','Announcement','you have received an announcement',2);
/*!40000 ALTER TABLE `notification_noticetype` ENABLE KEYS */;
UNLOCK TABLES;

--
-- Table structure for table `notification_observeditem`
--

DROP TABLE IF EXISTS `notification_observeditem`;
SET @saved_cs_client     = @@character_set_client;
SET character_set_client = utf8;
CREATE TABLE `notification_observeditem` (
  `id` int(11) NOT NULL auto_increment,
  `user_id` int(11) NOT NULL,
  `content_type_id` int(11) NOT NULL,
  `object_id` int(10) unsigned NOT NULL,
  `notice_type_id` int(11) NOT NULL,
  `added` datetime NOT NULL,
  `signal` longtext NOT NULL,
  PRIMARY KEY  (`id`),
  KEY `notification_observeditem_403f60f` (`user_id`),
  KEY `notification_observeditem_1bb8f392` (`content_type_id`),
  KEY `notification_observeditem_d734034` (`notice_type_id`)
) ENGINE=MyISAM DEFAULT CHARSET=latin1;
SET character_set_client = @saved_cs_client;

--
-- Dumping data for table `notification_observeditem`
--

LOCK TABLES `notification_observeditem` WRITE;
/*!40000 ALTER TABLE `notification_observeditem` DISABLE KEYS */;
/*!40000 ALTER TABLE `notification_observeditem` ENABLE KEYS */;
UNLOCK TABLES;

--
-- Table structure for table `plugins_latestentriesplugin_authors`
--

DROP TABLE IF EXISTS `plugins_latestentriesplugin_authors`;
SET @saved_cs_client     = @@character_set_client;
SET character_set_client = utf8;
CREATE TABLE `plugins_latestentriesplugin_authors` (
  `id` int(11) NOT NULL auto_increment,
  `latestentriesplugin_id` int(11) NOT NULL,
  `user_id` int(11) NOT NULL,
  PRIMARY KEY  (`id`),
  UNIQUE KEY `plugins_latestentriesplugi_latestentriesplugin_id_2812b839_uniq` (`latestentriesplugin_id`,`user_id`),
  KEY `plugins_latestentriesplugin_authors_7ca27b87` (`latestentriesplugin_id`),
  KEY `plugins_latestentriesplugin_authors_403f60f` (`user_id`)
) ENGINE=MyISAM DEFAULT CHARSET=latin1;
SET character_set_client = @saved_cs_client;

--
-- Dumping data for table `plugins_latestentriesplugin_authors`
--

LOCK TABLES `plugins_latestentriesplugin_authors` WRITE;
/*!40000 ALTER TABLE `plugins_latestentriesplugin_authors` DISABLE KEYS */;
/*!40000 ALTER TABLE `plugins_latestentriesplugin_authors` ENABLE KEYS */;
UNLOCK TABLES;

--
-- Table structure for table `plugins_latestentriesplugin_categories`
--

DROP TABLE IF EXISTS `plugins_latestentriesplugin_categories`;
SET @saved_cs_client     = @@character_set_client;
SET character_set_client = utf8;
CREATE TABLE `plugins_latestentriesplugin_categories` (
  `id` int(11) NOT NULL auto_increment,
  `latestentriesplugin_id` int(11) NOT NULL,
  `category_id` int(11) NOT NULL,
  PRIMARY KEY  (`id`),
  UNIQUE KEY `plugins_latestentriesplugi_latestentriesplugin_id_27ecb393_uniq` (`latestentriesplugin_id`,`category_id`),
  KEY `plugins_latestentriesplugin_categories_7ca27b87` (`latestentriesplugin_id`),
  KEY `plugins_latestentriesplugin_categories_42dc49bc` (`category_id`)
) ENGINE=MyISAM DEFAULT CHARSET=latin1;
SET character_set_client = @saved_cs_client;

--
-- Dumping data for table `plugins_latestentriesplugin_categories`
--

LOCK TABLES `plugins_latestentriesplugin_categories` WRITE;
/*!40000 ALTER TABLE `plugins_latestentriesplugin_categories` DISABLE KEYS */;
/*!40000 ALTER TABLE `plugins_latestentriesplugin_categories` ENABLE KEYS */;
UNLOCK TABLES;

--
-- Table structure for table `plugins_latestentriesplugin_tags`
--

DROP TABLE IF EXISTS `plugins_latestentriesplugin_tags`;
SET @saved_cs_client     = @@character_set_client;
SET character_set_client = utf8;
CREATE TABLE `plugins_latestentriesplugin_tags` (
  `id` int(11) NOT NULL auto_increment,
  `latestentriesplugin_id` int(11) NOT NULL,
  `tag_id` int(11) NOT NULL,
  PRIMARY KEY  (`id`),
  UNIQUE KEY `plugins_latestentriesplugi_latestentriesplugin_id_655b40d9_uniq` (`latestentriesplugin_id`,`tag_id`),
  KEY `plugins_latestentriesplugin_tags_7ca27b87` (`latestentriesplugin_id`),
  KEY `plugins_latestentriesplugin_tags_3747b463` (`tag_id`)
) ENGINE=MyISAM DEFAULT CHARSET=latin1;
SET character_set_client = @saved_cs_client;

--
-- Dumping data for table `plugins_latestentriesplugin_tags`
--

LOCK TABLES `plugins_latestentriesplugin_tags` WRITE;
/*!40000 ALTER TABLE `plugins_latestentriesplugin_tags` DISABLE KEYS */;
/*!40000 ALTER TABLE `plugins_latestentriesplugin_tags` ENABLE KEYS */;
UNLOCK TABLES;

--
-- Table structure for table `plugins_selectedentriesplugin_entries`
--

DROP TABLE IF EXISTS `plugins_selectedentriesplugin_entries`;
SET @saved_cs_client     = @@character_set_client;
SET character_set_client = utf8;
CREATE TABLE `plugins_selectedentriesplugin_entries` (
  `id` int(11) NOT NULL auto_increment,
  `selectedentriesplugin_id` int(11) NOT NULL,
  `entry_id` int(11) NOT NULL,
  PRIMARY KEY  (`id`),
  UNIQUE KEY `plugins_selectedentriesp_selectedentriesplugin_id_1d8f90c3_uniq` (`selectedentriesplugin_id`,`entry_id`),
  KEY `plugins_selectedentriesplugin_entries_2b4c2af` (`selectedentriesplugin_id`),
  KEY `plugins_selectedentriesplugin_entries_38a62041` (`entry_id`)
) ENGINE=MyISAM DEFAULT CHARSET=latin1;
SET character_set_client = @saved_cs_client;

--
-- Dumping data for table `plugins_selectedentriesplugin_entries`
--

LOCK TABLES `plugins_selectedentriesplugin_entries` WRITE;
/*!40000 ALTER TABLE `plugins_selectedentriesplugin_entries` DISABLE KEYS */;
/*!40000 ALTER TABLE `plugins_selectedentriesplugin_entries` ENABLE KEYS */;
UNLOCK TABLES;

--
-- Table structure for table `popularity_viewtracker`
--

DROP TABLE IF EXISTS `popularity_viewtracker`;
SET @saved_cs_client     = @@character_set_client;
SET character_set_client = utf8;
CREATE TABLE `popularity_viewtracker` (
  `id` int(11) NOT NULL auto_increment,
  `content_type_id` int(11) NOT NULL,
  `object_id` int(10) unsigned NOT NULL,
  `added` datetime NOT NULL,
  `viewed` datetime NOT NULL,
  `views` int(10) unsigned NOT NULL,
  PRIMARY KEY  (`id`),
  UNIQUE KEY `content_type_id` (`content_type_id`,`object_id`),
  KEY `popularity_viewtracker_1bb8f392` (`content_type_id`)
) ENGINE=MyISAM AUTO_INCREMENT=34 DEFAULT CHARSET=latin1;
SET character_set_client = @saved_cs_client;

--
-- Dumping data for table `popularity_viewtracker`
--

LOCK TABLES `popularity_viewtracker` WRITE;
/*!40000 ALTER TABLE `popularity_viewtracker` DISABLE KEYS */;
INSERT INTO `popularity_viewtracker` VALUES (1,63,1,'2011-04-12 18:38:26','2011-08-18 18:45:28',45),(2,63,2,'2011-04-12 18:43:38','2011-08-18 18:26:31',76),(3,61,1,'2011-04-20 08:38:28','2011-08-18 15:06:38',113),(4,61,2,'2011-04-28 17:31:18','2011-04-28 19:16:40',5),(5,63,4,'2011-05-01 22:47:51','2011-08-19 23:26:25',41),(6,63,3,'2011-05-01 22:48:07','2011-08-20 03:30:04',90),(7,63,5,'2011-07-02 17:33:20','2011-08-20 17:20:08',28),(8,61,3,'2011-08-13 17:02:12','2011-08-20 01:19:59',8),(9,61,4,'2011-08-13 17:15:46','2011-08-20 01:19:48',11),(10,61,5,'2011-08-13 17:30:48','2011-08-20 05:11:44',9),(11,61,6,'2011-08-13 18:26:41','2011-08-18 15:28:41',6),(12,61,7,'2011-08-13 18:37:32','2011-08-18 15:18:02',4),(13,61,8,'2011-08-13 18:44:33','2011-08-18 16:33:13',8),(14,61,9,'2011-08-14 13:30:38','2011-08-18 15:22:18',13),(15,61,10,'2011-08-14 14:24:52','2011-08-20 03:37:10',7),(16,61,11,'2011-08-14 14:37:34','2011-08-18 15:27:37',5),(17,61,12,'2011-08-14 14:49:17','2011-08-18 15:19:45',6),(18,61,13,'2011-08-14 14:59:20','2011-08-20 17:20:30',4),(19,61,14,'2011-08-14 15:11:42','2011-08-18 16:46:39',4),(20,61,15,'2011-08-14 15:30:07','2011-08-18 16:34:32',9),(21,61,16,'2011-08-14 15:47:50','2011-08-18 15:22:59',9),(22,61,18,'2011-08-14 16:54:31','2011-08-17 04:04:53',8),(23,61,19,'2011-08-14 17:18:32','2011-08-18 15:29:11',5),(24,61,20,'2011-08-14 17:31:05','2011-08-18 16:41:06',5),(25,61,21,'2011-08-14 17:39:58','2011-08-18 15:46:24',13),(26,61,17,'2011-08-14 18:04:20','2011-08-18 15:29:06',5),(27,61,22,'2011-08-14 18:07:23','2011-08-18 15:49:02',16),(28,61,24,'2011-08-17 03:15:24','2011-08-18 18:42:39',3),(29,61,23,'2011-08-17 03:33:51','2011-08-18 15:47:50',2),(30,61,26,'2011-08-17 04:03:41','2011-08-18 23:32:54',5),(31,61,27,'2011-08-17 04:43:40','2011-08-18 15:31:23',3),(32,61,28,'2011-08-17 06:05:04','2011-08-20 03:30:20',16),(33,61,25,'2011-08-17 13:30:33','2011-08-20 01:18:47',3);
/*!40000 ALTER TABLE `popularity_viewtracker` ENABLE KEYS */;
UNLOCK TABLES;

--
-- Table structure for table `profiles_profile`
--

DROP TABLE IF EXISTS `profiles_profile`;
SET @saved_cs_client     = @@character_set_client;
SET character_set_client = utf8;
CREATE TABLE `profiles_profile` (
  `id` int(11) NOT NULL auto_increment,
  `user_id` int(11) NOT NULL,
  `is_contributor` tinyint(1) NOT NULL,
  `location` varchar(255) NOT NULL,
  `website` varchar(200) NOT NULL,
  `profession` varchar(200) NOT NULL,
  `biography` longtext NOT NULL,
  `avatar` varchar(250) default NULL,
  `site_id` int(11) default NULL,
  PRIMARY KEY  (`id`),
  UNIQUE KEY `user_id` (`user_id`),
  KEY `profiles_profile_6223029` (`site_id`)
) ENGINE=MyISAM AUTO_INCREMENT=18 DEFAULT CHARSET=latin1;
SET character_set_client = @saved_cs_client;

--
-- Dumping data for table `profiles_profile`
--

LOCK TABLES `profiles_profile` WRITE;
/*!40000 ALTER TABLE `profiles_profile` DISABLE KEYS */;
INSERT INTO `profiles_profile` VALUES (1,1,0,'','','','This guy, well, what can you say....','files/images/avatars/random_083.jpg',NULL),(2,2,1,'','','Program Officer','Am has worked with children and adults with a disability and their communities since 1998. She gained a BA in Community Development from Murdoch University and an MA International Development from RMIT. In 2006 she worked as the Volunteer Coordinator for Trama Textiles, an indigenous womens weaving cooperative in the Guatemalan highlands. She has interned internationally with Save the Children and the Asian Development Bank in Indonesia and with the Nossal Institute for Global Health in Melbourne. Am currently coordinates services for children for a Local Government Area in Melbournes inner east, where she also holds a policy research and planning position. She is also a lecturer in Bachelor of Education at Victoria University in Student Diversity.','files/images/avatars/ame-portrait.jpg',NULL),(3,3,1,'','','Executive Director','Simon serves two distinct roles with EFO, splitting time between the office and the field. In the office he coordinates the overall EFO operations and tries his best to think of new and inventive ways to quickly get back out in the field. When doing fieldwork he can often be found in front of a classroom, on top of a roof or holed up in a small room checking on the system wiring. He has a variety of semi related degrees in Mechanical Engineering, International Development and a Masters in Political Science and over ten years of engineering and development experience. Simon currently lives and works in Sierra Leone.','files/images/avatars/simon-portrait.jpg',NULL),(4,4,1,'','','Programme Manager','Pauls role as Program Manager involves the developing and designing of new projects, as well as the facilitating of relations between both funding and implementation organisations. He draws experience from over five years of working with environmental organisations and universities in Africa, Europe, Australia and Latin America. He holds a BA from Sydney and a MA in Environment and Development from Kings College London, and is currently studying a PhD in Resource Management and Geography, at the University of Melbourne, with his thesis focusing on different processes of forest conservation in West Africa.','files/images/avatars/paul-portrait.jpg',NULL),(5,5,1,'','','Engineer','Chernor officially joined the EFO team in January 2010 in an Engineering role. He was born in Koiqima, Kono District and attended Ahmadiyya Muslim Secondary School. After graduation he went on to complete his Electrical Engineering Certificate at the National Power Authority Training Centre. His first assignment with EFO will be to oversee the Community Charging Station in Matru Jong. When he is not at work Chernor spends his time playing with his computer, reading books and magazines and watching football.','files/images/avatars/jalloh-portrait.jpg',NULL),(6,6,1,'','','Engineer','Mohamed has been helping EFO since his time at Government Technical Institute (GTI), assisting to organise the PV class in his role as Vice President of the Students Union. He joined the team full-time in January as an Engineer and will be leading the Community Charging Station project in Kamabai. Mohamed was born in Lunsar, Port Loko District and has a Diploma in Electrical Engineering from GTI. In addition to all things solar, he enjoys games, listening to the news and reading novels.','files/images/avatars/mohammed-portrait.jpg',NULL),(7,7,1,'','','Chief Information Officer','Rob heads the IT services at EFO, from designing and developing software systems, to training and acceptance testing. He is a San Francisco resident, and has worked as a commercial software developer and social development IT-specialist for 10 years, drawing on qualifications from a PhD from Stanford (abt) and Bachelors degrees from Sydney. When not working, Rob can be found in remote places indulging his other passions: documenting endangered languages and cycling across continents.','files/images/avatars/rob-portrait.jpg',NULL),(8,8,1,'','','Advisory Board','Mike sits on EFOs advisory board and assists with conducting funding research and handling administrative aspects of the charity. He holds degrees in Education and Kinesiology with Geography from the University of Western Ontario, Canada. Mike has had his hand in various international charity projects over the years. He currently teaches Health and Physical Education at a private school in Quito, Ecuador.','files/images/avatars/mike-portrait.jpg',NULL),(9,9,1,'','','Advisory Board','Lindas role at EFO is to develop the organisations funding strategy and to provide overall project guidance. She holds a Bachelor of Law from the University of British Columbia and a Masters in International Human Rights Law from the University of Toronto. She enjoys outdoor activities such as cycling, running and camping. She is currently employed by the Federal Government of Canada and is based in Toronto, Canada.','files/images/avatars/linda-portrait.jpg',NULL),(10,10,1,'','','Advisory Board','Kevin sits on EFOs Advisory Board and is directly involved in the development and promotion of EFO in the North America region. He has a degree in Education from DYouville College in Buffalo, USA and a degree in Physical Education from Brock University, Canada. Kevin enjoys camping and hiking and taking in live music around the city. He currently resides in Toronto, Canada and is an Educator of primary school students.','files/images/avatars/kevin-portrait.jpg',NULL),(11,11,1,'','','Treasurer','Mathew serves as Treasurer and thus is responsible for managing the finances of EFO. He holds a Bachelor degree in biochemistry from the University of Windsor and a Ph.D. in chemistry from the University of Alberta. Currently Mathew lives in London, Canada where he works in the chemistry department at the University of Western Ontario. When not chasing after his young son, he enjoys a variety of sports, especially ice hockey, soccer, golf and alpine skiing, watching the Toronto Maple Leafs and extolling the virtues of environmental sustainability.','files/images/avatars/random_083.jpg',NULL),(12,12,1,'','','Secretary','Pete has become involved with EFO due to his experiences in West Africa and his current training. Pete traveled through West Africa in 2003/4 for five months before heading back to Australia to study. Currently he is completing a degree in Natural Science in Health and Environment, majoring in Public Health at the University of Western Sydney, with a special interest in HIV/AIDS. He currently works as a Household Sustainability Assessor and will fill the role of Secretary on EFOs Australian Advisory Board. Pete is now busy looking after his first child, struggling to keep a hold of his brain while he chases her around.','files/images/avatars/pete-portrait.jpg',NULL),(13,13,1,'','','Fundraising Officer','Seans role as Fundraising Officer entails work on funding proposals, surmounting the bureaucratic mountains of Australian Taxation Law, and project development and implementation. He has a Bachelors degree in Environmental Engineering from the University of New South Wales and a long-term adrenaline addiction. When not white water kayaking in Africa or the Americas, Sean prefers a life of minimal resistance in Sydney, Australia.','files/images/avatars/prawn-portrait.jpg',NULL),(14,14,1,'','','Treasurer','Will fulfills the role of Financial Officer at EFO Australia and is looking forward to crunching numbers and managing the organisations budget as well as assisting in aspects of fundraising and public relations. His interest in development stems from his time at university when completing a BA from Sydney, his travels around the world and through his current work as a high school teacher of Geography (Masters of Teaching, Sydney). Will is currently living in Canberra, Australia, where he partakes in his other interests: playing guitar and writing music, sustainable housing, table tennis and reading American fiction.','files/images/avatars/will-portrait.jpg',NULL),(15,15,1,'','','Chairman','Jim is the current acting chairman of EFO Australia. He has been an active engineer for over 30 years, with a specialist focus on explosion protected equipment and occupational health and safety. Currently he directs his own company that provides engineering consultancy to manufacturers, users, and testing bodies around the world. He is also the chairman of an international standards committee and an international assessor. In 2007 he traveled to Sierra Leone and assisted with the installation of a solar power system on Tiwai Island. When not working, Jim is often found hiking across mountains and throwing himself down canyons.','files/images/avatars/jim-portrait.jpg',NULL),(16,16,0,'','','','',NULL,NULL),(17,17,1,'','','Engineer','Idrissa became a casual technician with EFO following an installation at Kamalo Primary School where he proved himself to be an exceptionally hard worker, who kept on task with great technical skills. Idrissa participated in the Solar Installers course taught by EFOs Director at the Government Technical Institute in Freetown. Since May 2010 Idrissa has helped complete 4 of EFOs installations - the latest at Kailahun Hospital. Idrissa is also the worlds strongest man or at least claims to be.','files/images/avatars/idrissa-tarawaly.jpg',NULL);
/*!40000 ALTER TABLE `profiles_profile` ENABLE KEYS */;
UNLOCK TABLES;

--
-- Table structure for table `programmes_programme`
--

DROP TABLE IF EXISTS `programmes_programme`;
SET @saved_cs_client     = @@character_set_client;
SET character_set_client = utf8;
CREATE TABLE `programmes_programme` (
  `id` int(11) NOT NULL auto_increment,
  `slug` varchar(250) NOT NULL,
  `created` datetime NOT NULL,
  `modified` datetime NOT NULL,
  `created_by_id` int(11) default NULL,
  `modified_by_id` int(11) default NULL,
  `name` varchar(250) NOT NULL,
  `summary` longtext NOT NULL,
  `needs` longtext NOT NULL,
  `objectives` longtext NOT NULL,
  `activities` longtext NOT NULL,
  `long_term_impact` longtext NOT NULL,
  `funding_info` longtext NOT NULL,
  `how_to_help` longtext NOT NULL,
  `display_order` int(10) unsigned NOT NULL,
  PRIMARY KEY  (`id`),
  UNIQUE KEY `slug` (`slug`),
  KEY `programmes_programme_4a21cf42` (`created_by_id`),
  KEY `programmes_programme_6162aa58` (`modified_by_id`)
) ENGINE=MyISAM AUTO_INCREMENT=6 DEFAULT CHARSET=latin1;
SET character_set_client = @saved_cs_client;

--
-- Dumping data for table `programmes_programme`
--

LOCK TABLES `programmes_programme` WRITE;
/*!40000 ALTER TABLE `programmes_programme` DISABLE KEYS */;
INSERT INTO `programmes_programme` VALUES (1,'health','2011-04-12 16:29:43','2011-08-18 23:45:38',1,1,'Health','This programme will provide basic power to rural clinics and community health centres for lighting and medical equipment. Systems will be specifically designed to meet the needs of the individual site and will target areas that serve isolated and inaccessible communities.','<p>Access to health care represents a significant challenge especially in  the rural areas. For example, in Sierra Leone one in four children are  likely to die before their fifth birthday, and one in eight mothers will  die during childbirth; figures higher than in any other country. Urgent  support is needed&nbsp;to&nbsp;facilitate the establishment and development of  health clinics, to help ensure that the people of in the region can live  longer, healthier lives. The Free Maternal Health Care initiative launched in 2010 has increased the demans on all health facilities across Sierra Leone and has made the need for reliable and costs effectiveerngy supply more acute.</p>','<p>The initial objective of this project is to install solar power systems  in twenty-four community health centres and clinic in remote areas across the region. These  systems will provide power for vaccine fridges, lighting and basic  medical equipment. The project will be implemented with local partners  and government bodies to ensure this infrastructure will benefit those  who need it the most and align with government policy in this sector.</p>','<ul>\r\n<li>Selecting twenty-four health clinics in remote areas where medical care is needed the most</li>\r\n<li>Installation of specifically designed solar systems for each health clinic</li>\r\n<li>Implementation will be in close partnership with national NGOs and Government bodies to ensure capacity is invested locally and aligns with policy and other activities</li>\r\n<li>The training of health clinic staff and community groups to maintain and operate their system</li>\r\n</ul>\r\n<p>&nbsp;</p>','<p>Providing power to rural health centres can immediately improve the  quality of and access patients have to health care. This can  dramatically improve the life of the affected communities by reducing  the burdens associated with poor health. In the long run this can lead  to improved incomes and development opportunities.</p>','<p>Total Funding Goal: US$240,000</p>\r\n<p>Total 2011-2012 Funding Goal: US$160,000</p>','<ul>\r\n<li>$25 <span style=\"white-space: pre;\"> </span>&nbsp;- Supplies five fluorescent light bulbs</li>\r\n<li>$100 - Purchases a solar light for a clinic&nbsp;</li>\r\n<li>$250 - Contributes to the installation of a solar electricity system</li>\r\n</ul>\r\n<p>Click <a title=\"Help EFO achieve it\'s goals!\" href=\"../../contribute\">here</a> to see how you can contribute to helping EFO achieve its goals!</p>',3),(2,'education','2011-04-12 18:41:22','2011-08-18 23:45:19',1,1,'Education','This program will provide solar powered electricity supply for Senior and Junior Secondary Schools. These systems will provide energy for lighting and basic energy services and lay the foundation for future project work such as computer labs and other educational facilities.','<p>Low enrolment and funding is common in the education systems across the  region. Increasing the access and quality of  education is vital to increasing opportunities for individuals and  propelling national development. Due to conditions in the schools, such as overcrowding, many of the schools in the target areas operate on a shift basis with JSS students attending in the morning and SSS students in the afternoon. As such much of the learning is conducted through after school programs and through group study sessions. Providing lighing for these classes dramatically increases the access to learning opportunities for students and creates as safe and secure atmosphere fro group study.</p>\r\n<p>This is even more critical in rural communities were students often camp at the schools in the weeks prior to standardised testing periods. The two tests, Basic Education Certification Exam (BECE) and West Africa West African Senior School Certificate Examination (WASSCE) are required for promotion from Junior Secondary School to Senior Secondary School and from Senior Secondary School to university/college respectively and prepatory clsses supported through these energy service can significantly improve results.</p>\r\n<p>Similarly, modern society requires that students have skills such as computer literacy and these types of programs are simply not possible without a reliable energy supply. &nbsp;</p>','<p>The objective of this project is to provide solar powered electricity to seventeen Junior and  Senior Secondary schools across the three target Districts of Northern Sierra Leone. Each of these are test centres and serve cathment populations far exceeding the enrollment of the individual schools. An addtional thirteen computer labs will be installed and staff trained to provide basic computer skills to the students. At slected sites, a charging station will also be installed to create revenue for the school that can support maintenance and other expenditures.</p>','<ul>\r\n<li>Selecting of schools in conjunction with local partners</li>\r\n<li>Installation of specifically designed solar systems for each of the seventeen schools</li>\r\n<li>Installation of specifically designed computer labs for each of the seventeen schools</li>\r\n<li>Training of teachers and other staff to utilises the computer facilities</li>\r\n<li>Ongoing evaluation and support to maximise facility usage and community service</li>\r\n</ul>\r\n<div id=\"_mcePaste\" class=\"mcePaste\" style=\"position: absolute; left: -10000px; top: 0px; width: 1px; height: 1px; overflow: hidden;\">\r\n<ul>\r\n<li>\r\n<p>Selecting of schools in conjunction with local      partners</p>\r\n</li>\r\n<li>Installation of specifically designed computer      labs and solar systems for each school</li>\r\n<li>Training of teachers and other staff to      utilises the computer facilities</li>\r\n<li>Ongoing evaluation and support to maximise      facility usage and community service</li>\r\n</ul>\r\n</div>','<p>Education provides the critical building block for both personal and  community development. Computer skills provide students with the  necessary skills to succeed in a modern and globalized world.</p>','<p>Total Funding Goal: US$282,000 (Solar-$208,000, Labs-$78,000)</p>\r\n<p>Total 2011-2012 Funding Goal: US$210,000</p>','<ul>\r\n<li>$25 &nbsp; &ndash; Supplies one child with a rechargeable study light</li>\r\n<li>$100 &ndash; Supports the installation of a solar electricity system</li>\r\n<li style=\"text-align: justify;\"> $250 &ndash; Buys a computer</li>\r\n</ul>\r\n<p>Click <a title=\"Help EFO achieve it\'s goals!\" href=\"../../contribute\">here</a> to see how you can contribute to helping EFO achieve its goals!</p>',4),(3,'skills-training','2011-05-01 21:43:24','2011-08-18 23:45:00',1,1,'Skills Training','This programme will introduce solar electricity courses into higher education curriculum across the region. A counterpart teaching methodology will be used to allow the programme to continue and expand beyond the initial course offerings. Community based training will be provided in conjunction with out Community Charging Station projects to increase local technical skills in our project areas.','<p>Youth unemployment is a major challenge across the region and creates  many potential societal risks. One of the causes of this issue&nbsp; is&nbsp;  that&nbsp; the generalized nature of many of the programmes does not  provide students with the specialized skills required for the existing&nbsp; or&nbsp; emerging&nbsp; job market. Furthermore the investment of solar  skills in the next generation will provide the necessary foundation for  the future dissemination of the technology at the country level. Training in the rural communities, provides the necessary foundation for long term sustainability and maintenance of the systems.</p>','<p>The objective of this project is to establish solar electricity courses  into the curriculum of higher education institutes in the region in a manner that allows for the continuation of the programme  after the initial offering. &nbsp;</p>','<ul style=\"text-align: justify;\">\r\n<li>Selecting higher education institutions in the      partner countries</li>\r\n<li>Design regional specific, solar electricity courses      and courseware with the institutions</li>\r\n<li>Train local teachers to continue the courses</li>\r\n<li>Build on this to create complete Alternative      Energy Programmes</li>\r\n<li>Complete solar and administrative training in each of the communities with Community Charging Stations&nbsp;</li>\r\n</ul>','<p>Participants will gain immediate benefits with improved access to  employment and livelihoods opportunities. The potential also exists for  these students to expand the utlisation of alternative energy  technologies in the country, creating wide ranging social benefits.</p>','<p>Total Funding Goal: US$120,000</p>\r\n<p>Total 2011-2012 Funding Goal: US$100,000</p>','<ul>\r\n<li>$25 &nbsp; &ndash; Supplies one student with course materials</li>\r\n<li>$100 &ndash; Provides a basic tool kit for one      student</li>\r\n<li> $250 &ndash; Supports the creation of a class lab</li>\r\n</ul>\r\n<p>Click <a title=\"Help EFO achieve it\'s goals!\" href=\"../../contribute\">here</a> to see how you can contribute to helping EFO achieve its goals!</p>',1),(4,'livelihoods','2011-05-01 22:03:44','2011-08-18 23:44:37',1,1,'Livelihoods','The Community Charging Station (CCS) is Energy For Opportunity\'s initial project in a community. It provides a base for phone and battery charging and a hub for solar lighting and other energy products and services. Additionally, it creates employment and generates community revenue that can be used for maintenance and to support other solar projects in the community. ','<p>The majority of communities across the region do not have access to  national electrical supply. Currently the vast  majority of people rely on kerosene lanterns, battery powered lights or candles for their lighting needs  and use non-rechargeable batteries for radios and other appliances such  as cassette and CD players. Not only are these environmentally damaging  but they represent a significant financial burden on families. Providing cost effective alternatives for access to modern lighting and energy is a necessary first step in promoting household and community development.&nbsp;</p>','<p>The objective of this program is to establish thirty community charging  stations&nbsp;in the three priority Districts of Kambia, Bombali and Koinadugu in&nbsp;Nothern Sierra Leone by the end of 2013. These centres will target Paramount Chiefdom Headquarter towns, with communities that have community health centres and senior secondary schools as the short term priorities. Each CCS will be owned  by members of the community, who will be fully trained in their  operation and maintenance. Rechargeable lanterns will also be introduced  to reduce the reliance on costly, dangerous and unhealthy kerosene and other energy services such as refrigeration and water purification may be added based on community needs and demands.</p>','<ul style=\"text-align: justify;\">\r\n<li>Evaluation of communities for the need and      want for community charging stations</li>\r\n<li>Completion of a management agreement between EFO and the host community</li>\r\n<li>Installation of specifically designed community charging      stations for each community</li>\r\n<li>The training of      community owners/operators to maintain and operate their system</li>\r\n<li>The training of community owner/operators in the management of the  solar charging station as a community income generating business</li>\r\n<li>Develop alternative solar energy projects with partner communities&nbsp;</li>\r\n</ul>','<p>Access to electricity has the potential for dramatic long term benefits.  Energy provides the opportunity for increased study, work or leisure  activities and this distribution method leaves it to the user to decide.  There is a direct relationship between energy supply, education and  income levels as each is largely reliant on the other in order to make  significant improvements.</p>','<p>Total Funding Goal: US$400,000</p>\r\n<p>2011-2012 Funding Goal: US$250,000</p>','<ul>\r\n<li>$25 &nbsp; &ndash; Supplies one rechargeable study light to the CCS</li>\r\n<li>$100 &ndash; Provides training materials for a community member</li>\r\n<li>$250 &ndash; Buys a complete rechargeable home lighting kit</li>\r\n</ul>\r\n<p>Click <a title=\"Help EFO achieve it\'s goals!\" href=\"../../contribute\">here</a> to see how you can contribute to helping EFO achieve its goals!</p>',2),(5,'promoting-solar','2011-07-02 14:45:57','2011-08-18 23:14:30',1,1,'Promoting Solar','EFO supports efforts to mainstream solar and other alternative energy technologies in the region. These projects not only promote the use of renewable, clean power generating options but also help raise vital core funds for the organization, that support its project activities in the region.','<p>Grid supplied electricity is limited in Sierra Leone and many organizations are forced to rely on problematic diesel and fuel powered generators for their electricity supply. This not only contributes to core enviornmental issues but also is a massive expense to organizations operating in the region.&nbsp;</p>','<p>EFO objective is to support efforts to mainstream solar and other alternative energy technologies in the region. These projects not only promote the use of renewable, clean power generating options but also help raise vital core funds for the organization, that support its project activities in the region.</p>','<p>Energy For Opportunity works with a cross section of partners, including individual donors, International Non-Governmental Organizations, Government and private sector entities. We support their project work by providing technical guidance and installation services, ensuring that their activities are implemented to international standards for safety and quality. &nbsp;</p>','<p>Promoting solar through these types of projects will help to shift electricity generation away from existing modes towards safe, reliable and clean energy supply. By expanding the utilization of solar power, it will allow for the technology to gain acceptance and reach a broad cross section of residents, providing a vital alternative energy supply. &nbsp;</p>','<p>Contact us directly for more information on how to work with Energy For Opportunity.</p>','<div>\r\n<p>Organizations looking to implement solar electricity projects in the region or interested in understanding what solar power can do for their projects are invited to contact us for details on how we can help you in your activities.</p>\r\n</div>\r\n<p>&nbsp;</p>',5);
/*!40000 ALTER TABLE `programmes_programme` ENABLE KEYS */;
UNLOCK TABLES;

--
-- Table structure for table `programmes_programme_feature_sets`
--

DROP TABLE IF EXISTS `programmes_programme_feature_sets`;
SET @saved_cs_client     = @@character_set_client;
SET character_set_client = utf8;
CREATE TABLE `programmes_programme_feature_sets` (
  `id` int(11) NOT NULL auto_increment,
  `programme_id` int(11) NOT NULL,
  `featureset_id` int(11) NOT NULL,
  PRIMARY KEY  (`id`),
  UNIQUE KEY `programme_id` (`programme_id`,`featureset_id`),
  KEY `programmes_programme_feature_sets_d981227` (`programme_id`),
  KEY `programmes_programme_feature_sets_eba0f30` (`featureset_id`)
) ENGINE=MyISAM DEFAULT CHARSET=latin1;
SET character_set_client = @saved_cs_client;

--
-- Dumping data for table `programmes_programme_feature_sets`
--

LOCK TABLES `programmes_programme_feature_sets` WRITE;
/*!40000 ALTER TABLE `programmes_programme_feature_sets` DISABLE KEYS */;
/*!40000 ALTER TABLE `programmes_programme_feature_sets` ENABLE KEYS */;
UNLOCK TABLES;

--
-- Table structure for table `programmes_programme_tags`
--

DROP TABLE IF EXISTS `programmes_programme_tags`;
SET @saved_cs_client     = @@character_set_client;
SET character_set_client = utf8;
CREATE TABLE `programmes_programme_tags` (
  `id` int(11) NOT NULL auto_increment,
  `programme_id` int(11) NOT NULL,
  `tag_id` int(11) NOT NULL,
  PRIMARY KEY  (`id`),
  UNIQUE KEY `programme_id` (`programme_id`,`tag_id`),
  KEY `programmes_programme_tags_d981227` (`programme_id`),
  KEY `programmes_programme_tags_3747b463` (`tag_id`)
) ENGINE=MyISAM DEFAULT CHARSET=latin1;
SET character_set_client = @saved_cs_client;

--
-- Dumping data for table `programmes_programme_tags`
--

LOCK TABLES `programmes_programme_tags` WRITE;
/*!40000 ALTER TABLE `programmes_programme_tags` DISABLE KEYS */;
/*!40000 ALTER TABLE `programmes_programme_tags` ENABLE KEYS */;
UNLOCK TABLES;

--
-- Table structure for table `programmes_programmeimage`
--

DROP TABLE IF EXISTS `programmes_programmeimage`;
SET @saved_cs_client     = @@character_set_client;
SET character_set_client = utf8;
CREATE TABLE `programmes_programmeimage` (
  `image_ptr_id` int(11) NOT NULL,
  `programme_id` int(11) NOT NULL,
  PRIMARY KEY  (`image_ptr_id`),
  KEY `programmes_programmeimage_d981227` (`programme_id`)
) ENGINE=MyISAM DEFAULT CHARSET=latin1;
SET character_set_client = @saved_cs_client;

--
-- Dumping data for table `programmes_programmeimage`
--

LOCK TABLES `programmes_programmeimage` WRITE;
/*!40000 ALTER TABLE `programmes_programmeimage` DISABLE KEYS */;
INSERT INTO `programmes_programmeimage` VALUES (126,2),(2,1),(125,2),(8,3),(130,1),(129,1),(11,4),(133,4),(132,4),(124,2),(128,1),(127,1),(17,5),(131,4),(123,2),(134,4),(135,4),(136,5),(137,5),(138,5),(139,5),(140,3),(141,3),(142,3),(143,3);
/*!40000 ALTER TABLE `programmes_programmeimage` ENABLE KEYS */;
UNLOCK TABLES;

--
-- Table structure for table `projects_project`
--

DROP TABLE IF EXISTS `projects_project`;
SET @saved_cs_client     = @@character_set_client;
SET character_set_client = utf8;
CREATE TABLE `projects_project` (
  `id` int(11) NOT NULL auto_increment,
  `slug` varchar(250) NOT NULL,
  `created` datetime NOT NULL,
  `modified` datetime NOT NULL,
  `created_by_id` int(11) default NULL,
  `modified_by_id` int(11) default NULL,
  `name` varchar(250) NOT NULL,
  `summary` longtext NOT NULL,
  `spiele` longtext NOT NULL,
  `location_id` int(11) NOT NULL,
  `date_started` date default NULL,
  `programme_id` int(11) NOT NULL,
  `donors` varchar(250) default NULL,
  `system_size` varchar(250) default NULL,
  `direct_beneficiaries` int(10) unsigned default NULL,
  `indirect_beneficiaries` int(10) unsigned default NULL,
  `date_finished` date default NULL,
  PRIMARY KEY  (`id`),
  UNIQUE KEY `slug` (`slug`),
  KEY `projects_project_4a21cf42` (`created_by_id`),
  KEY `projects_project_6162aa58` (`modified_by_id`),
  KEY `projects_project_319d859` (`location_id`),
  KEY `projects_project_d981227` (`programme_id`)
) ENGINE=MyISAM AUTO_INCREMENT=30 DEFAULT CHARSET=latin1;
SET character_set_client = @saved_cs_client;

--
-- Dumping data for table `projects_project`
--

LOCK TABLES `projects_project` WRITE;
/*!40000 ALTER TABLE `projects_project` DISABLE KEYS */;
INSERT INTO `projects_project` VALUES (1,'solar-power-for-kamakwie-secondary-school','2011-04-19 16:46:07','2011-08-13 16:50:00',1,1,'Solar power for Kamakwie Secondary School','This project is one of the largest solar installation projects ever implemented in Sierra Leone. It involved the installation of a 1530W solar array to the Secondary School in Kamakwie in Sierra Leones northern district of Bombali.','<p>This project is one of the largest solar installation projects ever implemented in Sierra Leone. It involved the installation of a 1530W solar array to the Secondary School in Kamakwie in Sierra Leone&rsquo;s northern district of Bombali. The system is currently providing lighting for night classes and EFO is currently working to have computers and internet installed at the site. Four students, two from the Government Technical Institute and two from the National Power Authority Training Centre, worked with EFO on the installation, giving them valuable field experience to compliment their studies.</p>\r\n<p>The installation was made a reality due to the support of the organization: <a title=\"Friends Of Sierra Leone\" href=\"http://www.fosalone.org\" target=\"_blank\">Friends of Sierra Leone</a>, most notably due to the tireless work of Leslie and Jack McKeon.</p>',1,'2010-02-01',2,'Leslie and Jack McKeon / Friends Of Sierra Leone','1500',900,3000,NULL),(3,'kamabai-secondary-school','2011-08-13 17:01:27','2011-08-15 21:59:31',1,1,'Kamabai Secondary School','In April 2011, Kamabai Secondary Schools installation was completed making it fully functional again for the first time since the schools electrical infrastructure was seriously degraded during years of civil war.','<!-- 		@page { margin: 2cm } 		P { margin-bottom: 0.21cm } -->\r\n<p>In April 2011, Kamabai Secondary School\'s installation was completed making it fully functional again for the first time since the school\'s electrical infrastructure was seriously degraded during years of civil war. Kamabai is one of only three regional test centres for both the BECE and WASCE examinations, the standardised tests used in the Sierra Leone education system. The installation was driven by community contribution both financially, from revenue generated from the community charging station installed in March and through community participation in the installation - digging trenches and the earthing pit and assisting to lift the panels up onto the roof.<br /><br />The installation provides study light for the school\'s evening classes as well as providing light for extra study time in the evenings. The installation now lights up 11 rooms, the lab, a chapel, a community library, outdoor security light and provision for computers school hall and energy for computers in the library.<br /><br />Since the installaions the students, staff and Principal of Kamabai and Kamakwie Senior Secondary Schools participated in an evaluation of the solar installations and their impacts on learning Results indicated that the solar lights installed in the school have brought a number of economic benefits for the school\'s administration, teachers, parents and students alike, as well as increasing the safety and security around the schools and replacing the school\'s reliance on petrol fuelled generators. Staff and students expect the lights will also improve performance in the senior secondary and university entrance exams as students will be able to safely study in the school at night, where they have access to text books.<br /><br />The system has been an exciting development for the students as the majority do not have electricity in their homes. &ldquo;When we come to school and the weather and big storms are all dark we can go into the hall and continue our work&rdquo;</p>\r\n<p style=\"margin-bottom: 0cm;\">&nbsp;</p>\r\n<!-- 		@page { margin: 2cm } 		P { margin-bottom: 0.21cm } -->',2,NULL,2,'AusAID','1320',1000,3000,'2011-04-01'),(4,'gbendembu-baptist-secondary-school','2011-08-13 17:15:29','2011-08-15 22:47:28',1,1,'Gbendembu Baptist Secondary School','The installation at Gbendembu Secondary School in May 2011, was a great team effort from start to finish. It combined funding from AusAID, product donations from BP Solar and Outback, donations through Friends of GSS, a significant community contribution, contributions from other EFO project work and valuable labour from students and volunteers from Kamabai and Kamakwie as well as EFO staff. ','<p>The installation at Gbendembu Secondary School in May 2011, was a great team effort from start to finish. It combined funding from AusAID, product donations from BP Solar and Outback, donations through Friends of GSS, a significant community contribution, contributions from other EFO project work and valuable labour from students and volunteers from Kamabai and Kamakwie as well as EFO staff.<br /><br />Gbendembu SS is one of three Senior Secondary Schools in the Bombali district outside of Makeni. It is also one of three centres for the BECE and WASCE exams and since the installation, at exam time, around 300 students per day come to use the facilities and study at night . Jalloh and Sheka Massaquoi led the practical installation of the system which provides lighting and powers light appliances such as fans, for the secondary school including the staff quarters, a computer lab and a charging station. The charging station will provide the necessary income for maintenance of the systems and upgrades if needed.<br /><br />A partner in the AusAID proposal, Deng Solar Training Company, a Ghana based organization was represented by Nicolas Opoku Kwarteng, who led a training course in basic solar installation and maintenance. James B. Conteh (JBC) and Monica Gbassay (Beshay) came from Kamabai Solar Charging Station to attend the training. JBC also spent a week with the staff of the school teaching them management of the charging station that has been incorporated into this school&rsquo;s system. Other participants in the solar training course were teachers and students of Gbendembu Baptist SS, a representative from the Wesleyan Health Centre, and representatives from Kamakwie Community Centre, from the school and from the hospital.<br /><br />The solar students helped to install the system as part of their practical training and were pleased to see the tangible results of their labours. Afterwards Simon, director of EFO commented, &ldquo;It is not easy piecing together these projects, but well worth it when they come together!&rdquo;</p>',3,NULL,2,'AusAID','2070',1200,1400,'2011-05-01'),(5,'welbodi-clinic-kono-with-ewb-princeton','2011-08-13 17:30:37','2011-08-15 22:50:45',1,1,'Welbodi Clinic Kono with EWB Princeton','EFO partnered with Engineers Without Borders, Princeton, in July 2010 to undertake what was then EFO\'s biggest installation to date.','<p>EFO partnered with Engineers Without Borders, Princeton, in July 2010 to undertake our biggest installation to date.<br /><br />The 2100W system powers the Wellbody Clinic, a maternal and child health and general practice clinic in Koidu town. 2000 direct beneficiaries and 10,000 indirect beneficiaries stand to benefit from lighting up this clinic. The installation was undertaken by a team of EFO technicians (Jalloh, Idrissa and Samuand Princeton students, and included EFO Intern Nizette Edwards.<br /><br />The newly lit clinic now provides a better and more consistent service to its patients, improving health services provision in Koidu town.</p>\r\n<!-- 		@page { margin: 2cm } 		P { margin-bottom: 0.21cm } -->',4,NULL,1,'Engineers Without Borders','2100',2000,10000,'2010-07-01'),(6,'kailahun-government-hospital','2011-08-13 18:25:45','2011-08-15 22:52:07',1,1,'Kailahun Government Hospital','In November and December 2010 EFO installed a 4725 Watt system in Kailahun. The solar system now provides lighting for the whole hospital including a male ward, a female ward, a childrens ward, a maternity ward, a laboratory and an eye clinic 24/7. ','<p>In November and December 2010 EFO installed a 4725 Watt system in Kailahun.<br /><br />Before the system was installed, the staff told Jalloh, EFO Programme Manager, that they could only afford to use their generator until12:00 at night which meant that they were not well prepared for any emergencies such as child birth at night. The solar system now provides lighting for the whole hospital including a male ward, a female ward, a children&rsquo;s ward, a maternity ward, a laboratory and an eye clinic 24/7. The corridors and outside areas are also lit up providing security at night.<br /><br />The state of the art system uses LED lights which offer greater durability and longevity significantly reducing maintenance and replacement costs. This project has the potential to be expanded to all Government Hospitals across the country which will have a positive impact on the quality of healthcare in Sierra Leone.</p>\r\n<!-- 		@page { margin: 2cm } 		P { margin-bottom: 0.21cm } -->',5,NULL,1,'','4725',NULL,NULL,'2010-12-01'),(7,'kamakwie-hospital','2011-08-13 18:37:19','2011-08-15 22:53:33',1,1,'Kamakwie Hospital','Kamakwie Hospital serves over 200,000 people in northern Sierra Leone and the south of Guinea annually. EFO, in partnership with the Kamakwie Community and Hospital Administration installed a 1050Watt system that now provides lights to the hospitals wards, the covered hallways - which double as family waiting areas - and the ward offices.','<p>Kamakwie Hospital serves over 200,000 people in northern Sierra Leone and the south of Guinea annually. Until February/March 2010 the hospital had survived on the power supplied by a noisy, capital intensive petrol generator to provide lights for patients and hospital staff. The generator was switched off after 9.00 pm leaving the staff and patients in torch or kerosene light for the rest of the evening. This made treating patients at night difficult, and especially emergencies.<br /><br />EFO, in partnership with the Kamakwie Community and Hospital Administration installed a 1050Watt system that now provides lights to the hospital&rsquo;s wards, the covered hallways - which double as family waiting areas - and the ward offices.<br /><br />Jalloh and Idrissa led the installation accompanied by one student from Government Technical Institute (GTI) who they trained as part of his practical training.</p>\r\n<!-- 		@page { margin: 2cm } 		P { margin-bottom: 0.21cm } -->',1,NULL,1,'AusAID','1050',NULL,200000,'2010-03-01'),(8,'rokupa-government-hospital','2011-08-13 18:44:17','2011-08-15 22:54:49',1,1,'Rokupa Government Hospital','Rokupa Government Hospital is situated in Eastern Freetown and before the EFO solar installation they relied on expensive and noisy generator power from 10:00 am until 3:00 pm in the day. Jalloh, Mohamed, Idrissa, Sumu and Sheka from EFO installed a 2,625 Watt system (15x175 Watt panels) that provides lighting for the whole hospital, in December 2010.','<p>Rokupa Government Hospital is situated in Eastern Freetown and before the EFO solar installation they relied on expensive and noisy generator power from 10:00 am until 3:00 pm in the day. After 3:00 pm they couldn&rsquo;t afford to run the generator and this was a serious problem considering that the night time hours, when light is most needed, they didn&rsquo;t have access to electricity.<br /><br />Jalloh, Mohamed, Idrissa, Sumu and Sheka from EFO installed a 2,625 Watt system (15x175 Watt panels) that provides lighting for the whole hospital, in December 2010.<br /><br />The solar power is currently being used to power 6 wards, the corridors, a new laboratory and a labour room as well as providing outdoor lights for security. The system uses LED lights which are durable and will reduce maintenance and replacement costs.</p>\r\n<!-- 		@page { margin: 2cm } 		P { margin-bottom: 0.21cm } -->',6,NULL,1,'','2625',NULL,NULL,'2010-12-01'),(9,'kamaso-solar-irrigation','2011-08-14 13:28:15','2011-08-15 22:56:05',1,1,'Kamaso Solar Irrigation','In May 2011 Chernor Jalloh (Jalloh) of EFO led the installation of a 350 Watt system that pumps water from a well into two tanks with 5000 litres of capacity and from there, irrigates an acre of land for crop production in Kamaso, Koinadugu District. ','<p>In May 2011 Chernor Jalloh (Jalloh) of EFO led the installation of a 350 Watt system that pumps water from a well into two tanks with 5000 litres of capacity and from there, irrigates an acre of land for crop production in Kamaso, Koinadugu District. In an initial survey of the site in April 2011 by Simon, EFO&rsquo;s director, and Jalloh, EFO Programme Manager, with Abdul K. Koroma (AKK), the site manager alongside them, they established that the site would be suitable for a solar irrigation system. The land slopes over an acre area, down to a well at the bottom of the site.<br /><br />After the project was given the technical go ahead, the installation was carried out over a five day period from the 9th to the 13th of May, 2011. Training on installation and basic maintenance was incorporated into the installation by Jalloh, with practical on-the-job training followed by evening classes with a notepad and pen in the outdoor classroom (a selection of rocks at the top of the site that form a seating area). This gave a great sense of ownership of the project to the labourers and site leaders as well as being a practical tool in case of the need for basic maintenance of the system.<br /><br />AKK who has led the efforts to bring a solar irrigation system to the Kamaso site was delighted to see the finished product and is convinced that it will make a huge difference in their day to day work, and will positively affect crop yields too. The irrigation system consists of 2x175 Watt solar panels that pump water up from a well to two big tanks (3000 L and 2000 L) at the top of the site. From there, the water is easily pumped through a maze of watering pipes that zig zag across the land. In the rainy season this is not such a necessity but when the extended dry season comes around from October through to May, the system will be a huge help to the labourers who previously used to water the crops by hand every three days. With this system the crops will have constant irrigation even through the hottest days of the dry season, thanks to the deep well at the bottom of the site.<br /><br />Solar irrigation systems are a new venture for EFO, and this one will be closely monitored for performance so that the system can be improved if need be and to inform any future irrigation installations.</p>\r\n<!-- 		@page { margin: 2cm } 		P { margin-bottom: 0.21cm } --><!-- 		@page { margin: 2cm } 		P { margin-bottom: 0.21cm } -->',7,NULL,4,'','350',NULL,NULL,'2011-05-31'),(10,'river-number-2-eco-tourism-resort','2011-08-14 14:24:25','2011-08-15 22:57:02',1,1,'River Number 2 Eco-Tourism Resort','In May 2011, EFO  installed 8x175 Watt solar panels to electrify the community run tourist attraction of River No. 2, an off-grid coastal community on the Western Area Peninsula, near to Freetown. The solar installation will provide light and will power a freezer and some light appliances in the store area, kitchen, restaurant and 14 rooms providing accommodation to tourists.','<p>In May 2011, EFO installed 8x175 Watt solar panels to electrify the community run tourist attraction of River No. 2, an off-grid coastal community on the Western Area Peninsula, near to Freetown. The solar installation will provide light and will power a freezer and some light appliances in the store area, kitchen, restaurant and 14 rooms providing accommodation to tourists. EFO is delighted to provide River No. 2 with solar power as it will facilitate smooth running of the facility as well as boosting the community&rsquo;s efforts to attract tourists by reinforcing their image as an eco-tourism attraction.<br /><br />An expert on sustainable tourism, Mr. Robert Travers, recently completed a study on Sierra Leone&rsquo;s tourism sector and concluded that, due to its natural and unspoilt beauty, Sierra Leone should prioritise eco-tourism and brand itself as the centre of eco-tourism in West Africa. The solar installation looks fantastic, placed in the centre of the facility for all arrivals to see, and will definitely promote River No. 2 firmly to the status of &ldquo;community run eco-tourism resort&rdquo; which in turn, we hope, will attract more tourists.<br /><br />The EFO team arrived on Friday the 13th of May and spent a day hard at work putting the initial wiring down, with the community assisting in digging trenches to lay down the wires to connect the store, kitchen, restaurant and accommodation. Alusine showed his competence by efficiently and neatly laying a web of wiring (earth mat) at the bottom of the pit that was dug, whilst Idrissa and Sheka moved around the different buildings wiring them up and fixing plug sockets and light fixtures. They left for a few days in between to allow the community to prepare a base in an open area for the solar panels to be mounted on, and on Tuesday the 17th they came back to finish the job. By Thursday evening the job was completed and all the buildings were successfully electrified.</p>\r\n<!-- 		@page { margin: 2cm } 		P { margin-bottom: 0.21cm } -->',8,NULL,4,'Welthungerhilfe','1400',100,1000,'2011-08-01'),(11,'kamakwie-community-centre','2011-08-14 14:37:13','2011-08-15 22:58:10',1,1,'Kamakwie Community Centre','In April 2010 EFO installed a solar system into Kamakwie Community Centre. The community centre is used extensively for community events, community meetings, chiefdom meetings and for celebrations such as the 50 year Independence Day Celebration on the 27th of April 2011. ','<p>In April 2010 EFO installed a solar system into Kamakwie Community Centre. The community centre is used extensively for community events, community meetings, chiefdom meetings and for celebrations such as the 50 year Independence Day Celebration on the 27th of April 2011.<br /><br />Children regularly use the centre as a place to study at night time making it a valuable asset to the community in terms of education. It is estimated that the installation is directly benefiting 1000 community members.<br /><br />The community now plans to set up a charging station using the same system so that any money raised through the business can go back to paying for maintenance of the system, such as renewing the batteries, in the future. The community are raising finances to buy the minimum materials needed for the charging station i.e. phone chargers and a log book, and rechargeable lights will be provided by EFO.</p>\r\n<!-- 		@page { margin: 2cm } 		P { margin-bottom: 0.21cm } -->',1,NULL,5,'','',1000,NULL,'2010-04-01'),(27,'kamabai-community-charging-station','2011-08-17 04:39:31','2011-08-17 04:43:29',3,3,'Kamabai Community Charging Station','The Kamabai CCs provides the foundation for all our project work in the community. It was installed in March, 2010 and has been instrumental in future installations at the Community Health Centre and Secondary School.','<div>\r\n<p>The Kamabai CCS was set up adjacent to the town market and in addition to providing the typical charging and light rental services also gives light to the martket, allowing for night trading.</p>\r\n<p>A committee was set up to run the station with members including the Mamie Queen, the Youth Leader (town / chiefdom), the Pastor / Imam and representatives from the Elders, the Market Women, the School, Farmers and the Health Centre. The Committees have a Chairperson, Treasurer, Auditor, Financial Secretary and voting members.</p>\r\n<p>In addition to training local community members in basic installation and maintenance of a solar system, in March 2010, EFO trained two people in administration to run the charging stations. The trainees were coached with the tools for day to day running of the charging stations, book keeping, financial accounting and banking were covered in the training.<br /><br />Mohamed from EFO trained the individuals who took up these roles and EFO provides ongoing technical support.</p>\r\n</div>',2,NULL,4,'Christian Aid','350',100,1000,'2010-03-12'),(12,'lakka-community-centre','2011-08-14 14:49:06','2011-08-15 22:59:29',1,1,'Lakka Community Centre','Lakka Community Centre is located 10 Kilometres south of Freetown where the EFO head office was located in 2010. EFO  completed a project there in January 2010 which included a street light and full rewiring of the building and an upgrade of the existing solar installation.','<p>Lakka Community Centre is located 10 Kilometres south of Freetown where the EFO head office was located in 2010. The community centre is used for meetings, church groups, as a safe play area and as a study area for children. The project, completed in January 2010, included a street light and full rewiring of the building and an upgrade of the existing solar installation. EFO staff trained 10 community members in basic electricity and solar power whom were subsequently involved in completing the installation. Some of these individuals are now working with EFO on other projects.<br /><br />The project was self funded by EFO in collaboration with in kind contributions from the community.<br /><br />Since the installation was completed the centre has been used extensively by the community. Children come to study there, local tailors move their sewing machines inside at night to work instead of using candle light. Church events are common and gatherings of people are hosted there for various occasions.</p>\r\n<!-- 		@page { margin: 2cm } 		P { margin-bottom: 0.21cm } -->',6,NULL,5,'','',NULL,NULL,'2010-01-01'),(26,'matru-jong-community-charging-station','2011-08-17 04:03:25','2011-08-17 04:03:25',3,NULL,'Matru Jong Community Charging Station','As part of out pilot community charging station project, Energy For Opportunity installed a kiosk and solar electricity system on the court barri compound in Matru Jong.  ','<p>The CCS project aims to provide an alternative to polluting, costly and dangerous lighting products while also generating revenue for community projects and creating local employment. Our installation in Matru Jong also provided light to the adjacent court barri, allowing for all residents to enjoy the new services.</p>\r\n<p>&nbsp;</p>',16,NULL,4,'Christian Aid','350',100,1000,'2010-02-28'),(13,'liberia-unicef','2011-08-14 14:59:07','2011-08-17 02:58:37',1,3,'Liberia UNICEF','Energy For Opportunity staff supported the Environmental Foundation for Africa in their solar electricity installation at the UNICEF funded school in Ganta, Liberia. ','<p>This project involved the complete compound wiring and solar electricity installation for the UNICEF funded primary school and community centre in Ganta, Liberia. The project stretched over almost two years from initial concept to final installation but the time and effort were well spent as it resulted in a massive system that will provide power for lighting, water pumping and a large computer lab in the compound.&nbsp;</p>\r\n<p>In addition to staff from EFA and EFO, a team of electricians from Sierra Leone and numerous local staff participated in the project and all made significant contributions to its success!&nbsp;</p>',9,NULL,5,'UNICEF','4725',1000,5000,'2010-09-30'),(14,'microfinance-offices-in-makeni-with-inveneo','2011-08-14 15:10:52','2011-08-14 15:12:24',1,1,'Microfinance Offices in Makeni with Inveneo','This project involved the installation of solar power in two microfinance offices in the northern Sierra Leone city of Makeni.','<p>This project involved the installation of solar power in two  microfinance offices in the northern Sierra Leone city of Makeni. The  installations provided electricity to power  Information and  Communication Technology Infrastructure in the offices of HOPE Micro and  the Association for Rural Development (ARD), two Sierra Leone based  microfinance institutions.</p>\r\n<p>Microfinance is a local-scale financing  system that gives loans to the poor (who do not hold enough assets to  qualify for traditional bank loans), giving them the necessary financial  support to develop business opportunities and local entrepreneurship,  and in turn helping to generate local income and to expand livelihood  opportunities. Former students from Freetown&rsquo;s Government Technical  Institute were in involved in all aspects of the installation, giving  them valuable and practical field experience.</p>\r\n<p>The project was  implemented in partnership with the US based organization <a href=\"http://www.inveneo.org/\" target=\"_blank\">Inveneo</a>.</p>',10,NULL,5,'','',NULL,NULL,'2009-10-01'),(15,'slafu-whh-and-tombo-offices','2011-08-14 15:29:47','2011-08-15 23:00:42',1,1,'SLAFU, WHH and Tombo Offices','The Sierra Leone Artisanal Fishermans Union (SLAFU), Welthungerhilfe (WHH) and Tombo Development Association offices were provided with a state of the art system from EFO in May 2011. ','<p>The Sierra Leone Artisanal Fisherman&rsquo;s Union (SLAFU), Welthungerhilfe (WHH) and Tombo Development Association offices were provided with a state of the art system in May 2011.<br /><br />The 2x175 Watt panels provide lights and sockets for computer use in the SLAFU and WHH offices, while it provides lights for the Tombo Development Association office.<br /><br />The project is designed to promote and support community development activities with a specific concentration on environmental protection. It being the main development office in Tombo, it is hoped that it will have a positive impact on the whole community through outreach.</p>\r\n<!-- 		@page { margin: 2cm } 		P { margin-bottom: 0.21cm } -->',13,NULL,5,'','350',60,20000,'2011-05-01'),(16,'gbendembu-solar-training','2011-08-14 15:47:15','2011-08-15 23:01:41',1,1,'Gbendembu Solar Training','In May 2011 training was provided for a group of beneficiaries of EFOs work. A partner in the AusAID proposal, Deng Solar Training Company, a Ghana based organization was represented by Nicolas Opoku Kwarteng, who led a training course in basic solar installation and maintenance.','<p>In May 2011 training was provided for a group of beneficiaries of EFO&rsquo;s work. A partner in the AusAID proposal, Deng Solar Training Company, a Ghana based organization was represented by Nicolas Opoku Kwarteng, who led a training course in basic solar installation and maintenance. James B. Conteh (JBC) and Monica Gbassay (Beshay) came from Kamabai Solar Charging Station to attend the training. Other participants in the solar training course were teachers and students of Gbendembu Baptist SS, a representative from the Wesleyan Health Centre, and representatives from Kamakwie Community Centre, from the school and from the hospital. The solar students helped to install the system as part of their practical training and were pleased to see the tangible results of their labours.<br /><br />A solar charging station was also set up in the school to provide an income for maintenance, repairs and eventual replacement of batteries.<br /><br />JBC who manages the Kamabai charging station spent a week with the staff of the school teaching them book keeping and basic accounting as well as day to day running of the station. We were delighted to see JBC transferring his skills in this way.</p>\r\n<!-- 		@page { margin: 2cm } 		P { margin-bottom: 0.21cm } -->',3,NULL,3,'AusAID','',NULL,NULL,'2011-05-01'),(17,'government-technical-institute','2011-08-14 16:35:43','2011-08-17 02:45:42',1,3,'Government Technical Institute','Energy For Opportunity staff assisted in the development of solar electricity courses as part of the Government Technical Institute\'s on going Alternative Energy Programme. ','<p>Developing the necessary technical skills within Sierra Leone is vital to the emergence of a strong solar electricity sector in the country. To assist in these efforts, Energy For Opportunity staff supported the teaching and development of two courses at GTI, Introduction to Photovoltaic Electricity Design and Installation and Advanced Photovoltaic Electricity.</p>\r\n<p>These courses were based on workshops conducted by Solar Energy International, a USA based renewable energy training center, and provide the students with all the necessary skills to safely and professionally design and install solar electricity systems. All course development was done in close partnership with staff from GTI and the courses are now being taught by existing facilty, ensuring that the knowledge and resources can benefit the maximum number of students.</p>\r\n<p>This programme has been vital to the development of EFO as all current technical staff are graduates from the courses and many of the students have supported project work as part of their own practical training.</p>',6,NULL,3,'Solar Energy International','',60,200,'2010-04-30'),(28,'district-council-administrative-buildings','2011-08-17 06:04:07','2011-08-17 06:10:38',3,3,'District Council Administrative Buildings','EFO staff have supported the biggest solar system installation in Sierra Leones history by being part of a series of installations at 6 governmental buildings, at an impressive 10 kW each. The staff took their leave from EFO during the life span of this project (two months) in order to support the installations at District and Municipal Council Buildings; Kailahun, Pujehun, Bonthe Island, Matru Jong, Kabala and Kambia. \r\n','<p>&nbsp;</p>\r\n<p><strong><span style=\"text-decoration: underline;\">Kambia District Installation</span></strong></p>\r\n<p>In late July to early August Mohamed and Sumu, with help from Jacob, assembled 60 solar panels onto their stands and mounted them onto the roof at the Kambia District Administration Building (one of six similar installations completed across Sierra Leone). This installation provided short-term employment to a team that also included five of EFO&rsquo;s regular masoners and carpenters and some local tradesmen. On the 5th of August they switched on the lights for the first time, lighting up the brand new council building.&nbsp; Preparation work also included construction of wooden shelves to hold  the 30 batteries that store power for the system, wiring of the building  and assembly of parts for the final installation.<br />&nbsp;<br />According to Victor Kalie Kamara, the Chief Administrator of the Kambia District Council, the system will &ldquo;reduce expenditure on fuel (for a generator) and increase reliability of electricity for the council.&rdquo; <br />&nbsp;<br />The solar system is a powerful system and at 10 kW will power the lighting, computers, fridges and other appliances for the large building that has a big hall, and over twenty rooms. EFO is proud to be associated with this installation and to see its staff contributing to such significant development initiatives in the sector. The staff have shown their expertise and competence in supporting the project technically and this reinforces EFO&rsquo;s rationale that training local staff is fundamentally important in providing the capacity in-country to promote and implement solar technology in Sierra Leone.</p>',17,NULL,5,'World Bank','1000',450,60000,'2011-08-05'),(19,'kamaso-solar-irrigation-workshops','2011-08-14 17:17:59','2011-08-15 23:03:51',1,1,'Kamaso Solar Irrigation Workshops','From the 9th to the 13th of May 2011, Jalloh trained eight staff of the Kamaso agricultural project in basic installation, maintenance and operation of the solar system. The installation was completed by the team of trainees with Jalloh as the lead technician to guide them through the process. ','<p><!-- 		@page { margin: 2cm } 		P { margin-bottom: 0.21cm } -->From the 9th to the 13th of May 2011, Jalloh trained eight staff of the Kamaso agricultural project in basic installation, maintenance and operation of the solar system. The installation was completed by the team of trainees with Jalloh as the lead technician to guide them through the process.<br /><br />During the days, the team worked on the practical installation with theory classes in the outdoor classroom in the evenings. Jalloh prepared easy to understand hand-outs covering components of the system, safety, maintenance and other topics.<br /><br />The trainees were happy with the outcome of their work and learnt some valuable skills along the way. In this way EFO hopes that any basic maintenance of the system will be handled by the on site staff.</p>',7,'2011-05-09',3,'','',8,NULL,'2011-05-13'),(20,'lakka-community-centre-solar-workshops','2011-08-14 17:30:44','2011-08-15 23:04:53',1,1,'Lakka Community Centre Solar Workshops','EFO staff, Jalloh and Mohamed trained ten community members in basic solar installation and maintenance as part of the installation. This ensured that local community members benefitted not only from gaining electricity in the centre but also from gaining new skills, as part of the project. ','<!-- 		@page { margin: 2cm } 		P { margin-bottom: 0.21cm } --> <!-- 		@page { margin: 2cm } 		P { margin-bottom: 0.21cm } -->\r\n<p>This project, completed in January 2010, included a street light and full rewiring of the building and an upgrade of the existing solar installation.<br /><br />EFO staff, Jalloh and Mohamed trained ten community members in basic solar installation and maintenance as part of the installation. This ensured that local community members benefitted not only from gaining electricity in the centre but also from gaining new skills, as part of the project.<br /><br />A combination of practical skills and theory were taught during the installation period with the ten trainees assisting in all aspects of the practical installation. Subsequently some of these individuals began working with EFO on other projects.</p>\r\n<p style=\"margin-bottom: 0cm;\">&nbsp;</p>',11,NULL,3,'','',10,NULL,'2010-01-01'),(21,'malawi-training','2011-08-14 17:37:29','2011-08-17 01:50:17',1,3,'Malawi Training','Energy For Opportunity teamed up with Light Up Malawi to conduct an introductory training session and installation. ','<p>Energy For Opportunity\'s Director, Simon Willans travelled to Malawi with Light Up Malawi to help them conduct an initial training session and installation. It was the first time we had worked outside the West Africa region and it was an excellent opportunity to be participate in such an exciting programme.</p>\r\n<p>The project involved the training of twenty teachers from schools in the Mzuzu area and gave them a background on basic electrical and solar electricity installation and operation. A practical installation was completed at the primary school in Limbe and will provide lighting for night classes for both students and adults from the community.</p>\r\n<p>For more information on Light Up Malawi and their work, please go to their website www.lightupmalawi.org/</p>\r\n<p>&nbsp;</p>',12,'2010-06-01',3,'Light Up Malawi','50',20,200,'2010-06-11'),(22,'st-martins-orphanage','2011-08-14 18:06:53','2011-08-17 08:09:31',1,1,'St Martins Orphanage','In June 2010 EFO, with sponsorship from the Arts Foundation, undertook a 1575 Watt system installation at St Martins Orphanage in Port Loko.','<p>In June 2010 EFO, with sponsorship from the Arts Foundation, undertook a 1575 Watt system installation at St Martin&rsquo;s Orphanage in Port Loko.<br /><br />The system will provide lighting for the thirty two children and young people who call the orphanage home. Previously the orphanage staff had relied on a generator for lighting which was expensive, noisy and polluting.<br /><br />The orphanage now has a dedicated solar power fridge used to sell cold drinks in the community to raise money for orphanage expenditure.</p>\r\n<!-- 		@page { margin: 2cm } 		P { margin-bottom: 0.21cm } -->',14,NULL,5,'Arts Foundation','1575',75,300,'2010-06-01'),(23,'kamalo-health-clinic','2011-08-14 18:09:30','2011-08-17 03:33:40',1,3,'Kamalo Health Clinic','In March 2010 EFO Installed a 350W system at the Kamalo Health Clinic that will provide valuable lights for the medical clinic and staff quarters. ','<!-- 		@page { margin: 2cm } 		P { margin-bottom: 0.21cm } -->\r\n<p style=\"margin-bottom: 0cm; line-height: 100%; widows: 0; orphans: 0;\" lang=\"en-US\"><span style=\"font-family: Times;\"><span style=\"font-size: small;\">In March 2010 EFO Installed a 350W system at the Kamalo Health Clinic that will provide valuable lights for the medical clinic and staff quarters. </span></span></p>\r\n<p style=\"margin-bottom: 0cm; line-height: 100%; widows: 0; orphans: 0;\" lang=\"en-US\">&nbsp;</p>\r\n<p style=\"margin-bottom: 0cm; line-height: 100%; widows: 0; orphans: 0;\" lang=\"en-US\"><span style=\"font-family: Times;\"><span style=\"font-size: small;\">In addition to lighting the clinic, lighting the staff quarters is aimed at attracting health professionals to rural areas. Providing basic lighting is not a service that clinics can generally provide their workers and is an attraction for professionals used to the services in Freetown. </span></span></p>\r\n<p style=\"margin-bottom: 0cm; line-height: 100%; widows: 0; orphans: 0;\" lang=\"en-US\">&nbsp;</p>\r\n<p style=\"margin-bottom: 0cm; line-height: 100%; widows: 0; orphans: 0;\" lang=\"en-US\"><span style=\"font-family: Times;\"><span style=\"font-size: small;\">In this way EFO hopes the project will boost the capacity of the Health Clinic and generate more interest in the place, which in turn will improve the health services offered to the community.</span></span></p>',15,NULL,1,'AusAID','350',1000,3500,'2010-03-01'),(24,'kamalo-primary-school','2011-08-14 18:11:43','2011-08-17 03:14:58',1,3,'Kamalo Primary School','In April/May 2010 EFO completed an installation at Kamalo Primary School in Bombali district with funding from AusAID. ','<!-- 		@page { margin: 2cm } 		P { margin-bottom: 0.21cm } -->\r\n<p style=\"margin-bottom: 0cm; widows: 0; orphans: 0;\" lang=\"en-US\"><span style=\"font-family: Times;\"><span style=\"font-size: small;\">In April/May 2010 EFO completed an installation at Kamalo Primary School in Bombali district with funding from AusAID. </span></span></p>\r\n<p style=\"margin-bottom: 0cm; widows: 0; orphans: 0;\" lang=\"en-US\">&nbsp;</p>\r\n<p style=\"margin-bottom: 0cm; widows: 0; orphans: 0;\" lang=\"en-US\"><span style=\"font-family: Times;\"><span style=\"font-size: small;\">The primary school now has a 175 Watt DC lighting system that serves over 300 children in the Kamalo area. The children now have access to light all day and night which allows them to study into the evening times. This should, in turn, help them to achieve better results. </span></span></p>\r\n<p style=\"margin-bottom: 0cm; widows: 0; orphans: 0;\" lang=\"en-US\">&nbsp;</p>\r\n<p style=\"margin-bottom: 0cm; widows: 0; orphans: 0;\" lang=\"en-US\"><span style=\"font-family: Times;\"><span style=\"font-size: small;\">Students from the training at GTI completed the installation and Idrissa Tarrawally was subsequently hired by EFO to join Jalloh and Mohamed, as a result of his impressive work during the project. </span></span></p>',15,NULL,2,'AusAID','175',300,NULL,'2010-05-01'),(25,'kamakwie-maternal-health-centre','2011-08-14 18:13:17','2011-08-17 21:10:54',1,1,'Kamakwie Maternal Health Centre','Kamakwie Maternal Health Centre receives an average of 70 antenatal patients every week and hosts on average twenty deliveries every month. In June, 2011 Mohamed of EFO fitted a Phillips Home System in the centre and delivered three Uday lights for use by the midwives and doctors there. ','<p>Kamakwie Maternal Health Centre receives an average of 70 antenatal patients every week and hosts on average twenty deliveries every month.<br /><br />In June, 2011 Mohamed of EFO fitted a Phillips Home System in the centre and delivered three Uday lights for use by the midwives and doctors there.<br /><br />The Uday lights are portable lights with long cables attached to small panels. The panels can be placed outside during the day to recharge and then moved to the most convenient position for use during the evening and night time. The system and lights provide a total of 10 Watts to the two wards in the centre and will significantly impact on the safety of delivering babies and providing critical ante-natal care in times of emergency in the evenings and at night.</p>\r\n<!-- 		@page { margin: 2cm } 		P { margin-bottom: 0.21cm } -->',1,NULL,1,'','',NULL,NULL,'2010-06-01');
/*!40000 ALTER TABLE `projects_project` ENABLE KEYS */;
UNLOCK TABLES;

--
-- Table structure for table `projects_project_feature_sets`
--

DROP TABLE IF EXISTS `projects_project_feature_sets`;
SET @saved_cs_client     = @@character_set_client;
SET character_set_client = utf8;
CREATE TABLE `projects_project_feature_sets` (
  `id` int(11) NOT NULL auto_increment,
  `project_id` int(11) NOT NULL,
  `featureset_id` int(11) NOT NULL,
  PRIMARY KEY  (`id`),
  UNIQUE KEY `project_id` (`project_id`,`featureset_id`),
  KEY `projects_project_feature_sets_499df97c` (`project_id`),
  KEY `projects_project_feature_sets_eba0f30` (`featureset_id`)
) ENGINE=MyISAM DEFAULT CHARSET=latin1;
SET character_set_client = @saved_cs_client;

--
-- Dumping data for table `projects_project_feature_sets`
--

LOCK TABLES `projects_project_feature_sets` WRITE;
/*!40000 ALTER TABLE `projects_project_feature_sets` DISABLE KEYS */;
/*!40000 ALTER TABLE `projects_project_feature_sets` ENABLE KEYS */;
UNLOCK TABLES;

--
-- Table structure for table `projects_project_tags`
--

DROP TABLE IF EXISTS `projects_project_tags`;
SET @saved_cs_client     = @@character_set_client;
SET character_set_client = utf8;
CREATE TABLE `projects_project_tags` (
  `id` int(11) NOT NULL auto_increment,
  `project_id` int(11) NOT NULL,
  `tag_id` int(11) NOT NULL,
  PRIMARY KEY  (`id`),
  UNIQUE KEY `project_id` (`project_id`,`tag_id`),
  KEY `projects_project_tags_499df97c` (`project_id`),
  KEY `projects_project_tags_3747b463` (`tag_id`)
) ENGINE=MyISAM DEFAULT CHARSET=latin1;
SET character_set_client = @saved_cs_client;

--
-- Dumping data for table `projects_project_tags`
--

LOCK TABLES `projects_project_tags` WRITE;
/*!40000 ALTER TABLE `projects_project_tags` DISABLE KEYS */;
/*!40000 ALTER TABLE `projects_project_tags` ENABLE KEYS */;
UNLOCK TABLES;

--
-- Table structure for table `projects_projectimage`
--

DROP TABLE IF EXISTS `projects_projectimage`;
SET @saved_cs_client     = @@character_set_client;
SET character_set_client = utf8;
CREATE TABLE `projects_projectimage` (
  `image_ptr_id` int(11) NOT NULL,
  `project_id` int(11) NOT NULL,
  PRIMARY KEY  (`image_ptr_id`),
  KEY `projects_projectimage_499df97c` (`project_id`)
) ENGINE=MyISAM DEFAULT CHARSET=latin1;
SET character_set_client = @saved_cs_client;

--
-- Dumping data for table `projects_projectimage`
--

LOCK TABLES `projects_projectimage` WRITE;
/*!40000 ALTER TABLE `projects_projectimage` DISABLE KEYS */;
INSERT INTO `projects_projectimage` VALUES (20,1),(19,1),(22,1),(21,1),(23,1),(24,3),(25,3),(26,3),(27,3),(28,3),(29,3),(30,4),(31,4),(32,4),(33,4),(34,4),(35,4),(36,4),(37,5),(38,5),(39,5),(40,5),(41,5),(42,6),(43,6),(44,6),(45,6),(46,6),(47,6),(48,7),(49,7),(50,7),(51,7),(52,7),(53,8),(54,8),(55,8),(56,8),(57,9),(58,9),(59,9),(60,9),(61,9),(62,9),(63,9),(64,9),(65,9),(66,9),(67,10),(68,10),(69,10),(70,10),(71,10),(72,10),(73,11),(74,11),(75,11),(76,11),(77,11),(78,12),(79,12),(80,12),(81,12),(82,12),(83,13),(84,13),(85,13),(86,13),(87,13),(88,14),(89,14),(90,14),(91,14),(92,14),(93,15),(94,15),(95,15),(96,15),(97,15),(98,16),(99,16),(100,16),(101,16),(102,16),(103,16),(104,17),(168,28),(106,19),(107,19),(108,19),(109,19),(110,19),(111,19),(112,20),(113,20),(114,20),(115,20),(116,20),(117,21),(118,21),(144,22),(145,24),(146,23),(147,22),(148,22),(149,22),(150,22),(151,22),(152,21),(153,21),(154,21),(155,24),(156,24),(157,23),(158,23),(159,23),(160,26),(161,26),(162,26),(163,27),(164,27),(165,27),(166,27),(167,27),(169,28),(170,28),(171,28),(172,28);
/*!40000 ALTER TABLE `projects_projectimage` ENABLE KEYS */;
UNLOCK TABLES;

--
-- Table structure for table `projects_projectlocation`
--

DROP TABLE IF EXISTS `projects_projectlocation`;
SET @saved_cs_client     = @@character_set_client;
SET character_set_client = utf8;
CREATE TABLE `projects_projectlocation` (
  `id` int(11) NOT NULL auto_increment,
  `name` varchar(250) NOT NULL,
  PRIMARY KEY  (`id`)
) ENGINE=MyISAM AUTO_INCREMENT=18 DEFAULT CHARSET=latin1;
SET character_set_client = @saved_cs_client;

--
-- Dumping data for table `projects_projectlocation`
--

LOCK TABLES `projects_projectlocation` WRITE;
/*!40000 ALTER TABLE `projects_projectlocation` DISABLE KEYS */;
INSERT INTO `projects_projectlocation` VALUES (1,'Kamakwie, Sierra Leone'),(2,'Kamabai, Sierra Leone'),(3,'Gbendemu, Sierra Leone'),(4,'Kono, Sierra Leone'),(5,'Kailahun, Sierra Leone'),(6,'Freetown, Sierra Leone'),(7,'Kamaso, Sierra Leone'),(8,'Freetown, Sierra Leone'),(9,'Liberia'),(10,'Makeni, Sierra Leone'),(11,'Lakka, Sierra Leone'),(12,'Mzuzu, Malawi'),(13,'Tombo, Sierra Leone'),(14,'Port Loko, Sierra Leone'),(15,'Kamalo, Sierra Leone'),(16,'Matru Jong, Sierra Leone'),(17,'Kambia Town, Kambia District, Sierra Leone');
/*!40000 ALTER TABLE `projects_projectlocation` ENABLE KEYS */;
UNLOCK TABLES;

--
-- Table structure for table `snippet_snippet`
--

DROP TABLE IF EXISTS `snippet_snippet`;
SET @saved_cs_client     = @@character_set_client;
SET character_set_client = utf8;
CREATE TABLE `snippet_snippet` (
  `id` int(11) NOT NULL auto_increment,
  `name` varchar(255) NOT NULL,
  `html` longtext NOT NULL,
  `template` varchar(50) NOT NULL,
  PRIMARY KEY  (`id`),
  UNIQUE KEY `name` (`name`)
) ENGINE=MyISAM AUTO_INCREMENT=2 DEFAULT CHARSET=latin1;
SET character_set_client = @saved_cs_client;

--
-- Dumping data for table `snippet_snippet`
--

LOCK TABLES `snippet_snippet` WRITE;
/*!40000 ALTER TABLE `snippet_snippet` DISABLE KEYS */;
INSERT INTO `snippet_snippet` VALUES (1,'Lumley Map','<iframe src=\"http://maps.google.com/maps?q=8.451169,-13.26376&hl=en&sll=37.0625,-95.677068&sspn=45.332616,107.138672&vpsrc=0&z=15&amp;output=embed\" width=\"425\" height=\"350\"></iframe><br /><small><a style=\"color: #0000ff; text-align: left;\" href=\"http://maps.google.com/maps?q=8.451169,-13.26376&hl=en&sll=37.0625,-95.677068&sspn=45.332616,107.138672&vpsrc=0&z=15\" target=\"_blank\">View Larger Map</a></small></p>','');
/*!40000 ALTER TABLE `snippet_snippet` ENABLE KEYS */;
UNLOCK TABLES;

--
-- Table structure for table `south_migrationhistory`
--

DROP TABLE IF EXISTS `south_migrationhistory`;
SET @saved_cs_client     = @@character_set_client;
SET character_set_client = utf8;
CREATE TABLE `south_migrationhistory` (
  `id` int(11) NOT NULL auto_increment,
  `app_name` varchar(255) NOT NULL,
  `migration` varchar(255) NOT NULL,
  `applied` datetime NOT NULL,
  PRIMARY KEY  (`id`)
) ENGINE=MyISAM AUTO_INCREMENT=103 DEFAULT CHARSET=latin1;
SET character_set_client = @saved_cs_client;

--
-- Dumping data for table `south_migrationhistory`
--

LOCK TABLES `south_migrationhistory` WRITE;
/*!40000 ALTER TABLE `south_migrationhistory` DISABLE KEYS */;
INSERT INTO `south_migrationhistory` VALUES (1,'mailchimp','0001_initial','2011-04-08 06:35:10'),(2,'mailchimp','0002_added_queue','2011-04-08 06:35:11'),(3,'mailchimp','0003_fixed_template_id','2011-04-08 06:35:11'),(4,'mailchimp','0004_fixed_template_id_max','2011-04-08 06:35:11'),(5,'mailchimp','0005_added_link_to_object','2011-04-08 06:35:12'),(6,'mailchimp','0006_added_locks','2011-04-08 06:35:12'),(7,'mailchimp','0007_extra_info','2011-04-08 06:35:12'),(8,'cms','0001_initial','2011-04-08 06:35:15'),(9,'picture','0001_initial','2011-04-08 06:35:15'),(10,'picture','0002_link_rename','2011-04-08 06:35:15'),(11,'picture','0003_freeze','2011-04-08 06:35:15'),(12,'cms','0002_auto_start','2011-04-08 06:35:15'),(13,'cms','0003_remove_placeholder','2011-04-08 06:35:16'),(14,'cms','0004_textobjects','2011-04-08 06:35:16'),(15,'cms','0005_mptt_added_to_plugins','2011-04-08 06:35:17'),(16,'cms','0006_apphook','2011-04-08 06:35:18'),(17,'cms','0007_apphook_longer','2011-04-08 06:35:18'),(18,'cms','0008_redirects','2011-04-08 06:35:18'),(19,'cms','0009_added_meta_fields','2011-04-08 06:35:18'),(20,'cms','0010_5char_language','2011-04-08 06:35:19'),(21,'cms','0011_title_overwrites','2011-04-08 06:35:19'),(22,'cms','0012_publisher','2011-04-08 06:35:24'),(23,'picture','0004_publisher','2011-04-08 06:35:24'),(24,'picture','0005_table_rename','2011-04-08 06:35:25'),(25,'text','0001_initial','2011-04-08 06:35:25'),(26,'text','0002_freeze','2011-04-08 06:35:25'),(27,'text','0003_publisher','2011-04-08 06:35:25'),(28,'snippet','0001_initial','2011-04-08 06:35:26'),(29,'snippet','0002_publisher','2011-04-08 06:35:26'),(30,'link','0001_initial','2011-04-08 06:35:26'),(31,'link','0002_link_rename','2011-04-08 06:35:27'),(32,'link','0003_page_link','2011-04-08 06:35:27'),(33,'link','0004_larger_link_names','2011-04-08 06:35:27'),(34,'link','0005_publisher','2011-04-08 06:35:27'),(35,'googlemap','0001_initial','2011-04-08 06:35:28'),(36,'file','0001_initial','2011-04-08 06:35:28'),(37,'file','0002_freeze','2011-04-08 06:35:28'),(38,'file','0003_publisher','2011-04-08 06:35:28'),(39,'cms','0013_site_copy','2011-04-08 06:35:29'),(40,'cms','0014_sites_removed','2011-04-08 06:35:29'),(41,'cms','0015_modified_by_added','2011-04-08 06:35:30'),(42,'cms','0016_author_copy','2011-04-08 06:35:30'),(43,'cms','0017_author_removed','2011-04-08 06:35:31'),(44,'cms','0018_site_permissions','2011-04-08 06:35:31'),(45,'cms','0019_public_table_renames','2011-04-08 06:35:32'),(46,'picture','0006_float_added','2011-04-08 06:35:33'),(47,'cms','0020_advanced_permissions','2011-04-08 06:35:34'),(48,'cms','0021_publisher2','2011-04-08 06:35:36'),(49,'cms','0022_login_required_added','2011-04-08 06:35:36'),(50,'cms','0023_plugin_table_naming_function_changed','2011-04-08 06:35:36'),(51,'cms','0024_added_placeholder_model','2011-04-08 06:35:37'),(52,'cms','0025_placeholder_migration','2011-04-08 06:35:38'),(53,'cms','0026_finish_placeholder_migration','2011-04-08 06:35:38'),(54,'cms','0027_added_width_to_placeholder','2011-04-08 06:35:39'),(55,'cms','0028_limit_visibility_in_menu_step1of3','2011-04-08 06:35:39'),(56,'cms','0029_limit_visibility_in_menu_step2of3_data','2011-04-08 06:35:39'),(57,'cms','0030_limit_visibility_in_menu_step3of3','2011-04-08 06:35:40'),(58,'cms','0031_improved_language_code_support','2011-04-08 06:35:40'),(59,'cms','0032_auto__del_field_cmsplugin_publisher_public__del_field_cmsplugin_publis','2011-04-08 06:35:41'),(60,'cms','0033_auto__del_field_title_publisher_is_draft__del_field_title_publisher_st','2011-04-08 06:35:41'),(61,'picture','0007_publisher2','2011-04-08 06:35:43'),(62,'picture','0008_longdesc_added','2011-04-08 06:35:43'),(63,'link','0006_table_rename','2011-04-08 06:35:44'),(64,'link','0007_publisher2','2011-04-08 06:35:44'),(65,'link','0008_mailto','2011-04-08 06:35:44'),(66,'file','0004_table_rename','2011-04-08 06:35:45'),(67,'file','0005_publisher2','2011-04-08 06:35:45'),(68,'text','0004_table_rename','2011-04-08 06:35:46'),(69,'text','0005_publisher2','2011-04-08 06:35:46'),(70,'snippet','0003_table_rename','2011-04-08 06:35:46'),(71,'snippet','0004_publisher2','2011-04-08 06:35:47'),(72,'snippet','0005_template_added','2011-04-08 06:35:47'),(73,'googlemap','0002_table_rename','2011-04-08 06:35:47'),(74,'googlemap','0003_address_unified','2011-04-08 06:35:48'),(75,'googlemap','0004_copy_address','2011-04-08 06:35:48'),(76,'googlemap','0005_delete_street','2011-04-08 06:35:49'),(77,'googlemap','0006_publisher2','2011-04-08 06:35:49'),(78,'googlemap','0007_latlng','2011-04-08 06:35:49'),(79,'googlemap','0008_routeplaner','2011-04-08 06:35:49'),(80,'googlemap','0009_routeplaner_title','2011-04-08 06:35:50'),(81,'menus','0001_initial','2011-04-08 06:35:50'),(82,'profiles','0001_initial','2011-04-12 06:28:06'),(83,'profiles','0002_auto__add_field_profile_subscribe','2011-04-12 06:28:06'),(84,'zinnia','0001_initial','2011-04-13 04:12:22'),(85,'zinnia','0002_auto__add_field_entry_pingback_enabled','2011-04-13 04:12:22'),(86,'zinnia','0003_auto__chg_field_category_title__chg_field_category_slug__add_unique_ca','2011-04-13 04:12:23'),(87,'zinnia','0004_mptt_categories','2011-04-13 04:12:25'),(88,'zinnia','0005_entry_protection','2011-04-13 04:12:25'),(89,'zinnia','0006_entry_template','2011-04-13 04:12:25'),(90,'zinnia','0007_auto__add_field_entry_featured','2011-04-13 04:12:26'),(91,'plugins','0001_initial','2011-04-13 04:12:27'),(92,'plugins','0002_auto__add_field_latestentriesplugin_template_to_render__add_field_sele','2011-04-13 04:12:28'),(93,'plugins','0003_auto__del_field_latestentriesplugin_category__del_field_latestentriesp','2011-04-13 04:12:29'),(94,'plugins','0004_auto__add_field_latestentriesplugin_subcategories','2011-04-13 04:12:29'),(95,'images','0001_initial','2011-04-16 01:43:25'),(96,'images','0002_auto__add_field_image_summary','2011-04-16 01:44:10'),(97,'programmes','0001_initial','2011-04-27 05:26:37'),(98,'projects','0001_initial','2011-04-27 05:35:45'),(99,'projects','0002_auto__add_field_project_programme','2011-04-27 05:37:09'),(100,'programmes','0002_auto__del_field_programme_spiele__add_field_programme_needs__add_field','2011-05-01 11:00:27'),(101,'projects','0003_auto__del_field_project_beneficiaries__add_field_project_donors__add_f','2011-07-02 03:45:14'),(102,'programmes','0003_auto__add_field_programme_display_order','2011-08-18 13:06:58');
/*!40000 ALTER TABLE `south_migrationhistory` ENABLE KEYS */;
UNLOCK TABLES;

--
-- Table structure for table `tagging_tag`
--

DROP TABLE IF EXISTS `tagging_tag`;
SET @saved_cs_client     = @@character_set_client;
SET character_set_client = utf8;
CREATE TABLE `tagging_tag` (
  `id` int(11) NOT NULL auto_increment,
  `name` varchar(50) NOT NULL,
  PRIMARY KEY  (`id`),
  UNIQUE KEY `name` (`name`)
) ENGINE=MyISAM AUTO_INCREMENT=5 DEFAULT CHARSET=latin1;
SET character_set_client = @saved_cs_client;

--
-- Dumping data for table `tagging_tag`
--

LOCK TABLES `tagging_tag` WRITE;
/*!40000 ALTER TABLE `tagging_tag` DISABLE KEYS */;
INSERT INTO `tagging_tag` VALUES (1,'fridge'),(2,'vaccine'),(3,'tag1'),(4,'tag2');
/*!40000 ALTER TABLE `tagging_tag` ENABLE KEYS */;
UNLOCK TABLES;

--
-- Table structure for table `tagging_taggeditem`
--

DROP TABLE IF EXISTS `tagging_taggeditem`;
SET @saved_cs_client     = @@character_set_client;
SET character_set_client = utf8;
CREATE TABLE `tagging_taggeditem` (
  `id` int(11) NOT NULL auto_increment,
  `tag_id` int(11) NOT NULL,
  `content_type_id` int(11) NOT NULL,
  `object_id` int(10) unsigned NOT NULL,
  PRIMARY KEY  (`id`),
  UNIQUE KEY `tag_id` (`tag_id`,`content_type_id`,`object_id`),
  KEY `tagging_taggeditem_3747b463` (`tag_id`),
  KEY `tagging_taggeditem_1bb8f392` (`content_type_id`),
  KEY `tagging_taggeditem_7d61c803` (`object_id`)
) ENGINE=MyISAM AUTO_INCREMENT=3 DEFAULT CHARSET=latin1;
SET character_set_client = @saved_cs_client;

--
-- Dumping data for table `tagging_taggeditem`
--

LOCK TABLES `tagging_taggeditem` WRITE;
/*!40000 ALTER TABLE `tagging_taggeditem` DISABLE KEYS */;
INSERT INTO `tagging_taggeditem` VALUES (1,1,68,1),(2,2,68,1);
/*!40000 ALTER TABLE `tagging_taggeditem` ENABLE KEYS */;
UNLOCK TABLES;

--
-- Table structure for table `taggit_tag`
--

DROP TABLE IF EXISTS `taggit_tag`;
SET @saved_cs_client     = @@character_set_client;
SET character_set_client = utf8;
CREATE TABLE `taggit_tag` (
  `id` int(11) NOT NULL auto_increment,
  `name` varchar(100) NOT NULL,
  `slug` varchar(100) NOT NULL,
  PRIMARY KEY  (`id`),
  UNIQUE KEY `slug` (`slug`)
) ENGINE=MyISAM DEFAULT CHARSET=latin1;
SET character_set_client = @saved_cs_client;

--
-- Dumping data for table `taggit_tag`
--

LOCK TABLES `taggit_tag` WRITE;
/*!40000 ALTER TABLE `taggit_tag` DISABLE KEYS */;
/*!40000 ALTER TABLE `taggit_tag` ENABLE KEYS */;
UNLOCK TABLES;

--
-- Table structure for table `taggit_taggeditem`
--

DROP TABLE IF EXISTS `taggit_taggeditem`;
SET @saved_cs_client     = @@character_set_client;
SET character_set_client = utf8;
CREATE TABLE `taggit_taggeditem` (
  `id` int(11) NOT NULL auto_increment,
  `tag_id` int(11) NOT NULL,
  `object_id` int(11) NOT NULL,
  `content_type_id` int(11) NOT NULL,
  PRIMARY KEY  (`id`),
  KEY `taggit_taggeditem_3747b463` (`tag_id`),
  KEY `taggit_taggeditem_7d61c803` (`object_id`),
  KEY `taggit_taggeditem_1bb8f392` (`content_type_id`)
) ENGINE=MyISAM DEFAULT CHARSET=latin1;
SET character_set_client = @saved_cs_client;

--
-- Dumping data for table `taggit_taggeditem`
--

LOCK TABLES `taggit_taggeditem` WRITE;
/*!40000 ALTER TABLE `taggit_taggeditem` DISABLE KEYS */;
/*!40000 ALTER TABLE `taggit_taggeditem` ENABLE KEYS */;
UNLOCK TABLES;

--
-- Table structure for table `thumbnail_kvstore`
--

DROP TABLE IF EXISTS `thumbnail_kvstore`;
SET @saved_cs_client     = @@character_set_client;
SET character_set_client = utf8;
CREATE TABLE `thumbnail_kvstore` (
  `key` varchar(200) NOT NULL,
  `value` longtext NOT NULL,
  PRIMARY KEY  (`key`)
) ENGINE=MyISAM DEFAULT CHARSET=latin1;
SET character_set_client = @saved_cs_client;

--
-- Dumping data for table `thumbnail_kvstore`
--

LOCK TABLES `thumbnail_kvstore` WRITE;
/*!40000 ALTER TABLE `thumbnail_kvstore` DISABLE KEYS */;
INSERT INTO `thumbnail_kvstore` VALUES ('sorl-thumbnail||thumbnails||83c30d81ccbf018e8830611b232dfa2e','[\"2aee88dc99b39513cfbc80ebf67afa87\", \"0779b6f863ada940e94e1ed3f37ccb68\"]'),('sorl-thumbnail||image||ea369f0387de841f3226a06b8b598eaa','{\"storage\": \"django.core.files.storage.FileSystemStorage\", \"name\": \"files/images/projects/kamakwie_secondary_school/2.jpg\", \"size\": [4000, 2371]}'),('sorl-thumbnail||image||4cb1c6a63680f09561bdf6e7f1c91c15','{\"storage\": \"django.core.files.storage.FileSystemStorage\", \"name\": \"cache/e2/0f/e20f140e76c88d3e2edf7030ac829509.jpg\", \"size\": [456, 316]}'),('sorl-thumbnail||thumbnails||71c5b392839204c3b0abe893c2285d01','[\"4a89e535edbbeb6800acb071ee4000dd\", \"8711295bfe288c842217cb9c0430f9ca\"]'),('sorl-thumbnail||image||8711295bfe288c842217cb9c0430f9ca','{\"storage\": \"django.core.files.storage.FileSystemStorage\", \"name\": \"cache/a4/1a/a41a06bf29630b6efc413ab115502bd5.jpg\", \"size\": [456, 316]}'),('sorl-thumbnail||image||3547e170848201db3a03c8b4b1c20e5b','{\"storage\": \"django.core.files.storage.FileSystemStorage\", \"name\": \"files/images/inveno-makeni.jpg\", \"size\": [604, 453]}'),('sorl-thumbnail||image||15b1b53f7d5a95dbda0f3540d9eed87e','{\"storage\": \"django.core.files.storage.FileSystemStorage\", \"name\": \"cache/a1/50/a1504a1cab3dfe5eb1447776d28d259b.jpg\", \"size\": [456, 316]}'),('sorl-thumbnail||thumbnails||3547e170848201db3a03c8b4b1c20e5b','[\"15b1b53f7d5a95dbda0f3540d9eed87e\"]'),('sorl-thumbnail||image||83c30d81ccbf018e8830611b232dfa2e','{\"storage\": \"django.core.files.storage.FileSystemStorage\", \"name\": \"files/images/projects/kamakwie_secondary_school/5.jpg\", \"size\": [991, 721]}'),('sorl-thumbnail||image||2aee88dc99b39513cfbc80ebf67afa87','{\"storage\": \"django.core.files.storage.FileSystemStorage\", \"name\": \"cache/0c/06/0c065efb2f714af950a8770e39315366.jpg\", \"size\": [336, 186]}'),('sorl-thumbnail||image||599a397a5be753d1c262ffbc0dc77a41','{\"storage\": \"django.core.files.storage.FileSystemStorage\", \"name\": \"files/images/programmes/health/health-centre-300x225.jpg\", \"size\": [300, 225]}'),('sorl-thumbnail||image||0079ba65fe3987dd94e5e58b27565e50','{\"storage\": \"django.core.files.storage.FileSystemStorage\", \"name\": \"cache/73/d3/73d3c0ee359e13024649da5eeded4916.jpg\", \"size\": [576, 314]}'),('sorl-thumbnail||thumbnails||599a397a5be753d1c262ffbc0dc77a41','[\"0079ba65fe3987dd94e5e58b27565e50\", \"605ded69f482fa7e594254285a268042\"]'),('sorl-thumbnail||image||5e56619198cf988462190b17b8b5fcd0','{\"storage\": \"django.core.files.storage.FileSystemStorage\", \"name\": \"files/images/programmes/community_development/charging-station-thrive2.jpg\", \"size\": [1024, 768]}'),('sorl-thumbnail||image||fbd50632430e134159dc3b1282a36f86','{\"storage\": \"django.core.files.storage.FileSystemStorage\", \"name\": \"cache/87/f0/87f0c1e3cfe1ce48306445eba6cb6e1a.jpg\", \"size\": [576, 314]}'),('sorl-thumbnail||thumbnails||5e56619198cf988462190b17b8b5fcd0','[\"09f97ecdcb95aec6e4cd4cdbb447192f\", \"fbd50632430e134159dc3b1282a36f86\"]'),('sorl-thumbnail||image||71c5b392839204c3b0abe893c2285d01','{\"storage\": \"django.core.files.storage.FileSystemStorage\", \"name\": \"files/images/kamakwie-school.jpg\", \"size\": [604, 453]}'),('sorl-thumbnail||image||4a89e535edbbeb6800acb071ee4000dd','{\"storage\": \"django.core.files.storage.FileSystemStorage\", \"name\": \"cache/9b/ca/9bca30e43ded24ad11ff6f53e669c957.jpg\", \"size\": [336, 186]}'),('sorl-thumbnail||thumbnails||ea369f0387de841f3226a06b8b598eaa','[\"4cb1c6a63680f09561bdf6e7f1c91c15\"]'),('sorl-thumbnail||image||0cc082b9cf1522377c33f9fee5112bc0','{\"storage\": \"django.core.files.storage.FileSystemStorage\", \"name\": \"files/images/projects/kamakwie_secondary_school/1.jpg\", \"size\": [3835, 2700]}'),('sorl-thumbnail||image||42e32a639f40735991a5b9f3364f396c','{\"storage\": \"django.core.files.storage.FileSystemStorage\", \"name\": \"cache/b0/d2/b0d25f826a95b4d666ae170acf12d092.jpg\", \"size\": [456, 316]}'),('sorl-thumbnail||thumbnails||0cc082b9cf1522377c33f9fee5112bc0','[\"42e32a639f40735991a5b9f3364f396c\"]'),('sorl-thumbnail||image||5454ad75b421c88de06c1a996d204a92','{\"storage\": \"django.core.files.storage.FileSystemStorage\", \"name\": \"files/images/projects/kamakwie_secondary_school/4.jpg\", \"size\": [1024, 768]}'),('sorl-thumbnail||image||541116822d7f5ed5d83552922a771adf','{\"storage\": \"django.core.files.storage.FileSystemStorage\", \"name\": \"cache/c2/84/c284a67fd8178b28ff343a61f6e90e89.jpg\", \"size\": [456, 316]}'),('sorl-thumbnail||thumbnails||5454ad75b421c88de06c1a996d204a92','[\"541116822d7f5ed5d83552922a771adf\"]'),('sorl-thumbnail||image||91b6f7b131f5fbb04d43530b84734959','{\"storage\": \"django.core.files.storage.FileSystemStorage\", \"name\": \"files/images/projects/kamakwie_secondary_school/3.jpg\", \"size\": [1024, 576]}'),('sorl-thumbnail||image||1d80a2593cd2988f00315cb07f792bb1','{\"storage\": \"django.core.files.storage.FileSystemStorage\", \"name\": \"cache/b4/37/b437044c78ec53a5bc3015e582020ae9.jpg\", \"size\": [456, 316]}'),('sorl-thumbnail||thumbnails||91b6f7b131f5fbb04d43530b84734959','[\"1d80a2593cd2988f00315cb07f792bb1\"]'),('sorl-thumbnail||image||0779b6f863ada940e94e1ed3f37ccb68','{\"storage\": \"django.core.files.storage.FileSystemStorage\", \"name\": \"cache/d2/50/d2506a6f68707b17a6976cc0db0564ce.jpg\", \"size\": [456, 316]}'),('sorl-thumbnail||image||bcb323371bce7112ba8ecd99f019a709','{\"storage\": \"django.core.files.storage.FileSystemStorage\", \"name\": \"files/images/projects/kamabai_secondary_school/2.jpg\", \"size\": [4000, 3000]}'),('sorl-thumbnail||image||04f7fe80248f4088482e968bede173ad','{\"storage\": \"django.core.files.storage.FileSystemStorage\", \"name\": \"cache/1f/71/1f710c4d98bd3cbdd826c135ba2d9c0c.jpg\", \"size\": [336, 186]}'),('sorl-thumbnail||thumbnails||bcb323371bce7112ba8ecd99f019a709','[\"04f7fe80248f4088482e968bede173ad\", \"7f3542e97c6aaa9bc41494d1b1cb89fd\"]'),('sorl-thumbnail||image||f6e80a2d317faf06687539f38261b04b','{\"storage\": \"django.core.files.storage.FileSystemStorage\", \"name\": \"files/images/projects/kamabai_secondary_school/1.jpg\", \"size\": [1024, 768]}'),('sorl-thumbnail||image||12c34c5884d560f243ad14af1fd787c1','{\"storage\": \"django.core.files.storage.FileSystemStorage\", \"name\": \"cache/e7/77/e777f726529986946498751448ba6448.jpg\", \"size\": [456, 316]}'),('sorl-thumbnail||thumbnails||f6e80a2d317faf06687539f38261b04b','[\"12c34c5884d560f243ad14af1fd787c1\"]'),('sorl-thumbnail||image||7f3542e97c6aaa9bc41494d1b1cb89fd','{\"storage\": \"django.core.files.storage.FileSystemStorage\", \"name\": \"cache/73/d9/73d936305450bf155659e88731d15a86.jpg\", \"size\": [456, 316]}'),('sorl-thumbnail||image||ffca3affc947df92f86004112f4adab4','{\"storage\": \"django.core.files.storage.FileSystemStorage\", \"name\": \"files/images/projects/kamabai_secondary_school/3.jpg\", \"size\": [3872, 2592]}'),('sorl-thumbnail||image||9349bd8db2ff81a8262e70dfeac80ba5','{\"storage\": \"django.core.files.storage.FileSystemStorage\", \"name\": \"cache/9a/63/9a6343c5f2583716836a45449060e168.jpg\", \"size\": [456, 316]}'),('sorl-thumbnail||thumbnails||ffca3affc947df92f86004112f4adab4','[\"9349bd8db2ff81a8262e70dfeac80ba5\"]'),('sorl-thumbnail||image||efc762e0c6e053fc6362f8ff31d73e19','{\"storage\": \"django.core.files.storage.FileSystemStorage\", \"name\": \"files/images/projects/kamabai_secondary_school/4.jpg\", \"size\": [3186, 2033]}'),('sorl-thumbnail||image||e1d75d5c798761d8b0d471aa5c5cf963','{\"storage\": \"django.core.files.storage.FileSystemStorage\", \"name\": \"cache/45/86/458636cabad01811b27a421286e17189.jpg\", \"size\": [456, 316]}'),('sorl-thumbnail||thumbnails||efc762e0c6e053fc6362f8ff31d73e19','[\"e1d75d5c798761d8b0d471aa5c5cf963\"]'),('sorl-thumbnail||image||e2a5d497906a2f5dc5aa5b39483e8ccc','{\"storage\": \"django.core.files.storage.FileSystemStorage\", \"name\": \"files/images/projects/kamabai_secondary_school/5.jpg\", \"size\": [3872, 2592]}'),('sorl-thumbnail||image||d3ea335f976d23be02a3d6911fb7c48a','{\"storage\": \"django.core.files.storage.FileSystemStorage\", \"name\": \"cache/c1/be/c1beeb867750115f20d7ddca117a705d.jpg\", \"size\": [456, 316]}'),('sorl-thumbnail||thumbnails||e2a5d497906a2f5dc5aa5b39483e8ccc','[\"d3ea335f976d23be02a3d6911fb7c48a\"]'),('sorl-thumbnail||image||c2991400c345003c2d2fafcc3af31839','{\"storage\": \"django.core.files.storage.FileSystemStorage\", \"name\": \"files/images/projects/kamabai_secondary_school/6.jpg\", \"size\": [2800, 2100]}'),('sorl-thumbnail||image||af903625b84edfd8b9ace477d54e3339','{\"storage\": \"django.core.files.storage.FileSystemStorage\", \"name\": \"cache/86/24/8624ec4dab90d220049a1f02aa8f1097.jpg\", \"size\": [456, 316]}'),('sorl-thumbnail||thumbnails||c2991400c345003c2d2fafcc3af31839','[\"af903625b84edfd8b9ace477d54e3339\"]'),('sorl-thumbnail||image||6bde5cfd8f042cfe588a960fb049e7df','{\"storage\": \"django.core.files.storage.FileSystemStorage\", \"name\": \"files/images/projects/gbendembu_secondary_school/6.jpg\", \"size\": [2304, 3072]}'),('sorl-thumbnail||image||04916b85744c103ba5c8c5468cefe9b2','{\"storage\": \"django.core.files.storage.FileSystemStorage\", \"name\": \"cache/5f/4a/5f4aa5e659a5c537aee2ddeed461e862.jpg\", \"size\": [336, 186]}'),('sorl-thumbnail||thumbnails||6bde5cfd8f042cfe588a960fb049e7df','[\"04916b85744c103ba5c8c5468cefe9b2\", \"276a736ba199212633f8871a77392e23\"]'),('sorl-thumbnail||image||031952bb178abb97dd4bf7e5864d38e1','{\"storage\": \"django.core.files.storage.FileSystemStorage\", \"name\": \"files/images/projects/gbendembu_secondary_school/1.jpg\", \"size\": [3072, 2304]}'),('sorl-thumbnail||image||06ccc8c548e65d1a54a77c7ad144486f','{\"storage\": \"django.core.files.storage.FileSystemStorage\", \"name\": \"cache/97/14/9714b962a598c54167c0d26f30d5746f.jpg\", \"size\": [456, 316]}'),('sorl-thumbnail||thumbnails||031952bb178abb97dd4bf7e5864d38e1','[\"06ccc8c548e65d1a54a77c7ad144486f\"]'),('sorl-thumbnail||image||728400201654734743054002f26ee561','{\"storage\": \"django.core.files.storage.FileSystemStorage\", \"name\": \"files/images/projects/gbendembu_secondary_school/2.jpg\", \"size\": [3072, 2304]}'),('sorl-thumbnail||image||13f5b2ba8e783678cb6344a8c039402a','{\"storage\": \"django.core.files.storage.FileSystemStorage\", \"name\": \"cache/17/17/171777b4a4eef581f460c77ab50d84ab.jpg\", \"size\": [456, 316]}'),('sorl-thumbnail||thumbnails||728400201654734743054002f26ee561','[\"13f5b2ba8e783678cb6344a8c039402a\"]'),('sorl-thumbnail||image||b56f36b11520c531c14349994f6224e1','{\"storage\": \"django.core.files.storage.FileSystemStorage\", \"name\": \"files/images/projects/gbendembu_secondary_school/3.jpg\", \"size\": [3072, 2304]}'),('sorl-thumbnail||image||abdbaec1b5f37c0460202641067bd9fa','{\"storage\": \"django.core.files.storage.FileSystemStorage\", \"name\": \"cache/8e/95/8e951cc7e598ce8cece9bb18c4f04872.jpg\", \"size\": [456, 316]}'),('sorl-thumbnail||thumbnails||b56f36b11520c531c14349994f6224e1','[\"abdbaec1b5f37c0460202641067bd9fa\"]'),('sorl-thumbnail||image||e3933b41beea26cbfaf42dd291014e3f','{\"storage\": \"django.core.files.storage.FileSystemStorage\", \"name\": \"files/images/projects/gbendembu_secondary_school/4.jpg\", \"size\": [3072, 2304]}'),('sorl-thumbnail||image||c0d942f470748169410406e934e0df50','{\"storage\": \"django.core.files.storage.FileSystemStorage\", \"name\": \"cache/4f/ee/4feeb32c7d50bffcf64d40de7eb3e575.jpg\", \"size\": [456, 316]}'),('sorl-thumbnail||thumbnails||e3933b41beea26cbfaf42dd291014e3f','[\"c0d942f470748169410406e934e0df50\"]'),('sorl-thumbnail||image||d14b558158eeeb55cb4e6c7f056e524c','{\"storage\": \"django.core.files.storage.FileSystemStorage\", \"name\": \"files/images/projects/gbendembu_secondary_school/5.jpg\", \"size\": [3072, 2304]}'),('sorl-thumbnail||image||9518dc092bd5e36d0d75881fbc3dc76c','{\"storage\": \"django.core.files.storage.FileSystemStorage\", \"name\": \"cache/c7/58/c7586db612c9e8f6aa6bc20302234f7b.jpg\", \"size\": [456, 316]}'),('sorl-thumbnail||thumbnails||d14b558158eeeb55cb4e6c7f056e524c','[\"9518dc092bd5e36d0d75881fbc3dc76c\"]'),('sorl-thumbnail||image||276a736ba199212633f8871a77392e23','{\"storage\": \"django.core.files.storage.FileSystemStorage\", \"name\": \"cache/3c/ee/3cee975f6fda0c83c73ae105b8da6eb4.jpg\", \"size\": [456, 316]}'),('sorl-thumbnail||image||25f6ca9f6c8d954f030c3d523fbd947b','{\"storage\": \"django.core.files.storage.FileSystemStorage\", \"name\": \"files/images/projects/gbendembu_secondary_school/7.jpg\", \"size\": [3072, 2304]}'),('sorl-thumbnail||image||14146c437d832ff9f9d2b78a4318cf88','{\"storage\": \"django.core.files.storage.FileSystemStorage\", \"name\": \"cache/05/dd/05dd2efeb3bb83b1a7a4b76848444aa2.jpg\", \"size\": [456, 316]}'),('sorl-thumbnail||thumbnails||25f6ca9f6c8d954f030c3d523fbd947b','[\"14146c437d832ff9f9d2b78a4318cf88\"]'),('sorl-thumbnail||image||e12c4c71fec7b842b17b83f5830a2e52','{\"storage\": \"django.core.files.storage.FileSystemStorage\", \"name\": \"files/images/projects/welbodi_clinic_ewb_princeton/1.jpg\", \"size\": [4000, 3000]}'),('sorl-thumbnail||image||bbbac1222b9b40586107df58f4139747','{\"storage\": \"django.core.files.storage.FileSystemStorage\", \"name\": \"cache/b8/0c/b80c95d94f23048a1946258688d972b4.jpg\", \"size\": [336, 186]}'),('sorl-thumbnail||thumbnails||e12c4c71fec7b842b17b83f5830a2e52','[\"e03277c747a3ed09769dae3227c7560a\", \"bbbac1222b9b40586107df58f4139747\"]'),('sorl-thumbnail||image||e03277c747a3ed09769dae3227c7560a','{\"storage\": \"django.core.files.storage.FileSystemStorage\", \"name\": \"cache/12/6d/126dd93502c56054cc2a82eb95cda43d.jpg\", \"size\": [456, 316]}'),('sorl-thumbnail||image||18ae348b63de0a970ae66b236ce78a3f','{\"storage\": \"django.core.files.storage.FileSystemStorage\", \"name\": \"files/images/projects/welbodi_clinic_ewb_princeton/2.jpg\", \"size\": [3000, 4000]}'),('sorl-thumbnail||image||1250b15a7752fe5670ccee9224163c96','{\"storage\": \"django.core.files.storage.FileSystemStorage\", \"name\": \"cache/37/94/37941b030e6420c899a80aaea51b0666.jpg\", \"size\": [456, 316]}'),('sorl-thumbnail||thumbnails||18ae348b63de0a970ae66b236ce78a3f','[\"1250b15a7752fe5670ccee9224163c96\"]'),('sorl-thumbnail||image||f21b28bf92ac18ef9e8b99d1801141ac','{\"storage\": \"django.core.files.storage.FileSystemStorage\", \"name\": \"files/images/projects/welbodi_clinic_ewb_princeton/3.jpg\", \"size\": [3668, 2598]}'),('sorl-thumbnail||image||8c45f8f4fd82ad81be4266b1b590c7f6','{\"storage\": \"django.core.files.storage.FileSystemStorage\", \"name\": \"cache/ee/d7/eed736ca535c0037d4824435cf49d580.jpg\", \"size\": [456, 316]}'),('sorl-thumbnail||thumbnails||f21b28bf92ac18ef9e8b99d1801141ac','[\"8c45f8f4fd82ad81be4266b1b590c7f6\"]'),('sorl-thumbnail||image||899ed188e37dffc5ace04fca3a3cb9ed','{\"storage\": \"django.core.files.storage.FileSystemStorage\", \"name\": \"files/images/projects/welbodi_clinic_ewb_princeton/4.jpg\", \"size\": [4000, 3000]}'),('sorl-thumbnail||image||c195e56b23b8710276fa34fe9f70e4a7','{\"storage\": \"django.core.files.storage.FileSystemStorage\", \"name\": \"cache/11/61/11612f4d0b2ff52446892c15e60ceddc.jpg\", \"size\": [456, 316]}'),('sorl-thumbnail||thumbnails||899ed188e37dffc5ace04fca3a3cb9ed','[\"c195e56b23b8710276fa34fe9f70e4a7\"]'),('sorl-thumbnail||image||087295a6765b358bf73c45d0d4e8853a','{\"storage\": \"django.core.files.storage.FileSystemStorage\", \"name\": \"files/images/projects/welbodi_clinic_ewb_princeton/5.jpg\", \"size\": [3654, 2645]}'),('sorl-thumbnail||image||e7621c1c026f8f6d8a9675b79eb4c66b','{\"storage\": \"django.core.files.storage.FileSystemStorage\", \"name\": \"cache/07/60/0760b7102b35322b0c72eca930a316d5.jpg\", \"size\": [456, 316]}'),('sorl-thumbnail||thumbnails||087295a6765b358bf73c45d0d4e8853a','[\"e7621c1c026f8f6d8a9675b79eb4c66b\"]'),('sorl-thumbnail||image||afc3a0e2855dc105eae4ff54471038f2','{\"storage\": \"django.core.files.storage.FileSystemStorage\", \"name\": \"files/images/projects/kailahun_government_hospital/6.jpg\", \"size\": [3915, 2902]}'),('sorl-thumbnail||image||f2ddde9d69e86b5e792f49f1e6a6a7ca','{\"storage\": \"django.core.files.storage.FileSystemStorage\", \"name\": \"cache/8c/a7/8ca7c400c3c1c7f686dcfae6e01c5903.jpg\", \"size\": [336, 186]}'),('sorl-thumbnail||thumbnails||afc3a0e2855dc105eae4ff54471038f2','[\"e8dcdfd5b3aca5e957827c14fd7e2a80\", \"f2ddde9d69e86b5e792f49f1e6a6a7ca\"]'),('sorl-thumbnail||image||43dd9bc6cd9407902a8ed412a36ac101','{\"storage\": \"django.core.files.storage.FileSystemStorage\", \"name\": \"files/images/projects/kailahun_government_hospital/1.jpg\", \"size\": [3632, 2370]}'),('sorl-thumbnail||image||04d751980d86fa121e0c0a345ed82d0d','{\"storage\": \"django.core.files.storage.FileSystemStorage\", \"name\": \"cache/33/34/3334418e7b18a166a8feceab70216617.jpg\", \"size\": [456, 316]}'),('sorl-thumbnail||thumbnails||43dd9bc6cd9407902a8ed412a36ac101','[\"04d751980d86fa121e0c0a345ed82d0d\"]'),('sorl-thumbnail||image||df6125c48c6b0c90889ce4673cd4a9be','{\"storage\": \"django.core.files.storage.FileSystemStorage\", \"name\": \"files/images/projects/kailahun_government_hospital/2.jpg\", \"size\": [983, 710]}'),('sorl-thumbnail||image||dd427a68fb340a086ae2e60916e07203','{\"storage\": \"django.core.files.storage.FileSystemStorage\", \"name\": \"cache/d3/40/d340fbc33d5982adff1e36dd6d5b4315.jpg\", \"size\": [456, 316]}'),('sorl-thumbnail||thumbnails||df6125c48c6b0c90889ce4673cd4a9be','[\"dd427a68fb340a086ae2e60916e07203\"]'),('sorl-thumbnail||image||7b8e6f1242f5c1c5ebbcf379224d8a8e','{\"storage\": \"django.core.files.storage.FileSystemStorage\", \"name\": \"files/images/projects/kailahun_government_hospital/3.jpg\", \"size\": [4000, 3000]}'),('sorl-thumbnail||image||24f7ba92d7c5b9aa5195852010fdffd5','{\"storage\": \"django.core.files.storage.FileSystemStorage\", \"name\": \"cache/03/92/039251fdea367f59d173a1df03393dad.jpg\", \"size\": [456, 316]}'),('sorl-thumbnail||thumbnails||7b8e6f1242f5c1c5ebbcf379224d8a8e','[\"24f7ba92d7c5b9aa5195852010fdffd5\"]'),('sorl-thumbnail||image||eb89a2c4ae3c4bbd6674e3c3d3e66b06','{\"storage\": \"django.core.files.storage.FileSystemStorage\", \"name\": \"files/images/projects/kailahun_government_hospital/4.jpg\", \"size\": [4000, 2625]}'),('sorl-thumbnail||image||596251d64ce7ac989300b11ceedc9cca','{\"storage\": \"django.core.files.storage.FileSystemStorage\", \"name\": \"cache/88/9c/889c98c395434360e29997748d0dd02b.jpg\", \"size\": [456, 316]}'),('sorl-thumbnail||thumbnails||eb89a2c4ae3c4bbd6674e3c3d3e66b06','[\"596251d64ce7ac989300b11ceedc9cca\"]'),('sorl-thumbnail||image||ede8a3df67f22587dd49ff4897ab3a81','{\"storage\": \"django.core.files.storage.FileSystemStorage\", \"name\": \"files/images/projects/kailahun_government_hospital/5.jpg\", \"size\": [687, 889]}'),('sorl-thumbnail||image||db04afa7e2c9446bc20101c03f7d0181','{\"storage\": \"django.core.files.storage.FileSystemStorage\", \"name\": \"cache/42/64/426400f659e3ee0f89f412d1cfa0f047.jpg\", \"size\": [456, 316]}'),('sorl-thumbnail||thumbnails||ede8a3df67f22587dd49ff4897ab3a81','[\"db04afa7e2c9446bc20101c03f7d0181\"]'),('sorl-thumbnail||image||e8dcdfd5b3aca5e957827c14fd7e2a80','{\"storage\": \"django.core.files.storage.FileSystemStorage\", \"name\": \"cache/f7/1a/f71a52be44896be1335d93b558b9dc97.jpg\", \"size\": [456, 316]}'),('sorl-thumbnail||image||0890f25d3f1aa40588e516172e99e2f9','{\"storage\": \"django.core.files.storage.FileSystemStorage\", \"name\": \"files/images/projects/kamakwie_hospital/3.jpg\", \"size\": [996, 727]}'),('sorl-thumbnail||image||529488a8cfbbf14850c7225b4afa3eb7','{\"storage\": \"django.core.files.storage.FileSystemStorage\", \"name\": \"cache/d7/97/d79745c38c7285726b7144c855d28ed9.jpg\", \"size\": [336, 186]}'),('sorl-thumbnail||thumbnails||0890f25d3f1aa40588e516172e99e2f9','[\"62b9f60db24e0c2d20107d9420f81a8c\", \"529488a8cfbbf14850c7225b4afa3eb7\"]'),('sorl-thumbnail||image||7975817e9037a5e3c53b0b154616dfc2','{\"storage\": \"django.core.files.storage.FileSystemStorage\", \"name\": \"files/images/projects/kamakwie_hospital/1.jpg\", \"size\": [1004, 741]}'),('sorl-thumbnail||image||a55e918420008cfcd6f0c5f9ea5b09fb','{\"storage\": \"django.core.files.storage.FileSystemStorage\", \"name\": \"cache/b6/a1/b6a1e83a457a32b7f8f8a157f2fa5ec0.jpg\", \"size\": [456, 316]}'),('sorl-thumbnail||thumbnails||7975817e9037a5e3c53b0b154616dfc2','[\"a55e918420008cfcd6f0c5f9ea5b09fb\"]'),('sorl-thumbnail||image||de84d16dd10af2f32d64ecafc7ba7498','{\"storage\": \"django.core.files.storage.FileSystemStorage\", \"name\": \"files/images/projects/kamakwie_hospital/2.jpg\", \"size\": [1005, 743]}'),('sorl-thumbnail||image||ae2bdade0dc3ed39f66e5048f7bd70de','{\"storage\": \"django.core.files.storage.FileSystemStorage\", \"name\": \"cache/ef/7f/ef7f55b254ae80127c3135725af4dd35.jpg\", \"size\": [456, 316]}'),('sorl-thumbnail||thumbnails||de84d16dd10af2f32d64ecafc7ba7498','[\"ae2bdade0dc3ed39f66e5048f7bd70de\"]'),('sorl-thumbnail||image||62b9f60db24e0c2d20107d9420f81a8c','{\"storage\": \"django.core.files.storage.FileSystemStorage\", \"name\": \"cache/e2/11/e2117eaee9605f79d566ffbed9557845.jpg\", \"size\": [456, 316]}'),('sorl-thumbnail||image||249d679f9a3dfc65a38febbf1e04d6b1','{\"storage\": \"django.core.files.storage.FileSystemStorage\", \"name\": \"files/images/projects/kamakwie_hospital/4.jpg\", \"size\": [768, 1024]}'),('sorl-thumbnail||image||b7a291c80a9e5a87d3a4da3f4848d746','{\"storage\": \"django.core.files.storage.FileSystemStorage\", \"name\": \"cache/a3/26/a326761f1664b1562001bcbfe96bde32.jpg\", \"size\": [456, 316]}'),('sorl-thumbnail||thumbnails||249d679f9a3dfc65a38febbf1e04d6b1','[\"b7a291c80a9e5a87d3a4da3f4848d746\"]'),('sorl-thumbnail||image||1f3c5e6c18b6abccfc0486f0a268c1a5','{\"storage\": \"django.core.files.storage.FileSystemStorage\", \"name\": \"files/images/projects/kamakwie_hospital/5.jpg\", \"size\": [1024, 768]}'),('sorl-thumbnail||image||9ae1162079e8032af8a0ec6527694f04','{\"storage\": \"django.core.files.storage.FileSystemStorage\", \"name\": \"cache/cc/69/cc699b0510e3ca96a113a357c0d27e3b.jpg\", \"size\": [456, 316]}'),('sorl-thumbnail||thumbnails||1f3c5e6c18b6abccfc0486f0a268c1a5','[\"9ae1162079e8032af8a0ec6527694f04\"]'),('sorl-thumbnail||image||23a51f44ff9c1c168957c6ed83676794','{\"storage\": \"django.core.files.storage.FileSystemStorage\", \"name\": \"files/images/projects/rokupa_government_hospital/4.jpg\", \"size\": [768, 1024]}'),('sorl-thumbnail||image||3331e1fd125ba20bc5b85504eb6881f0','{\"storage\": \"django.core.files.storage.FileSystemStorage\", \"name\": \"cache/21/66/21669fd5dde07fc1b561c1fac302471c.jpg\", \"size\": [336, 186]}'),('sorl-thumbnail||thumbnails||23a51f44ff9c1c168957c6ed83676794','[\"3331e1fd125ba20bc5b85504eb6881f0\", \"c4b4b436114a82a35a0a71be34b6f375\"]'),('sorl-thumbnail||image||5d999289edf64d94cccd8605f9d34ea2','{\"storage\": \"django.core.files.storage.FileSystemStorage\", \"name\": \"files/images/projects/rokupa_government_hospital/1.jpg\", \"size\": [939, 654]}'),('sorl-thumbnail||image||6f66df91aa7c69cc31254fd486f9a08a','{\"storage\": \"django.core.files.storage.FileSystemStorage\", \"name\": \"cache/c8/29/c82940f09a8bc5a6ebed5d47219a3748.jpg\", \"size\": [456, 316]}'),('sorl-thumbnail||thumbnails||5d999289edf64d94cccd8605f9d34ea2','[\"6f66df91aa7c69cc31254fd486f9a08a\"]'),('sorl-thumbnail||image||3eb673baf793d328047158d47a1a36b0','{\"storage\": \"django.core.files.storage.FileSystemStorage\", \"name\": \"files/images/projects/rokupa_government_hospital/2.jpg\", \"size\": [768, 1024]}'),('sorl-thumbnail||image||6c6492fd668d853252ec5007d22e5e28','{\"storage\": \"django.core.files.storage.FileSystemStorage\", \"name\": \"cache/64/ef/64ef4767d9be06507c7f532f2b70e98f.jpg\", \"size\": [456, 316]}'),('sorl-thumbnail||thumbnails||3eb673baf793d328047158d47a1a36b0','[\"6c6492fd668d853252ec5007d22e5e28\"]'),('sorl-thumbnail||image||5028c419763a7f6656f00583de219a0e','{\"storage\": \"django.core.files.storage.FileSystemStorage\", \"name\": \"files/images/projects/rokupa_government_hospital/3.jpg\", \"size\": [1024, 768]}'),('sorl-thumbnail||image||7003ecb4759ce6462f3a5f631a41d000','{\"storage\": \"django.core.files.storage.FileSystemStorage\", \"name\": \"cache/69/45/69456199015b73bd5bb2dbca3576085f.jpg\", \"size\": [456, 316]}'),('sorl-thumbnail||thumbnails||5028c419763a7f6656f00583de219a0e','[\"7003ecb4759ce6462f3a5f631a41d000\"]'),('sorl-thumbnail||image||c4b4b436114a82a35a0a71be34b6f375','{\"storage\": \"django.core.files.storage.FileSystemStorage\", \"name\": \"cache/e9/83/e983a730815b589571275ccbc9e166c1.jpg\", \"size\": [456, 316]}'),('sorl-thumbnail||image||0d8dd7f1f6defc4c560903b9da83326d','{\"storage\": \"django.core.files.storage.FileSystemStorage\", \"name\": \"files/images/avatars/simon-portrait.jpg\", \"size\": [299, 300]}'),('sorl-thumbnail||image||a0a5d785bceff63be3aeec93e337dc51','{\"storage\": \"django.core.files.storage.FileSystemStorage\", \"name\": \"cache/87/15/87158446f324360b1d936ea2dc1538af.jpg\", \"size\": [98, 98]}'),('sorl-thumbnail||thumbnails||0d8dd7f1f6defc4c560903b9da83326d','[\"a0a5d785bceff63be3aeec93e337dc51\"]'),('sorl-thumbnail||image||fd501ccd182cb054fb4a2c1a0fe94a12','{\"storage\": \"django.core.files.storage.FileSystemStorage\", \"name\": \"files/images/avatars/paul-portrait.jpg\", \"size\": [257, 243]}'),('sorl-thumbnail||image||80766d116ffd13c48ddf4701573cc6b7','{\"storage\": \"django.core.files.storage.FileSystemStorage\", \"name\": \"cache/a7/f1/a7f1635e2d94ff9341073499cebb20ae.jpg\", \"size\": [98, 98]}'),('sorl-thumbnail||thumbnails||fd501ccd182cb054fb4a2c1a0fe94a12','[\"80766d116ffd13c48ddf4701573cc6b7\"]'),('sorl-thumbnail||image||9e85237c2a1805d05e788c68982f1893','{\"storage\": \"django.core.files.storage.FileSystemStorage\", \"name\": \"files/images/avatars/jalloh-portrait.jpg\", \"size\": [118, 110]}'),('sorl-thumbnail||image||63340ee889399d31dfdd6ca4956376e7','{\"storage\": \"django.core.files.storage.FileSystemStorage\", \"name\": \"cache/61/61/61619542cee0a5670aa045914c55177e.jpg\", \"size\": [98, 98]}'),('sorl-thumbnail||thumbnails||9e85237c2a1805d05e788c68982f1893','[\"63340ee889399d31dfdd6ca4956376e7\"]'),('sorl-thumbnail||image||9a69b7673a3f05d1e316df47ff8af172','{\"storage\": \"django.core.files.storage.FileSystemStorage\", \"name\": \"files/images/avatars/mohammed-portrait.jpg\", \"size\": [214, 189]}'),('sorl-thumbnail||image||890d13cb527de4ac42aaac02b8f6c4eb','{\"storage\": \"django.core.files.storage.FileSystemStorage\", \"name\": \"cache/ff/16/ff16301fc233e2fd96aca46cb33cb731.jpg\", \"size\": [98, 98]}'),('sorl-thumbnail||thumbnails||9a69b7673a3f05d1e316df47ff8af172','[\"890d13cb527de4ac42aaac02b8f6c4eb\"]'),('sorl-thumbnail||image||85fecc4fad9554aec16eef12034db164','{\"storage\": \"django.core.files.storage.FileSystemStorage\", \"name\": \"files/images/avatars/will-portrait.jpg\", \"size\": [1161, 1170]}'),('sorl-thumbnail||image||76ee1ede837661701dd606c22f9e6413','{\"storage\": \"django.core.files.storage.FileSystemStorage\", \"name\": \"cache/b1/c2/b1c2655c07040ee3847ff3a370598143.jpg\", \"size\": [98, 98]}'),('sorl-thumbnail||thumbnails||85fecc4fad9554aec16eef12034db164','[\"76ee1ede837661701dd606c22f9e6413\"]'),('sorl-thumbnail||image||139f71b844463c85f46a0b84a44c6dde','{\"storage\": \"django.core.files.storage.FileSystemStorage\", \"name\": \"files/images/avatars/kevin-portrait.jpg\", \"size\": [2592, 1944]}'),('sorl-thumbnail||image||a48925b7b5dc71e6449ec548bbb863ec','{\"storage\": \"django.core.files.storage.FileSystemStorage\", \"name\": \"cache/5e/15/5e1538f328aca22b6cfb669155f450dd.jpg\", \"size\": [98, 98]}'),('sorl-thumbnail||thumbnails||139f71b844463c85f46a0b84a44c6dde','[\"a48925b7b5dc71e6449ec548bbb863ec\"]'),('sorl-thumbnail||image||518b38a33ba0b8c32858d5e869ae6dc1','{\"storage\": \"django.core.files.storage.FileSystemStorage\", \"name\": \"files/images/avatars/linda-portrait.jpg\", \"size\": [2592, 1944]}'),('sorl-thumbnail||image||9e2babc13f3e6296e828cb266be03628','{\"storage\": \"django.core.files.storage.FileSystemStorage\", \"name\": \"cache/f7/1b/f71b5e1f08101f30e0263c7dcea8fa38.jpg\", \"size\": [98, 98]}'),('sorl-thumbnail||thumbnails||518b38a33ba0b8c32858d5e869ae6dc1','[\"9e2babc13f3e6296e828cb266be03628\"]'),('sorl-thumbnail||image||4d8d012a1cf8861a4272480950978b13','{\"storage\": \"django.core.files.storage.FileSystemStorage\", \"name\": \"files/images/avatars/mike-portrait.jpg\", \"size\": [300, 225]}'),('sorl-thumbnail||image||0f6cf13f741c3e167e301c8d5fc55102','{\"storage\": \"django.core.files.storage.FileSystemStorage\", \"name\": \"cache/b2/45/b245273f42ae208251201f83e73039b1.jpg\", \"size\": [98, 98]}'),('sorl-thumbnail||thumbnails||4d8d012a1cf8861a4272480950978b13','[\"0f6cf13f741c3e167e301c8d5fc55102\"]'),('sorl-thumbnail||image||745d3cfa419a3e0a3f75139524d69afc','{\"storage\": \"django.core.files.storage.FileSystemStorage\", \"name\": \"files/images/avatars/rob-portrait.jpg\", \"size\": [186, 193]}'),('sorl-thumbnail||image||667fbc8586143523e6d13ae71f6e0d36','{\"storage\": \"django.core.files.storage.FileSystemStorage\", \"name\": \"cache/04/82/0482108765fab6250ded0add2ed10480.jpg\", \"size\": [98, 98]}'),('sorl-thumbnail||thumbnails||745d3cfa419a3e0a3f75139524d69afc','[\"667fbc8586143523e6d13ae71f6e0d36\"]'),('sorl-thumbnail||image||ad0d9dadf82dd2fb610d474024f5c28d','{\"storage\": \"django.core.files.storage.FileSystemStorage\", \"name\": \"files/images/avatars/random_083.jpg\", \"size\": [764, 1024]}'),('sorl-thumbnail||image||559ca034bd671fd42759a90ee2de710e','{\"storage\": \"django.core.files.storage.FileSystemStorage\", \"name\": \"cache/a1/f2/a1f27eae41ac2d7bfcfcbdda81b06acc.jpg\", \"size\": [98, 98]}'),('sorl-thumbnail||thumbnails||ad0d9dadf82dd2fb610d474024f5c28d','[\"559ca034bd671fd42759a90ee2de710e\"]'),('sorl-thumbnail||image||8bbbe1539a5a96e7ee37511ac36feed4','{\"storage\": \"django.core.files.storage.FileSystemStorage\", \"name\": \"files/images/avatars/ame-portrait.jpg\", \"size\": [1060, 982]}'),('sorl-thumbnail||image||181f30b3016bfef727d470e31098e577','{\"storage\": \"django.core.files.storage.FileSystemStorage\", \"name\": \"cache/73/81/738191523679d28fccb26e3dfe423469.jpg\", \"size\": [98, 98]}'),('sorl-thumbnail||thumbnails||8bbbe1539a5a96e7ee37511ac36feed4','[\"181f30b3016bfef727d470e31098e577\"]'),('sorl-thumbnail||image||f0c10165d14ce82c0df84a6b407faf8b','{\"storage\": \"django.core.files.storage.FileSystemStorage\", \"name\": \"files/images/avatars/pete-portrait.jpg\", \"size\": [153, 150]}'),('sorl-thumbnail||image||c528cadc1bb3eb116c9b1e6423eedb6b','{\"storage\": \"django.core.files.storage.FileSystemStorage\", \"name\": \"cache/ae/83/ae83df0356a01a6fa9e66cba471826f8.jpg\", \"size\": [98, 98]}'),('sorl-thumbnail||thumbnails||f0c10165d14ce82c0df84a6b407faf8b','[\"c528cadc1bb3eb116c9b1e6423eedb6b\"]'),('sorl-thumbnail||image||631f08c655929a25adf253395156580e','{\"storage\": \"django.core.files.storage.FileSystemStorage\", \"name\": \"files/images/avatars/prawn-portrait.jpg\", \"size\": [185, 168]}'),('sorl-thumbnail||image||71e6f73ab798b3831e45b2e32b821962','{\"storage\": \"django.core.files.storage.FileSystemStorage\", \"name\": \"cache/5c/34/5c34adb02e261affc4758c7deb7d18e1.jpg\", \"size\": [98, 98]}'),('sorl-thumbnail||thumbnails||631f08c655929a25adf253395156580e','[\"71e6f73ab798b3831e45b2e32b821962\"]'),('sorl-thumbnail||image||e42e59d7ec9884ebd2a6f10e33df04fc','{\"storage\": \"django.core.files.storage.FileSystemStorage\", \"name\": \"files/images/avatars/jim-portrait.jpg\", \"size\": [230, 208]}'),('sorl-thumbnail||image||85884a188085733dd953ebad5d904a3d','{\"storage\": \"django.core.files.storage.FileSystemStorage\", \"name\": \"cache/6a/23/6a23f701d2b99e204d0552792da5e651.jpg\", \"size\": [98, 98]}'),('sorl-thumbnail||thumbnails||e42e59d7ec9884ebd2a6f10e33df04fc','[\"85884a188085733dd953ebad5d904a3d\"]'),('sorl-thumbnail||image||633f41bd6e417756330ab9f236814616','{\"storage\": \"django.core.files.storage.FileSystemStorage\", \"name\": \"files/images/projects/kamaso_solar_irrigation_workshops/7.jpg\", \"size\": [1024, 768]}'),('sorl-thumbnail||image||47dc5acdcb0fbb93758fecbc67b5bd0a','{\"storage\": \"django.core.files.storage.FileSystemStorage\", \"name\": \"cache/5d/63/5d63e524b35c2b52f3f76ec7cf497804.jpg\", \"size\": [336, 186]}'),('sorl-thumbnail||thumbnails||633f41bd6e417756330ab9f236814616','[\"d962c901fd0925bdf4be13d4fcc02aba\", \"47dc5acdcb0fbb93758fecbc67b5bd0a\"]'),('sorl-thumbnail||image||adc17bd1cb81be295f154aff91fe969c','{\"storage\": \"django.core.files.storage.FileSystemStorage\", \"name\": \"files/images/projects/kamaso_solar_irrigation_workshops/1.jpg\", \"size\": [1024, 768]}'),('sorl-thumbnail||image||a021a590db14fb675a105823dfbe3b94','{\"storage\": \"django.core.files.storage.FileSystemStorage\", \"name\": \"cache/bc/e9/bce96f5bf7149fe01531514c6603ed5d.jpg\", \"size\": [456, 316]}'),('sorl-thumbnail||thumbnails||adc17bd1cb81be295f154aff91fe969c','[\"a021a590db14fb675a105823dfbe3b94\"]'),('sorl-thumbnail||image||e47213456aebf0dd50312a6632b9101f','{\"storage\": \"django.core.files.storage.FileSystemStorage\", \"name\": \"files/images/projects/kamaso_solar_irrigation_workshops/2.jpg\", \"size\": [1024, 768]}'),('sorl-thumbnail||image||ac075700fe84f70c2f79f63670cc3673','{\"storage\": \"django.core.files.storage.FileSystemStorage\", \"name\": \"cache/6b/79/6b79c277e6c912693ce27e8988b9f693.jpg\", \"size\": [456, 316]}'),('sorl-thumbnail||thumbnails||e47213456aebf0dd50312a6632b9101f','[\"ac075700fe84f70c2f79f63670cc3673\"]'),('sorl-thumbnail||image||d42344c47da6bc06f5f06ab4a82b063e','{\"storage\": \"django.core.files.storage.FileSystemStorage\", \"name\": \"files/images/projects/kamaso_solar_irrigation_workshops/3.jpg\", \"size\": [1024, 768]}'),('sorl-thumbnail||image||960c846dcdcf43d737e5cabbd2a22f67','{\"storage\": \"django.core.files.storage.FileSystemStorage\", \"name\": \"cache/1b/fc/1bfcc6542eec742eea89d7e2c0f038ba.jpg\", \"size\": [456, 316]}'),('sorl-thumbnail||thumbnails||d42344c47da6bc06f5f06ab4a82b063e','[\"960c846dcdcf43d737e5cabbd2a22f67\"]'),('sorl-thumbnail||image||428691aa9c69d2168b081cf965e6c0fc','{\"storage\": \"django.core.files.storage.FileSystemStorage\", \"name\": \"files/images/projects/kamaso_solar_irrigation_workshops/5.jpg\", \"size\": [3872, 2592]}'),('sorl-thumbnail||image||ebf9034799570f47217824c4d3ac709e','{\"storage\": \"django.core.files.storage.FileSystemStorage\", \"name\": \"cache/ac/bf/acbf89d4ff3f2e8c583c5eabdb7c3d12.jpg\", \"size\": [456, 316]}'),('sorl-thumbnail||thumbnails||428691aa9c69d2168b081cf965e6c0fc','[\"ebf9034799570f47217824c4d3ac709e\"]'),('sorl-thumbnail||image||83f4363f2959e3de986f1df63d998acf','{\"storage\": \"django.core.files.storage.FileSystemStorage\", \"name\": \"files/images/projects/kamaso_solar_irrigation_workshops/6.jpg\", \"size\": [1024, 768]}'),('sorl-thumbnail||image||48df41db52dbdbbc75f0003cf2e4b963','{\"storage\": \"django.core.files.storage.FileSystemStorage\", \"name\": \"cache/83/6f/836fb8774f543d4dfe6e4ea64b5a8c2d.jpg\", \"size\": [456, 316]}'),('sorl-thumbnail||thumbnails||83f4363f2959e3de986f1df63d998acf','[\"48df41db52dbdbbc75f0003cf2e4b963\"]'),('sorl-thumbnail||image||d962c901fd0925bdf4be13d4fcc02aba','{\"storage\": \"django.core.files.storage.FileSystemStorage\", \"name\": \"cache/80/8b/808b14297fc333db7816f34216177fd9.jpg\", \"size\": [456, 316]}'),('sorl-thumbnail||image||6a8d023d77571a507bcc14207d13d91e','{\"storage\": \"django.core.files.storage.FileSystemStorage\", \"name\": \"files/images/projects/kamaso_solar_irrigation_workshops/8.jpg\", \"size\": [1024, 768]}'),('sorl-thumbnail||image||ac5a044737ae910cc0771a09cb8809f3','{\"storage\": \"django.core.files.storage.FileSystemStorage\", \"name\": \"cache/9a/0d/9a0da5447a0627fa433f3c6e8ad99f90.jpg\", \"size\": [456, 316]}'),('sorl-thumbnail||thumbnails||6a8d023d77571a507bcc14207d13d91e','[\"ac5a044737ae910cc0771a09cb8809f3\"]'),('sorl-thumbnail||image||a9bae53a1fe577ec1e67a47b930719d7','{\"storage\": \"django.core.files.storage.FileSystemStorage\", \"name\": \"files/images/projects/kamaso_solar_irrigation_workshops/9.jpg\", \"size\": [1024, 768]}'),('sorl-thumbnail||image||8fcd36207522ec19ea1b76ba0764f15f','{\"storage\": \"django.core.files.storage.FileSystemStorage\", \"name\": \"cache/e5/04/e5042508f6af7e66ee202e71a415deec.jpg\", \"size\": [456, 316]}'),('sorl-thumbnail||thumbnails||a9bae53a1fe577ec1e67a47b930719d7','[\"8fcd36207522ec19ea1b76ba0764f15f\"]'),('sorl-thumbnail||image||7701a51c1f969944ab53a6d18e2e1348','{\"storage\": \"django.core.files.storage.FileSystemStorage\", \"name\": \"files/images/projects/kamaso_solar_irrigation_workshops/10.jpg\", \"size\": [1024, 653]}'),('sorl-thumbnail||image||f6b32927517b088ade7ffcd0535de1cc','{\"storage\": \"django.core.files.storage.FileSystemStorage\", \"name\": \"cache/ad/88/ad88677482bf5ba7aa9c35b98969d041.jpg\", \"size\": [456, 316]}'),('sorl-thumbnail||thumbnails||7701a51c1f969944ab53a6d18e2e1348','[\"f6b32927517b088ade7ffcd0535de1cc\"]'),('sorl-thumbnail||image||b3205047ee9ab9c0625e70d89e9b00ea','{\"storage\": \"django.core.files.storage.FileSystemStorage\", \"name\": \"files/images/projects/river_number_2_eco_tourism_resort/1.jpg\", \"size\": [3872, 2592]}'),('sorl-thumbnail||image||1c621e5bdcddd7550f721a6f0999c928','{\"storage\": \"django.core.files.storage.FileSystemStorage\", \"name\": \"cache/7b/fb/7bfb3e0278dd3b5155f8c3145c1f98d2.jpg\", \"size\": [336, 186]}'),('sorl-thumbnail||thumbnails||b3205047ee9ab9c0625e70d89e9b00ea','[\"285285c751d03409dd75a82d89f7f3c3\", \"1c621e5bdcddd7550f721a6f0999c928\"]'),('sorl-thumbnail||image||285285c751d03409dd75a82d89f7f3c3','{\"storage\": \"django.core.files.storage.FileSystemStorage\", \"name\": \"cache/9d/36/9d36c559725fdec2fae625774268a1f1.jpg\", \"size\": [456, 316]}'),('sorl-thumbnail||image||aaa69bef84a01a32c7910a9f43ce240a','{\"storage\": \"django.core.files.storage.FileSystemStorage\", \"name\": \"files/images/projects/river_number_2_eco_tourism_resort/2.jpg\", \"size\": [2800, 2084]}'),('sorl-thumbnail||image||e9bedd80858e3774eb158154c149d8c7','{\"storage\": \"django.core.files.storage.FileSystemStorage\", \"name\": \"cache/b9/af/b9afa71e511a5e4964ceea1feae00567.jpg\", \"size\": [456, 316]}'),('sorl-thumbnail||thumbnails||aaa69bef84a01a32c7910a9f43ce240a','[\"e9bedd80858e3774eb158154c149d8c7\"]'),('sorl-thumbnail||image||510e2d6a47e9b732a370a6d154b1a493','{\"storage\": \"django.core.files.storage.FileSystemStorage\", \"name\": \"files/images/projects/river_number_2_eco_tourism_resort/3.jpg\", \"size\": [3872, 2592]}'),('sorl-thumbnail||image||76f664e199ebeaa21ca1c55b6fbe1b81','{\"storage\": \"django.core.files.storage.FileSystemStorage\", \"name\": \"cache/de/46/de462b57a47d4be482463cff6735bfd8.jpg\", \"size\": [456, 316]}'),('sorl-thumbnail||thumbnails||510e2d6a47e9b732a370a6d154b1a493','[\"76f664e199ebeaa21ca1c55b6fbe1b81\"]'),('sorl-thumbnail||image||ee7942b7d9ee4971b6df962b6769de06','{\"storage\": \"django.core.files.storage.FileSystemStorage\", \"name\": \"files/images/projects/river_number_2_eco_tourism_resort/4.jpg\", \"size\": [3872, 2592]}'),('sorl-thumbnail||image||9fa77cc25642ce087f833b800077b0e2','{\"storage\": \"django.core.files.storage.FileSystemStorage\", \"name\": \"cache/8d/17/8d1751a64a63c58df9f897f2a9a5438f.jpg\", \"size\": [456, 316]}'),('sorl-thumbnail||thumbnails||ee7942b7d9ee4971b6df962b6769de06','[\"9fa77cc25642ce087f833b800077b0e2\"]'),('sorl-thumbnail||image||5a393cc971668abf65e9699793eb30f7','{\"storage\": \"django.core.files.storage.FileSystemStorage\", \"name\": \"files/images/projects/river_number_2_eco_tourism_resort/5.jpg\", \"size\": [3872, 2592]}'),('sorl-thumbnail||image||67cb18d2a9ff7b2f28a38f9f644556bd','{\"storage\": \"django.core.files.storage.FileSystemStorage\", \"name\": \"cache/81/37/81370a5727e76fc3d474ffabb28d703e.jpg\", \"size\": [456, 316]}'),('sorl-thumbnail||thumbnails||5a393cc971668abf65e9699793eb30f7','[\"67cb18d2a9ff7b2f28a38f9f644556bd\"]'),('sorl-thumbnail||image||afb013b843648f5090c2530ce6f2319b','{\"storage\": \"django.core.files.storage.FileSystemStorage\", \"name\": \"files/images/projects/river_number_2_eco_tourism_resort/6.jpg\", \"size\": [3872, 2592]}'),('sorl-thumbnail||image||a7f30e59fdaa9665ab0864341abea885','{\"storage\": \"django.core.files.storage.FileSystemStorage\", \"name\": \"cache/52/fb/52fb1fca38bd6901fcc8295a0a36ba14.jpg\", \"size\": [456, 316]}'),('sorl-thumbnail||thumbnails||afb013b843648f5090c2530ce6f2319b','[\"a7f30e59fdaa9665ab0864341abea885\"]'),('sorl-thumbnail||image||8c6f610fcfaaa866eb34f3131f0d020c','{\"storage\": \"django.core.files.storage.FileSystemStorage\", \"name\": \"files/images/projects/kamakwie_community_centre/1.jpg\", \"size\": [1004, 742]}'),('sorl-thumbnail||image||89cdcc6693283e88b491de85ee711b3d','{\"storage\": \"django.core.files.storage.FileSystemStorage\", \"name\": \"cache/67/0b/670ba71727b2a35974dd06945e10135a.jpg\", \"size\": [336, 186]}'),('sorl-thumbnail||thumbnails||8c6f610fcfaaa866eb34f3131f0d020c','[\"41be7b5d98474e3ac65ad233c7db13b1\", \"89cdcc6693283e88b491de85ee711b3d\"]'),('sorl-thumbnail||image||41be7b5d98474e3ac65ad233c7db13b1','{\"storage\": \"django.core.files.storage.FileSystemStorage\", \"name\": \"cache/a4/76/a4765e4afc84c6dca5b37f5c70781990.jpg\", \"size\": [456, 316]}'),('sorl-thumbnail||image||df8eaa694b5c8212cb08213c37266e6b','{\"storage\": \"django.core.files.storage.FileSystemStorage\", \"name\": \"files/images/projects/kamakwie_community_centre/2.jpg\", \"size\": [1024, 768]}'),('sorl-thumbnail||image||67be75ce25004aed50afa86ff2cd9fa1','{\"storage\": \"django.core.files.storage.FileSystemStorage\", \"name\": \"cache/52/74/52740d3482455c6ffffc6437ab8853c8.jpg\", \"size\": [456, 316]}'),('sorl-thumbnail||thumbnails||df8eaa694b5c8212cb08213c37266e6b','[\"67be75ce25004aed50afa86ff2cd9fa1\"]'),('sorl-thumbnail||image||34ed6b976917e5ce25271632cd378371','{\"storage\": \"django.core.files.storage.FileSystemStorage\", \"name\": \"files/images/projects/kamakwie_community_centre/3.jpg\", \"size\": [1005, 708]}'),('sorl-thumbnail||image||127aceb27077b26ade3a0acc3ad2d765','{\"storage\": \"django.core.files.storage.FileSystemStorage\", \"name\": \"cache/18/86/188699d73bbfb94ccf9e87927c46a082.jpg\", \"size\": [456, 316]}'),('sorl-thumbnail||thumbnails||34ed6b976917e5ce25271632cd378371','[\"127aceb27077b26ade3a0acc3ad2d765\"]'),('sorl-thumbnail||image||e03666ce3223d39b5bcdcfd9ff305093','{\"storage\": \"django.core.files.storage.FileSystemStorage\", \"name\": \"files/images/projects/kamakwie_community_centre/4.jpg\", \"size\": [1024, 768]}'),('sorl-thumbnail||image||c8fe78716dfe67a0cff87a0eb47fd86c','{\"storage\": \"django.core.files.storage.FileSystemStorage\", \"name\": \"cache/44/b1/44b17dd105b1ab23d2db01bd8b837b4b.jpg\", \"size\": [456, 316]}'),('sorl-thumbnail||thumbnails||e03666ce3223d39b5bcdcfd9ff305093','[\"c8fe78716dfe67a0cff87a0eb47fd86c\"]'),('sorl-thumbnail||image||e933fc4a1fc97091e0f316b402370767','{\"storage\": \"django.core.files.storage.FileSystemStorage\", \"name\": \"files/images/projects/kamakwie_community_centre/5.jpg\", \"size\": [1024, 768]}'),('sorl-thumbnail||image||12c90b886876a5be116f70433396a44d','{\"storage\": \"django.core.files.storage.FileSystemStorage\", \"name\": \"cache/55/b6/55b6ee09fba7035eff91b4d0d6a0491d.jpg\", \"size\": [456, 316]}'),('sorl-thumbnail||thumbnails||e933fc4a1fc97091e0f316b402370767','[\"12c90b886876a5be116f70433396a44d\"]'),('sorl-thumbnail||image||112b5e8d118b0f8dab2be93c64e9d198','{\"storage\": \"django.core.files.storage.FileSystemStorage\", \"name\": \"files/images/projects/lakka_community_centre/4.jpg\", \"size\": [4000, 3000]}'),('sorl-thumbnail||image||dc3f593febc5c418ce65d41ce2ff552e','{\"storage\": \"django.core.files.storage.FileSystemStorage\", \"name\": \"cache/33/e0/33e0d4f93c819d060a8d1eb7da8077ed.jpg\", \"size\": [336, 186]}'),('sorl-thumbnail||thumbnails||112b5e8d118b0f8dab2be93c64e9d198','[\"dc3f593febc5c418ce65d41ce2ff552e\", \"5bddb1af48b1584c400f7551eafad260\"]'),('sorl-thumbnail||image||1a8af0447bf39a6ff46c2f8085f5d0be','{\"storage\": \"django.core.files.storage.FileSystemStorage\", \"name\": \"files/images/projects/lakka_community_centre/1.jpg\", \"size\": [1008, 736]}'),('sorl-thumbnail||image||26ad1017425157a5606ab1086d8d12b3','{\"storage\": \"django.core.files.storage.FileSystemStorage\", \"name\": \"cache/d1/e6/d1e699f57a74f63cad56032bdecb2ac5.jpg\", \"size\": [456, 316]}'),('sorl-thumbnail||thumbnails||1a8af0447bf39a6ff46c2f8085f5d0be','[\"26ad1017425157a5606ab1086d8d12b3\"]'),('sorl-thumbnail||image||ef32b2b4dd4c430e7a34a912f6c2c380','{\"storage\": \"django.core.files.storage.FileSystemStorage\", \"name\": \"files/images/projects/lakka_community_centre/2.jpg\", \"size\": [4000, 3000]}'),('sorl-thumbnail||image||2402605a7eb1f873a0608867a6c50d85','{\"storage\": \"django.core.files.storage.FileSystemStorage\", \"name\": \"cache/c0/65/c065053a295130dcbc507ba512baf7a1.jpg\", \"size\": [456, 316]}'),('sorl-thumbnail||thumbnails||ef32b2b4dd4c430e7a34a912f6c2c380','[\"2402605a7eb1f873a0608867a6c50d85\"]'),('sorl-thumbnail||image||be930a919007f1b82685945714c24e13','{\"storage\": \"django.core.files.storage.FileSystemStorage\", \"name\": \"files/images/projects/lakka_community_centre/3.jpg\", \"size\": [4000, 3000]}'),('sorl-thumbnail||image||4a9f29da57f210e7be843dc88492e8df','{\"storage\": \"django.core.files.storage.FileSystemStorage\", \"name\": \"cache/88/67/88670b9e028b137b32b5596450fb704f.jpg\", \"size\": [456, 316]}'),('sorl-thumbnail||thumbnails||be930a919007f1b82685945714c24e13','[\"4a9f29da57f210e7be843dc88492e8df\"]'),('sorl-thumbnail||image||5bddb1af48b1584c400f7551eafad260','{\"storage\": \"django.core.files.storage.FileSystemStorage\", \"name\": \"cache/3c/3a/3c3aba9d9e8b443cb95f83adfdf1c82b.jpg\", \"size\": [456, 316]}'),('sorl-thumbnail||image||0b6fdb117fdb8e399f9aeb8c4d24340d','{\"storage\": \"django.core.files.storage.FileSystemStorage\", \"name\": \"files/images/projects/lakka_community_centre/5.jpg\", \"size\": [3000, 4000]}'),('sorl-thumbnail||image||2f1e449b7988158f8d4200fcfc2e3f12','{\"storage\": \"django.core.files.storage.FileSystemStorage\", \"name\": \"cache/c6/25/c6258568f4d8761b3caea20b99c2b47d.jpg\", \"size\": [456, 316]}'),('sorl-thumbnail||thumbnails||0b6fdb117fdb8e399f9aeb8c4d24340d','[\"2f1e449b7988158f8d4200fcfc2e3f12\"]'),('sorl-thumbnail||image||4f835840c4bca3b3815fdd10677eda8e','{\"storage\": \"django.core.files.storage.FileSystemStorage\", \"name\": \"files/images/projects/liberia_unicef/2.jpg\", \"size\": [3134, 2109]}'),('sorl-thumbnail||image||7b7d058e0996ada8fad3754ed9e7ccbb','{\"storage\": \"django.core.files.storage.FileSystemStorage\", \"name\": \"cache/fa/63/fa63f7ce371f509d20cac3bba4683d3e.jpg\", \"size\": [336, 186]}'),('sorl-thumbnail||thumbnails||4f835840c4bca3b3815fdd10677eda8e','[\"7b7d058e0996ada8fad3754ed9e7ccbb\", \"362671a39e40be343455e2c3684837ea\"]'),('sorl-thumbnail||image||cd918eb99005285eb1c976bb0e629d5e','{\"storage\": \"django.core.files.storage.FileSystemStorage\", \"name\": \"files/images/projects/liberia_unicef/1.jpg\", \"size\": [957, 657]}'),('sorl-thumbnail||image||61d5e5f5732cfb9099f606145d93e62f','{\"storage\": \"django.core.files.storage.FileSystemStorage\", \"name\": \"cache/38/87/3887384c7729e5bc44e575e419be368b.jpg\", \"size\": [456, 316]}'),('sorl-thumbnail||thumbnails||cd918eb99005285eb1c976bb0e629d5e','[\"61d5e5f5732cfb9099f606145d93e62f\"]'),('sorl-thumbnail||image||362671a39e40be343455e2c3684837ea','{\"storage\": \"django.core.files.storage.FileSystemStorage\", \"name\": \"cache/22/b9/22b95a56d45d8a37cd409c72dc8cbc6a.jpg\", \"size\": [456, 316]}'),('sorl-thumbnail||image||85ee75a80464ad4610f6accf1126703e','{\"storage\": \"django.core.files.storage.FileSystemStorage\", \"name\": \"files/images/projects/liberia_unicef/3.jpg\", \"size\": [3264, 2073]}'),('sorl-thumbnail||image||ab8d163b357e2ebdfcf37030828df2bd','{\"storage\": \"django.core.files.storage.FileSystemStorage\", \"name\": \"cache/fd/8a/fd8a64e91ee2d18aa3b68a63e42f753d.jpg\", \"size\": [456, 316]}'),('sorl-thumbnail||thumbnails||85ee75a80464ad4610f6accf1126703e','[\"ab8d163b357e2ebdfcf37030828df2bd\"]'),('sorl-thumbnail||image||543ef5d4f3e78eecd359703cabb58bdb','{\"storage\": \"django.core.files.storage.FileSystemStorage\", \"name\": \"files/images/projects/liberia_unicef/4.jpg\", \"size\": [3264, 2139]}'),('sorl-thumbnail||image||6a67a5fc9b39ca49906e0c51383c8f26','{\"storage\": \"django.core.files.storage.FileSystemStorage\", \"name\": \"cache/48/09/480973146249c5f0dd5d64fc984e59f2.jpg\", \"size\": [456, 316]}'),('sorl-thumbnail||thumbnails||543ef5d4f3e78eecd359703cabb58bdb','[\"6a67a5fc9b39ca49906e0c51383c8f26\"]'),('sorl-thumbnail||image||91df7077e9c1e47058227a60b2d7a8d0','{\"storage\": \"django.core.files.storage.FileSystemStorage\", \"name\": \"files/images/projects/liberia_unicef/5.jpg\", \"size\": [3264, 2118]}'),('sorl-thumbnail||image||17dd0f825087e6bdee9108e0c0481c04','{\"storage\": \"django.core.files.storage.FileSystemStorage\", \"name\": \"cache/2e/c4/2ec48da87a631f2769396133e4d5b130.jpg\", \"size\": [456, 316]}'),('sorl-thumbnail||thumbnails||91df7077e9c1e47058227a60b2d7a8d0','[\"17dd0f825087e6bdee9108e0c0481c04\"]'),('sorl-thumbnail||image||2f51df37c57643d84719b7bd76db8a91','{\"storage\": \"django.core.files.storage.FileSystemStorage\", \"name\": \"files/images/projects/microfinance_offices_in_makeni_with_inveneo/2.jpg\", \"size\": [1024, 723]}'),('sorl-thumbnail||image||6f238dfc3ab71821513f2f1b357c1ab3','{\"storage\": \"django.core.files.storage.FileSystemStorage\", \"name\": \"cache/aa/64/aa64eb12e4bc6c942b4635cb68ba7d7d.jpg\", \"size\": [336, 186]}'),('sorl-thumbnail||thumbnails||2f51df37c57643d84719b7bd76db8a91','[\"6f238dfc3ab71821513f2f1b357c1ab3\", \"362b0106a339627a2dd8384035840e53\"]'),('sorl-thumbnail||image||78b00cc783b44e35d9ae9140e4ec4f08','{\"storage\": \"django.core.files.storage.FileSystemStorage\", \"name\": \"files/images/projects/microfinance_offices_in_makeni_with_inveneo/1.jpg\", \"size\": [1024, 768]}'),('sorl-thumbnail||image||bf90fcd0be653e40f62e21812d1cd45a','{\"storage\": \"django.core.files.storage.FileSystemStorage\", \"name\": \"cache/18/24/1824c60b93a3e9c995a7942f1fc254ed.jpg\", \"size\": [456, 316]}'),('sorl-thumbnail||thumbnails||78b00cc783b44e35d9ae9140e4ec4f08','[\"bf90fcd0be653e40f62e21812d1cd45a\"]'),('sorl-thumbnail||image||362b0106a339627a2dd8384035840e53','{\"storage\": \"django.core.files.storage.FileSystemStorage\", \"name\": \"cache/17/d4/17d40fba69c986f552ca5b0eaa081d8b.jpg\", \"size\": [456, 316]}'),('sorl-thumbnail||image||cf6cea7200f56e6665c1cd2b8d26b664','{\"storage\": \"django.core.files.storage.FileSystemStorage\", \"name\": \"files/images/projects/microfinance_offices_in_makeni_with_inveneo/3.jpg\", \"size\": [2448, 3264]}'),('sorl-thumbnail||image||b35994713c72f5c9c3b4527b8fff7c3a','{\"storage\": \"django.core.files.storage.FileSystemStorage\", \"name\": \"cache/15/5c/155c032e552de914f63847fd1dfd27f9.jpg\", \"size\": [456, 316]}'),('sorl-thumbnail||thumbnails||cf6cea7200f56e6665c1cd2b8d26b664','[\"b35994713c72f5c9c3b4527b8fff7c3a\"]'),('sorl-thumbnail||image||6079670c6c2729830763874c3aec06b7','{\"storage\": \"django.core.files.storage.FileSystemStorage\", \"name\": \"files/images/projects/microfinance_offices_in_makeni_with_inveneo/4.jpg\", \"size\": [1024, 768]}'),('sorl-thumbnail||image||03574f1ac5cd556b9cd59d0cd2db81a1','{\"storage\": \"django.core.files.storage.FileSystemStorage\", \"name\": \"cache/8e/b7/8eb757bff31ff703c74c2c49447cecf6.jpg\", \"size\": [456, 316]}'),('sorl-thumbnail||thumbnails||6079670c6c2729830763874c3aec06b7','[\"03574f1ac5cd556b9cd59d0cd2db81a1\"]'),('sorl-thumbnail||image||3cfd1aefce96ab3cfcceea513ec4b36d','{\"storage\": \"django.core.files.storage.FileSystemStorage\", \"name\": \"files/images/projects/microfinance_offices_in_makeni_with_inveneo/5.jpg\", \"size\": [1024, 736]}'),('sorl-thumbnail||image||8fd968fb7a1bb43ae3113cc5b8c955df','{\"storage\": \"django.core.files.storage.FileSystemStorage\", \"name\": \"cache/90/f5/90f503dd20b35fbab0d8d827da7da172.jpg\", \"size\": [456, 316]}'),('sorl-thumbnail||thumbnails||3cfd1aefce96ab3cfcceea513ec4b36d','[\"8fd968fb7a1bb43ae3113cc5b8c955df\"]'),('sorl-thumbnail||image||bbf4815138a9720a1abf28c4aa3b0ab5','{\"storage\": \"django.core.files.storage.FileSystemStorage\", \"name\": \"files/images/projects/slafu_and_whh_offices/3.jpg\", \"size\": [2592, 3872]}'),('sorl-thumbnail||image||7a66a6d319c5ac5a05645232f6fd402a','{\"storage\": \"django.core.files.storage.FileSystemStorage\", \"name\": \"cache/d0/c9/d0c9820526f6ff9d3ae093ed4745aa6a.jpg\", \"size\": [336, 186]}'),('sorl-thumbnail||thumbnails||bbf4815138a9720a1abf28c4aa3b0ab5','[\"77a64a887c008fc137255e79bbd6d533\", \"7a66a6d319c5ac5a05645232f6fd402a\"]'),('sorl-thumbnail||image||72ef555c1ee84e548e5cc54670ea2f51','{\"storage\": \"django.core.files.storage.FileSystemStorage\", \"name\": \"files/images/projects/slafu_and_whh_offices/1.jpg\", \"size\": [3872, 2592]}'),('sorl-thumbnail||image||5ce1be8a0e306f9d268f1e4eaa8c868d','{\"storage\": \"django.core.files.storage.FileSystemStorage\", \"name\": \"cache/e6/ae/e6ae108bc5ca4eb638770c8a76db4f4c.jpg\", \"size\": [456, 316]}'),('sorl-thumbnail||thumbnails||72ef555c1ee84e548e5cc54670ea2f51','[\"5ce1be8a0e306f9d268f1e4eaa8c868d\"]'),('sorl-thumbnail||image||d5fdd4060935f0f6821430b5ee4b6103','{\"storage\": \"django.core.files.storage.FileSystemStorage\", \"name\": \"files/images/projects/slafu_and_whh_offices/2.jpg\", \"size\": [3872, 2592]}'),('sorl-thumbnail||image||5dfa6a26038d3cb94902da338b1e1de7','{\"storage\": \"django.core.files.storage.FileSystemStorage\", \"name\": \"cache/b5/4e/b54e0dd8f64a6526907f8f2f8c68577d.jpg\", \"size\": [456, 316]}'),('sorl-thumbnail||thumbnails||d5fdd4060935f0f6821430b5ee4b6103','[\"5dfa6a26038d3cb94902da338b1e1de7\"]'),('sorl-thumbnail||image||77a64a887c008fc137255e79bbd6d533','{\"storage\": \"django.core.files.storage.FileSystemStorage\", \"name\": \"cache/68/b3/68b382cece36289d765f2f4dae09945a.jpg\", \"size\": [456, 316]}'),('sorl-thumbnail||image||7dd56f184ea65462d62f22653b82e2ad','{\"storage\": \"django.core.files.storage.FileSystemStorage\", \"name\": \"files/images/projects/slafu_and_whh_offices/4.jpg\", \"size\": [3872, 2592]}'),('sorl-thumbnail||image||13de6f85288ce2b3b0e70a257b2a07ff','{\"storage\": \"django.core.files.storage.FileSystemStorage\", \"name\": \"cache/ad/1f/ad1fd7c3a54a858cfc46d2e3b48df2f2.jpg\", \"size\": [456, 316]}'),('sorl-thumbnail||thumbnails||7dd56f184ea65462d62f22653b82e2ad','[\"13de6f85288ce2b3b0e70a257b2a07ff\"]'),('sorl-thumbnail||image||3e14452b0bbd24dd1244e679f8da01e6','{\"storage\": \"django.core.files.storage.FileSystemStorage\", \"name\": \"files/images/projects/slafu_and_whh_offices/5.jpg\", \"size\": [3748, 2417]}'),('sorl-thumbnail||image||1e14f17f844e272816cb524460d4b126','{\"storage\": \"django.core.files.storage.FileSystemStorage\", \"name\": \"cache/d0/d7/d0d7affd76636b2cd317d71de1f03ec1.jpg\", \"size\": [456, 316]}'),('sorl-thumbnail||thumbnails||3e14452b0bbd24dd1244e679f8da01e6','[\"1e14f17f844e272816cb524460d4b126\"]'),('sorl-thumbnail||image||02675b3907eb8e1e6518ef37fe47a68b','{\"storage\": \"django.core.files.storage.FileSystemStorage\", \"name\": \"files/images/projects/gbendembu_solar_training/2.jpg\", \"size\": [3072, 2304]}'),('sorl-thumbnail||image||139624d6b4591529ebead15f9d2bb1f3','{\"storage\": \"django.core.files.storage.FileSystemStorage\", \"name\": \"cache/b6/68/b668d48c1cfe9974385531cf109706fb.jpg\", \"size\": [336, 186]}'),('sorl-thumbnail||thumbnails||02675b3907eb8e1e6518ef37fe47a68b','[\"13c3645dffa897a3af876aecc6c861d2\", \"139624d6b4591529ebead15f9d2bb1f3\"]'),('sorl-thumbnail||image||926afa47dd5f2c31f87b219d41397d56','{\"storage\": \"django.core.files.storage.FileSystemStorage\", \"name\": \"files/images/projects/gbendembu_solar_training/1.jpg\", \"size\": [1732, 2176]}'),('sorl-thumbnail||image||110431d34e637abf1804545cf5cb1acc','{\"storage\": \"django.core.files.storage.FileSystemStorage\", \"name\": \"cache/a7/54/a7547b1517afe34f86f69eeacfa8b3b0.jpg\", \"size\": [456, 316]}'),('sorl-thumbnail||thumbnails||926afa47dd5f2c31f87b219d41397d56','[\"110431d34e637abf1804545cf5cb1acc\"]'),('sorl-thumbnail||image||13c3645dffa897a3af876aecc6c861d2','{\"storage\": \"django.core.files.storage.FileSystemStorage\", \"name\": \"cache/e0/2c/e02c049ffd5bdb17d9ac15f0bd50ad69.jpg\", \"size\": [456, 316]}'),('sorl-thumbnail||image||17fb0d82e2c9040aec4db2567583972d','{\"storage\": \"django.core.files.storage.FileSystemStorage\", \"name\": \"files/images/projects/gbendembu_solar_training/3.jpg\", \"size\": [3072, 2304]}'),('sorl-thumbnail||image||f262bee9d74612dd6c4696dcbfe5e01f','{\"storage\": \"django.core.files.storage.FileSystemStorage\", \"name\": \"cache/70/7b/707b8250bb75f26507266302acfa57e1.jpg\", \"size\": [456, 316]}'),('sorl-thumbnail||thumbnails||17fb0d82e2c9040aec4db2567583972d','[\"f262bee9d74612dd6c4696dcbfe5e01f\"]'),('sorl-thumbnail||image||e2715db9d325559f6068d562894cf2c9','{\"storage\": \"django.core.files.storage.FileSystemStorage\", \"name\": \"files/images/projects/gbendembu_solar_training/4.jpg\", \"size\": [3072, 2304]}'),('sorl-thumbnail||image||9a2af69b58eec79bcfa248656ba4fcc2','{\"storage\": \"django.core.files.storage.FileSystemStorage\", \"name\": \"cache/c8/df/c8dfbc91702b6631b3fc4eaf6b07f006.jpg\", \"size\": [456, 316]}'),('sorl-thumbnail||thumbnails||e2715db9d325559f6068d562894cf2c9','[\"9a2af69b58eec79bcfa248656ba4fcc2\"]'),('sorl-thumbnail||image||e086417f8689f4699993d56e0ef35c33','{\"storage\": \"django.core.files.storage.FileSystemStorage\", \"name\": \"files/images/projects/gbendembu_solar_training/5.jpg\", \"size\": [2981, 1892]}'),('sorl-thumbnail||image||647cc78ec97612b840a1bdd95291d65f','{\"storage\": \"django.core.files.storage.FileSystemStorage\", \"name\": \"cache/2a/25/2a253edc4737295199e60f8209c26912.jpg\", \"size\": [456, 316]}'),('sorl-thumbnail||thumbnails||e086417f8689f4699993d56e0ef35c33','[\"647cc78ec97612b840a1bdd95291d65f\"]'),('sorl-thumbnail||image||c7829e6e4921cb9687e649793fe50d37','{\"storage\": \"django.core.files.storage.FileSystemStorage\", \"name\": \"files/images/projects/gbendembu_solar_training/6.jpg\", \"size\": [2304, 3072]}'),('sorl-thumbnail||image||877ad2ddc30b2a216bf6b7a109a4e17e','{\"storage\": \"django.core.files.storage.FileSystemStorage\", \"name\": \"cache/9c/5f/9c5f6bbef4719680534b191a7f351c9f.jpg\", \"size\": [456, 316]}'),('sorl-thumbnail||thumbnails||c7829e6e4921cb9687e649793fe50d37','[\"877ad2ddc30b2a216bf6b7a109a4e17e\"]'),('sorl-thumbnail||image||407278f6cd4b3558b2c08e4e4b2d5b19','{\"storage\": \"django.core.files.storage.FileSystemStorage\", \"name\": \"files/images/projects/kamabai_and_mattru_jong_community_charging_stations/1.jpg\", \"size\": [3548, 2592]}'),('sorl-thumbnail||image||ead3e0dafebd558614b86907385f5524','{\"storage\": \"django.core.files.storage.FileSystemStorage\", \"name\": \"cache/c7/47/c74795d0cbf78bb8ec9221a09fa57ed1.jpg\", \"size\": [336, 186]}'),('sorl-thumbnail||thumbnails||407278f6cd4b3558b2c08e4e4b2d5b19','[\"ead3e0dafebd558614b86907385f5524\", \"d0932beb57a60cb64ad4b0b7c03be88d\"]'),('sorl-thumbnail||image||d0932beb57a60cb64ad4b0b7c03be88d','{\"storage\": \"django.core.files.storage.FileSystemStorage\", \"name\": \"cache/bf/90/bf90094e277d985cfbfd9ee4344fa388.jpg\", \"size\": [456, 316]}'),('sorl-thumbnail||image||5d8d5817bc4172471f7437f9b4ead6aa','{\"storage\": \"django.core.files.storage.FileSystemStorage\", \"name\": \"files/images/projects/kamaso_solar_irrigation_install/1.jpg\", \"size\": [1024, 768]}'),('sorl-thumbnail||image||5fbeece4c87c89408890083337efc110','{\"storage\": \"django.core.files.storage.FileSystemStorage\", \"name\": \"cache/09/9d/099d5c3eb4214afd9622913a0aa38d06.jpg\", \"size\": [456, 316]}'),('sorl-thumbnail||thumbnails||5d8d5817bc4172471f7437f9b4ead6aa','[\"5fbeece4c87c89408890083337efc110\"]'),('sorl-thumbnail||image||6305ff4a79cbcd7f0848e4a57b3a42f2','{\"storage\": \"django.core.files.storage.FileSystemStorage\", \"name\": \"files/images/projects/kamaso_solar_irrigation_install/2.jpg\", \"size\": [1024, 768]}'),('sorl-thumbnail||image||8b6d13b041a5ff21cb6806ce943d922a','{\"storage\": \"django.core.files.storage.FileSystemStorage\", \"name\": \"cache/f1/84/f18448b8004a81a1c797acfb19a22117.jpg\", \"size\": [456, 316]}'),('sorl-thumbnail||thumbnails||6305ff4a79cbcd7f0848e4a57b3a42f2','[\"8b6d13b041a5ff21cb6806ce943d922a\"]'),('sorl-thumbnail||image||15d20e1f993bf42ba5ad431301cce588','{\"storage\": \"django.core.files.storage.FileSystemStorage\", \"name\": \"files/images/projects/kamaso_solar_irrigation_install/3.jpg\", \"size\": [1024, 768]}'),('sorl-thumbnail||image||ebd8c8434bff3ae28fa2fd1fac9b0b69','{\"storage\": \"django.core.files.storage.FileSystemStorage\", \"name\": \"cache/31/93/31938502398c4dd659c0af405361ab11.jpg\", \"size\": [456, 316]}'),('sorl-thumbnail||thumbnails||15d20e1f993bf42ba5ad431301cce588','[\"ebd8c8434bff3ae28fa2fd1fac9b0b69\"]'),('sorl-thumbnail||image||b225c638c2f4bc8a2d9c6410b5a6ef96','{\"storage\": \"django.core.files.storage.FileSystemStorage\", \"name\": \"files/images/projects/kamaso_solar_irrigation_install/5.jpg\", \"size\": [3872, 2592]}'),('sorl-thumbnail||image||9acc55818c9853a2a85a398959524c2d','{\"storage\": \"django.core.files.storage.FileSystemStorage\", \"name\": \"cache/92/f6/92f64bcb67d1da8ca2b10a0b9ef5fa63.jpg\", \"size\": [456, 316]}'),('sorl-thumbnail||thumbnails||b225c638c2f4bc8a2d9c6410b5a6ef96','[\"9acc55818c9853a2a85a398959524c2d\"]'),('sorl-thumbnail||image||9fe15bf9940b4a5a2a7694f09f9909af','{\"storage\": \"django.core.files.storage.FileSystemStorage\", \"name\": \"files/images/projects/kamaso_solar_irrigation_install/6.jpg\", \"size\": [1024, 768]}'),('sorl-thumbnail||image||0f159ea64515ebc44255cf9ba3d40a79','{\"storage\": \"django.core.files.storage.FileSystemStorage\", \"name\": \"cache/01/21/012143ac25c9a10334b777712e30706a.jpg\", \"size\": [456, 316]}'),('sorl-thumbnail||thumbnails||9fe15bf9940b4a5a2a7694f09f9909af','[\"0f159ea64515ebc44255cf9ba3d40a79\"]'),('sorl-thumbnail||image||b3f828ed558f5419d70dff96f3de6573','{\"storage\": \"django.core.files.storage.FileSystemStorage\", \"name\": \"files/images/projects/kamaso_solar_irrigation_install/7.jpg\", \"size\": [1024, 768]}'),('sorl-thumbnail||image||9d51e50d3bfb1c7f995415919d1f3bbc','{\"storage\": \"django.core.files.storage.FileSystemStorage\", \"name\": \"cache/6b/54/6b541792d30523ee41c56c230cb83813.jpg\", \"size\": [456, 316]}'),('sorl-thumbnail||thumbnails||b3f828ed558f5419d70dff96f3de6573','[\"9d51e50d3bfb1c7f995415919d1f3bbc\", \"d87743abebf2cdf9d3e0e6a01189165b\"]'),('sorl-thumbnail||image||7d888c0ad86a83a4ff3db23aa31eaf2a','{\"storage\": \"django.core.files.storage.FileSystemStorage\", \"name\": \"files/images/projects/kamaso_solar_irrigation_install/8.jpg\", \"size\": [1024, 768]}'),('sorl-thumbnail||image||85239e479bdd5518f823c0f5223137b1','{\"storage\": \"django.core.files.storage.FileSystemStorage\", \"name\": \"cache/96/84/968437b234dce8d23e30a4a4e6e8670a.jpg\", \"size\": [456, 316]}'),('sorl-thumbnail||thumbnails||7d888c0ad86a83a4ff3db23aa31eaf2a','[\"85239e479bdd5518f823c0f5223137b1\"]'),('sorl-thumbnail||image||9ae21fc8366f8624e099f39fc082c377','{\"storage\": \"django.core.files.storage.FileSystemStorage\", \"name\": \"files/images/projects/kamaso_solar_irrigation_install/9.jpg\", \"size\": [1024, 768]}'),('sorl-thumbnail||image||0e5baa6f6fd1e68aea0b11529c474fa8','{\"storage\": \"django.core.files.storage.FileSystemStorage\", \"name\": \"cache/17/5c/175cd48140818bacad39e82190f8fb37.jpg\", \"size\": [456, 316]}'),('sorl-thumbnail||thumbnails||9ae21fc8366f8624e099f39fc082c377','[\"0e5baa6f6fd1e68aea0b11529c474fa8\"]'),('sorl-thumbnail||image||03e4a70727b4ce0c87d6156f1ff0826b','{\"storage\": \"django.core.files.storage.FileSystemStorage\", \"name\": \"files/images/projects/kamaso_solar_irrigation_install/10.jpg\", \"size\": [1024, 653]}'),('sorl-thumbnail||image||74cc4aded1a1e26a214d7ea47c527f31','{\"storage\": \"django.core.files.storage.FileSystemStorage\", \"name\": \"cache/fe/73/fe7336e6bf49f2e5c6797a21a221663e.jpg\", \"size\": [456, 316]}'),('sorl-thumbnail||thumbnails||03e4a70727b4ce0c87d6156f1ff0826b','[\"74cc4aded1a1e26a214d7ea47c527f31\"]'),('sorl-thumbnail||image||0027288ad79b2708b242492aadba252c','{\"storage\": \"django.core.files.storage.FileSystemStorage\", \"name\": \"files/images/projects/kamaso_solar_irrigation_workshops/4.jpg\", \"size\": [1024, 768]}'),('sorl-thumbnail||image||78d5ad5a7eff6100dd42e85aea2f04f4','{\"storage\": \"django.core.files.storage.FileSystemStorage\", \"name\": \"cache/7e/cd/7ecdd89d4d80702062f361e223f22e06.jpg\", \"size\": [336, 186]}'),('sorl-thumbnail||thumbnails||0027288ad79b2708b242492aadba252c','[\"78d5ad5a7eff6100dd42e85aea2f04f4\", \"eb24e953e691b0853f1bedfdc0d29d79\"]'),('sorl-thumbnail||image||eb24e953e691b0853f1bedfdc0d29d79','{\"storage\": \"django.core.files.storage.FileSystemStorage\", \"name\": \"cache/da/09/da09aabf3f93ce3d0e01dba2eff944b3.jpg\", \"size\": [456, 316]}'),('sorl-thumbnail||image||11172f12f05a1b90b50dc19d15c329fa','{\"storage\": \"django.core.files.storage.FileSystemStorage\", \"name\": \"files/images/programmes/skills_training/students-at-work.jpg\", \"size\": [1024, 768]}'),('sorl-thumbnail||image||6e6d651c689ddf8919834d98ff7feb03','{\"storage\": \"django.core.files.storage.FileSystemStorage\", \"name\": \"cache/d6/52/d652e900354f8b5e4185ad87e638ff00.jpg\", \"size\": [456, 316]}'),('sorl-thumbnail||thumbnails||11172f12f05a1b90b50dc19d15c329fa','[\"6e6d651c689ddf8919834d98ff7feb03\", \"6f97d24d591594636f7fef0cc25e2d44\"]'),('sorl-thumbnail||image||d4af4a28653a7f60a43c79a5da529a55','{\"storage\": \"django.core.files.storage.FileSystemStorage\", \"name\": \"files/images/programmes/skills_training/freeman-leading-training.jpg\", \"size\": [1024, 768]}'),('sorl-thumbnail||image||e553a3f807f0810e2af991ef37c22c03','{\"storage\": \"django.core.files.storage.FileSystemStorage\", \"name\": \"cache/aa/3c/aa3cd5d621fdac24b4b63f1efc3e632d.jpg\", \"size\": [456, 316]}'),('sorl-thumbnail||thumbnails||d4af4a28653a7f60a43c79a5da529a55','[\"e553a3f807f0810e2af991ef37c22c03\"]'),('sorl-thumbnail||image||c8d9df9f203a6f90aacb06d58fa23d76','{\"storage\": \"django.core.files.storage.FileSystemStorage\", \"name\": \"files/images/programmes/skills_training/class-picture.jpg\", \"size\": [1024, 768]}'),('sorl-thumbnail||image||571e20a31ddd58ced079f336df94398f','{\"storage\": \"django.core.files.storage.FileSystemStorage\", \"name\": \"cache/33/b0/33b0084548ed73ee600593190dabff33.jpg\", \"size\": [456, 316]}'),('sorl-thumbnail||thumbnails||c8d9df9f203a6f90aacb06d58fa23d76','[\"571e20a31ddd58ced079f336df94398f\"]'),('sorl-thumbnail||image||26216ff97688b200e1587e1963d7560c','{\"storage\": \"django.core.files.storage.FileSystemStorage\", \"name\": \"files/images/projects/lakka_community_centre_solar_workshops/3.jpg\", \"size\": [4000, 3000]}'),('sorl-thumbnail||image||e7c7bdfe3737659b258652c9da9b11b2','{\"storage\": \"django.core.files.storage.FileSystemStorage\", \"name\": \"cache/ea/75/ea75a61639df20f833cc2e55546ba0d7.jpg\", \"size\": [336, 186]}'),('sorl-thumbnail||thumbnails||26216ff97688b200e1587e1963d7560c','[\"9deca91609c2620aaa4fff508f505f3e\", \"e7c7bdfe3737659b258652c9da9b11b2\"]'),('sorl-thumbnail||image||f418f5c3d0706777a3c263f4de1ad82f','{\"storage\": \"django.core.files.storage.FileSystemStorage\", \"name\": \"files/images/projects/lakka_community_centre_solar_workshops/1.jpg\", \"size\": [4000, 3000]}'),('sorl-thumbnail||image||28ab724380f660c89c0c976f4228a768','{\"storage\": \"django.core.files.storage.FileSystemStorage\", \"name\": \"cache/d7/59/d7597b97985f131cae86edc23b7c6eb8.jpg\", \"size\": [456, 316]}'),('sorl-thumbnail||thumbnails||f418f5c3d0706777a3c263f4de1ad82f','[\"28ab724380f660c89c0c976f4228a768\"]'),('sorl-thumbnail||image||1b408a551c6ff3c7a4ad4d8088e8a108','{\"storage\": \"django.core.files.storage.FileSystemStorage\", \"name\": \"files/images/projects/lakka_community_centre_solar_workshops/2.jpg\", \"size\": [4000, 3000]}'),('sorl-thumbnail||image||7ddd9e646465eafdcb58e344cc9c7cb6','{\"storage\": \"django.core.files.storage.FileSystemStorage\", \"name\": \"cache/94/ed/94ed179d88a9c32d76a2002e345b2d1f.jpg\", \"size\": [456, 316]}'),('sorl-thumbnail||thumbnails||1b408a551c6ff3c7a4ad4d8088e8a108','[\"7ddd9e646465eafdcb58e344cc9c7cb6\"]'),('sorl-thumbnail||image||9deca91609c2620aaa4fff508f505f3e','{\"storage\": \"django.core.files.storage.FileSystemStorage\", \"name\": \"cache/82/c4/82c4f26789912513b7602898a5444461.jpg\", \"size\": [456, 316]}'),('sorl-thumbnail||image||9d5588f16642226a08b33936dc5f4db6','{\"storage\": \"django.core.files.storage.FileSystemStorage\", \"name\": \"files/images/projects/lakka_community_centre_solar_workshops/4.jpg\", \"size\": [3000, 4000]}'),('sorl-thumbnail||image||543de81649d2dc6bbd1569a67cc2e0fb','{\"storage\": \"django.core.files.storage.FileSystemStorage\", \"name\": \"cache/98/70/98705e82454befeac1d6b7900643a757.jpg\", \"size\": [456, 316]}'),('sorl-thumbnail||thumbnails||9d5588f16642226a08b33936dc5f4db6','[\"543de81649d2dc6bbd1569a67cc2e0fb\"]'),('sorl-thumbnail||image||77e7e201d1d2f3596640aff8b2ae4a6f','{\"storage\": \"django.core.files.storage.FileSystemStorage\", \"name\": \"files/images/projects/lakka_community_centre_solar_workshops/5.jpg\", \"size\": [4000, 3000]}'),('sorl-thumbnail||image||571d77eced13b4e5d58b23ab9a5631cc','{\"storage\": \"django.core.files.storage.FileSystemStorage\", \"name\": \"cache/be/89/be8956e7b0c50fe1f3dc74b4006fcf72.jpg\", \"size\": [456, 316]}'),('sorl-thumbnail||thumbnails||77e7e201d1d2f3596640aff8b2ae4a6f','[\"571d77eced13b4e5d58b23ab9a5631cc\"]'),('sorl-thumbnail||image||913c9291d8a059fb3859847431c3cbae','{\"storage\": \"django.core.files.storage.FileSystemStorage\", \"name\": \"files/images/projects/malawi_training/1.jpg\", \"size\": [525, 525]}'),('sorl-thumbnail||image||a06c714d4d26fdedd031a746b1d356a2','{\"storage\": \"django.core.files.storage.FileSystemStorage\", \"name\": \"cache/f5/1e/f51e432797f4a437fa8e7f501499b4c7.jpg\", \"size\": [336, 186]}'),('sorl-thumbnail||thumbnails||913c9291d8a059fb3859847431c3cbae','[\"f730f8d197aaf5aa2d3c29ab8c4a5dd3\", \"a06c714d4d26fdedd031a746b1d356a2\"]'),('sorl-thumbnail||image||f730f8d197aaf5aa2d3c29ab8c4a5dd3','{\"storage\": \"django.core.files.storage.FileSystemStorage\", \"name\": \"cache/1a/c6/1ac65e69981bb5d6dd8ac8443ca41220.jpg\", \"size\": [456, 316]}'),('sorl-thumbnail||image||593d3e2cc6cc83d27a887659bfce8a85','{\"storage\": \"django.core.files.storage.FileSystemStorage\", \"name\": \"files/images/projects/malawi_training/2.jpg\", \"size\": [1024, 768]}'),('sorl-thumbnail||image||436807aa6f5b56dd38eb83d6426c8461','{\"storage\": \"django.core.files.storage.FileSystemStorage\", \"name\": \"cache/17/ba/17baeee8674f59094b4e9ba97111da43.jpg\", \"size\": [456, 316]}'),('sorl-thumbnail||thumbnails||593d3e2cc6cc83d27a887659bfce8a85','[\"436807aa6f5b56dd38eb83d6426c8461\"]'),('sorl-thumbnail||image||d87743abebf2cdf9d3e0e6a01189165b','{\"storage\": \"django.core.files.storage.FileSystemStorage\", \"name\": \"cache/2b/52/2b525d9fd95d30e168c88c0361eb6b65.jpg\", \"size\": [336, 186]}'),('sorl-thumbnail||image||14665bf6806c60e6846881d7082e4300','{\"storage\": \"django.core.files.storage.FileSystemStorage\", \"name\": \"files/images/projects/gti/2.jpg\", \"size\": [3264, 2448]}'),('sorl-thumbnail||image||c808c29f658ca855bd26aec9eb8ca9e9','{\"storage\": \"django.core.files.storage.FileSystemStorage\", \"name\": \"cache/fe/93/fe9366d17b7769bdda574c9776eeef48.jpg\", \"size\": [336, 186]}'),('sorl-thumbnail||thumbnails||14665bf6806c60e6846881d7082e4300','[\"c808c29f658ca855bd26aec9eb8ca9e9\", \"576966d12c927c9125795ff78900dc03\"]'),('sorl-thumbnail||image||576966d12c927c9125795ff78900dc03','{\"storage\": \"django.core.files.storage.FileSystemStorage\", \"name\": \"cache/25/f8/25f8da4db148183292459002076136a2.jpg\", \"size\": [456, 316]}'),('sorl-thumbnail||image||6f97d24d591594636f7fef0cc25e2d44','{\"storage\": \"django.core.files.storage.FileSystemStorage\", \"name\": \"cache/f5/44/f544cf199f6a8ef51f6d2064043c3f9b.jpg\", \"size\": [230, 135]}'),('sorl-thumbnail||image||09f97ecdcb95aec6e4cd4cdbb447192f','{\"storage\": \"django.core.files.storage.FileSystemStorage\", \"name\": \"cache/5f/18/5f1897d645edd15cfcbf1e5d25379ff4.jpg\", \"size\": [230, 135]}'),('sorl-thumbnail||image||605ded69f482fa7e594254285a268042','{\"storage\": \"django.core.files.storage.FileSystemStorage\", \"name\": \"cache/0f/ed/0fed0d37b108be6a99cdbc412053ea4f.jpg\", \"size\": [230, 135]}'),('sorl-thumbnail||image||b5696e386a677a614a2cebc7f1594648','{\"storage\": \"django.core.files.storage.FileSystemStorage\", \"name\": \"files/images/programmes/education/2.jpg\", \"size\": [800, 536]}'),('sorl-thumbnail||image||c52fe91c0ab763dddcf2d51be7798f96','{\"storage\": \"django.core.files.storage.FileSystemStorage\", \"name\": \"cache/63/36/6336b222f650112a3bacf0a6e1632bce.jpg\", \"size\": [230, 135]}'),('sorl-thumbnail||thumbnails||b5696e386a677a614a2cebc7f1594648','[\"9dd243e427c1b01d3185a3e1cac8493b\", \"1481a9ec2be205f96f7858bae9cd98e3\", \"c52fe91c0ab763dddcf2d51be7798f96\"]'),('sorl-thumbnail||image||196c3a6ae76084f4f7cbd57cf15392b0','{\"storage\": \"django.core.files.storage.FileSystemStorage\", \"name\": \"files/images/avatars/idrissa-tarawaly.jpg\", \"size\": [2800, 2084]}'),('sorl-thumbnail||image||179fbf92f7e56bf92f30116a2bdf30e1','{\"storage\": \"django.core.files.storage.FileSystemStorage\", \"name\": \"cache/1e/79/1e799f0d3d65957450ded015fd124a37.jpg\", \"size\": [98, 98]}'),('sorl-thumbnail||thumbnails||196c3a6ae76084f4f7cbd57cf15392b0','[\"179fbf92f7e56bf92f30116a2bdf30e1\"]'),('sorl-thumbnail||image||36b77c7b8ab325122a462277d996cab4','{\"storage\": \"django.core.files.storage.FileSystemStorage\", \"name\": \"files/images/programmes/livelihoods/1.jpg\", \"size\": [3548, 2592]}'),('sorl-thumbnail||image||426ebbb35f7fe48849c22c0725945fc8','{\"storage\": \"django.core.files.storage.FileSystemStorage\", \"name\": \"cache/45/4a/454ab3f58dc3e6c5020d97470d595cdb.jpg\", \"size\": [576, 314]}'),('sorl-thumbnail||thumbnails||36b77c7b8ab325122a462277d996cab4','[\"a2389f34340ec9e8f7a3a1116c72498a\", \"df6068c8425fa543396a20186f6e39dd\", \"426ebbb35f7fe48849c22c0725945fc8\"]'),('sorl-thumbnail||image||df6068c8425fa543396a20186f6e39dd','{\"storage\": \"django.core.files.storage.FileSystemStorage\", \"name\": \"cache/3b/c4/3bc4698f45bed3a8986d1c3bad985b82.jpg\", \"size\": [230, 135]}'),('sorl-thumbnail||image||e573e19d206f79412291356ee51af039','{\"storage\": \"django.core.files.storage.FileSystemStorage\", \"name\": \"files/images/programmes/skills_training/placeholder.jpg\", \"size\": [1000, 595]}'),('sorl-thumbnail||image||0e7cee65cee14ac193139ac6d3fa7655','{\"storage\": \"django.core.files.storage.FileSystemStorage\", \"name\": \"cache/a5/08/a5087ed4a4ae5cab6fab6463c2907fb6.jpg\", \"size\": [230, 135]}'),('sorl-thumbnail||thumbnails||e573e19d206f79412291356ee51af039','[\"543352276d11d57ccd661668fe045ff4\", \"0e7cee65cee14ac193139ac6d3fa7655\"]'),('sorl-thumbnail||image||329e27f5a36975978b2a56b5c8f520d9','{\"storage\": \"django.core.files.storage.FileSystemStorage\", \"name\": \"files/images/programmes/health/placeholder.jpg\", \"size\": [1000, 595]}'),('sorl-thumbnail||image||92f2513397d8ffefb1a2cdc9a776ba10','{\"storage\": \"django.core.files.storage.FileSystemStorage\", \"name\": \"cache/3e/66/3e66829aec7a217f69eaafad8fa960c5.jpg\", \"size\": [230, 135]}'),('sorl-thumbnail||thumbnails||329e27f5a36975978b2a56b5c8f520d9','[\"a51bdfe4327a1d37069f7861f05b6f3c\", \"45cb52917db3a1fa90e35a1d17f2ac47\", \"92f2513397d8ffefb1a2cdc9a776ba10\"]'),('sorl-thumbnail||image||543352276d11d57ccd661668fe045ff4','{\"storage\": \"django.core.files.storage.FileSystemStorage\", \"name\": \"cache/5b/8e/5b8ef510ce17440f2d9062d352b27836.jpg\", \"size\": [456, 316]}'),('sorl-thumbnail||image||a2389f34340ec9e8f7a3a1116c72498a','{\"storage\": \"django.core.files.storage.FileSystemStorage\", \"name\": \"cache/0d/dd/0ddd0295601c4f415f2fe4dc50aee0b2.jpg\", \"size\": [456, 316]}'),('sorl-thumbnail||image||57015d835dee54a14d7e7a74debe1c71','{\"storage\": \"django.core.files.storage.FileSystemStorage\", \"name\": \"files/images/programmes/promoting_solar/placeholder.jpg\", \"size\": [1000, 595]}'),('sorl-thumbnail||image||78f180e232ba73dfefa4d2b8fec9a9e5','{\"storage\": \"django.core.files.storage.FileSystemStorage\", \"name\": \"cache/ab/47/ab474bb5c53a38e2ae1ac1622e2c50cc.jpg\", \"size\": [456, 316]}'),('sorl-thumbnail||thumbnails||57015d835dee54a14d7e7a74debe1c71','[\"78f180e232ba73dfefa4d2b8fec9a9e5\"]'),('sorl-thumbnail||image||45cb52917db3a1fa90e35a1d17f2ac47','{\"storage\": \"django.core.files.storage.FileSystemStorage\", \"name\": \"cache/2a/05/2a05270d7fbbce720d7b0c069e71b81f.jpg\", \"size\": [576, 314]}'),('sorl-thumbnail||image||ebbd99275099be3ecd16dc4767bc4272','{\"storage\": \"django.core.files.storage.FileSystemStorage\", \"name\": \"files/images/programmes/education/3.jpg\", \"size\": [800, 536]}'),('sorl-thumbnail||image||5f5ecf3b81f5b518e449345a68b9b43e','{\"storage\": \"django.core.files.storage.FileSystemStorage\", \"name\": \"cache/41/a4/41a49a6d96683c2bb4f329ede7a39b8f.jpg\", \"size\": [456, 316]}'),('sorl-thumbnail||thumbnails||ebbd99275099be3ecd16dc4767bc4272','[\"5f5ecf3b81f5b518e449345a68b9b43e\"]'),('sorl-thumbnail||image||9dd243e427c1b01d3185a3e1cac8493b','{\"storage\": \"django.core.files.storage.FileSystemStorage\", \"name\": \"cache/55/b9/55b950e0bd4ef879246b2495b098e79f.jpg\", \"size\": [456, 316]}'),('sorl-thumbnail||image||400f3744888d50861434957932299b9c','{\"storage\": \"django.core.files.storage.FileSystemStorage\", \"name\": \"files/images/programmes/education/1.jpg\", \"size\": [800, 455]}'),('sorl-thumbnail||image||10f8284cf512297f719f60739a142a06','{\"storage\": \"django.core.files.storage.FileSystemStorage\", \"name\": \"cache/7a/1f/7a1f40866a178366cfe241a5ee8ea810.jpg\", \"size\": [456, 316]}'),('sorl-thumbnail||thumbnails||400f3744888d50861434957932299b9c','[\"10f8284cf512297f719f60739a142a06\"]'),('sorl-thumbnail||image||32ef65c0c123b11dee44f8ac2053c114','{\"storage\": \"django.core.files.storage.FileSystemStorage\", \"name\": \"files/images/programmes/education/4.jpg\", \"size\": [800, 572]}'),('sorl-thumbnail||image||9ef09d1d265ee2b58a7cfede2a08bc91','{\"storage\": \"django.core.files.storage.FileSystemStorage\", \"name\": \"cache/79/d1/79d158d6ef96aa5f1e5d21241108051d.jpg\", \"size\": [456, 316]}'),('sorl-thumbnail||thumbnails||32ef65c0c123b11dee44f8ac2053c114','[\"9ef09d1d265ee2b58a7cfede2a08bc91\"]'),('sorl-thumbnail||image||a51bdfe4327a1d37069f7861f05b6f3c','{\"storage\": \"django.core.files.storage.FileSystemStorage\", \"name\": \"cache/3c/2e/3c2e7110ceab5a57f8f451a5fb5cc08e.jpg\", \"size\": [456, 316]}'),('sorl-thumbnail||image||33b3afbe0df3e7c95a131a331d2749c2','{\"storage\": \"django.core.files.storage.FileSystemStorage\", \"name\": \"files/images/programmes/health/1.jpg\", \"size\": [4000, 3000]}'),('sorl-thumbnail||image||0baaa3ff6379c7bf9a52e193ad9fdf62','{\"storage\": \"django.core.files.storage.FileSystemStorage\", \"name\": \"cache/43/2d/432dc4b6dc1f7da15fd134659507eacd.jpg\", \"size\": [576, 314]}'),('sorl-thumbnail||thumbnails||33b3afbe0df3e7c95a131a331d2749c2','[\"9b1ffd758320add328c649994af41128\", \"5d65c01529c19095fe507f8af1a92ef5\", \"0baaa3ff6379c7bf9a52e193ad9fdf62\"]'),('sorl-thumbnail||image||9b1ffd758320add328c649994af41128','{\"storage\": \"django.core.files.storage.FileSystemStorage\", \"name\": \"cache/0a/d2/0ad2b5f706e9271caf78a941ea9fec3c.jpg\", \"size\": [230, 135]}'),('sorl-thumbnail||image||5d65c01529c19095fe507f8af1a92ef5','{\"storage\": \"django.core.files.storage.FileSystemStorage\", \"name\": \"cache/cc/b0/ccb027370b727580a7a3412d4f799188.jpg\", \"size\": [456, 316]}'),('sorl-thumbnail||image||5400ca7499b51f6f59901c6f15590f2e','{\"storage\": \"django.core.files.storage.FileSystemStorage\", \"name\": \"files/images/programmes/health/5.jpg\", \"size\": [3072, 2304]}'),('sorl-thumbnail||image||15d71316a89107f007a928f69e0ac269','{\"storage\": \"django.core.files.storage.FileSystemStorage\", \"name\": \"cache/61/80/61802c68d1b5675d18a9b6ed73fa5dd9.jpg\", \"size\": [456, 316]}'),('sorl-thumbnail||thumbnails||5400ca7499b51f6f59901c6f15590f2e','[\"15d71316a89107f007a928f69e0ac269\"]'),('sorl-thumbnail||image||70ce26efd1e1c6804932c2e840e1e6ef','{\"storage\": \"django.core.files.storage.FileSystemStorage\", \"name\": \"files/images/programmes/health/4.jpg\", \"size\": [768, 1024]}'),('sorl-thumbnail||image||5553df2f241e80b8aeb5e7ab70fa051a','{\"storage\": \"django.core.files.storage.FileSystemStorage\", \"name\": \"cache/6f/df/6fdfef259896ae6691d15f86ab8906f8.jpg\", \"size\": [456, 316]}'),('sorl-thumbnail||thumbnails||70ce26efd1e1c6804932c2e840e1e6ef','[\"5553df2f241e80b8aeb5e7ab70fa051a\"]'),('sorl-thumbnail||image||6f553387ab2e754c6f671969e3234080','{\"storage\": \"django.core.files.storage.FileSystemStorage\", \"name\": \"files/images/programmes/health/3.jpg\", \"size\": [1024, 581]}'),('sorl-thumbnail||image||81a13f058226e6aed29e5a7937e59d4d','{\"storage\": \"django.core.files.storage.FileSystemStorage\", \"name\": \"cache/0d/78/0d7855f76f8f4d08b7307c8162a78c6d.jpg\", \"size\": [456, 316]}'),('sorl-thumbnail||thumbnails||6f553387ab2e754c6f671969e3234080','[\"81a13f058226e6aed29e5a7937e59d4d\"]'),('sorl-thumbnail||image||461366adf3fb7273534c8c35a23cd22c','{\"storage\": \"django.core.files.storage.FileSystemStorage\", \"name\": \"files/images/programmes/health/2.jpg\", \"size\": [4000, 2694]}'),('sorl-thumbnail||image||ff18f7af34e8daa90ddb2abebf383f4e','{\"storage\": \"django.core.files.storage.FileSystemStorage\", \"name\": \"cache/8d/fe/8dfe0fd27f03ed6d662ecc93b2481155.jpg\", \"size\": [456, 316]}'),('sorl-thumbnail||thumbnails||461366adf3fb7273534c8c35a23cd22c','[\"ff18f7af34e8daa90ddb2abebf383f4e\"]'),('sorl-thumbnail||image||1fe3a6486c6d274e01da9f63c44baec0','{\"storage\": \"django.core.files.storage.FileSystemStorage\", \"name\": \"files/images/programmes/promoting_solar/1.jpg\", \"size\": [3264, 2118]}'),('sorl-thumbnail||image||2e6e09c4975914507b6f4a6bc7e63bb8','{\"storage\": \"django.core.files.storage.FileSystemStorage\", \"name\": \"cache/81/79/81791290c615c08db971a31634dc52cb.jpg\", \"size\": [456, 316]}'),('sorl-thumbnail||thumbnails||1fe3a6486c6d274e01da9f63c44baec0','[\"2e6e09c4975914507b6f4a6bc7e63bb8\", \"bf57b7821be7c885468cefe0983515e5\"]'),('sorl-thumbnail||image||1a0a33304e95a7fc68f3bdd4250d3f5c','{\"storage\": \"django.core.files.storage.FileSystemStorage\", \"name\": \"files/images/programmes/promoting_solar/2.jpg\", \"size\": [3829, 2016]}'),('sorl-thumbnail||image||bdbaf43113f4514ae986f3b967d68437','{\"storage\": \"django.core.files.storage.FileSystemStorage\", \"name\": \"cache/f7/00/f700cb0880fb8db4583552a81ad575ea.jpg\", \"size\": [456, 316]}'),('sorl-thumbnail||thumbnails||1a0a33304e95a7fc68f3bdd4250d3f5c','[\"bdbaf43113f4514ae986f3b967d68437\"]'),('sorl-thumbnail||image||d9ce53ea71215d005d730fd9f9b855c3','{\"storage\": \"django.core.files.storage.FileSystemStorage\", \"name\": \"files/images/programmes/promoting_solar/3.jpg\", \"size\": [3872, 2592]}'),('sorl-thumbnail||image||e54d20601e5852c1f80a31b66cb94ceb','{\"storage\": \"django.core.files.storage.FileSystemStorage\", \"name\": \"cache/af/40/af40e791065e267a574e7b97129e6ddf.jpg\", \"size\": [456, 316]}'),('sorl-thumbnail||thumbnails||d9ce53ea71215d005d730fd9f9b855c3','[\"e54d20601e5852c1f80a31b66cb94ceb\"]'),('sorl-thumbnail||image||6117df778fe44d4fb1e9c30533b6ab14','{\"storage\": \"django.core.files.storage.FileSystemStorage\", \"name\": \"files/images/programmes/promoting_solar/4.jpg\", \"size\": [1024, 723]}'),('sorl-thumbnail||image||95d0c469b9718ddb23b326f2b897b91b','{\"storage\": \"django.core.files.storage.FileSystemStorage\", \"name\": \"cache/64/88/64882cfa93f60e5e0600755eef4391b4.jpg\", \"size\": [456, 316]}'),('sorl-thumbnail||thumbnails||6117df778fe44d4fb1e9c30533b6ab14','[\"95d0c469b9718ddb23b326f2b897b91b\"]'),('sorl-thumbnail||image||87fcf5a376ed3eb52cecd8d87515ff67','{\"storage\": \"django.core.files.storage.FileSystemStorage\", \"name\": \"files/images/programmes/promoting_solar/5.jpg\", \"size\": [1134, 756]}'),('sorl-thumbnail||image||999551b683ed0175779019fefc9237d7','{\"storage\": \"django.core.files.storage.FileSystemStorage\", \"name\": \"cache/d5/9f/d59faa2c2bdf64aedb8a9d7dede4da1c.jpg\", \"size\": [456, 316]}'),('sorl-thumbnail||thumbnails||87fcf5a376ed3eb52cecd8d87515ff67','[\"999551b683ed0175779019fefc9237d7\"]'),('sorl-thumbnail||image||06ee358f86237c48e88906c21b73b0f0','{\"storage\": \"django.core.files.storage.FileSystemStorage\", \"name\": \"files/images/programmes/livelihoods/4.jpg\", \"size\": [2325, 2592]}'),('sorl-thumbnail||image||435f956c9cced2da07aac692e300b295','{\"storage\": \"django.core.files.storage.FileSystemStorage\", \"name\": \"cache/a8/d8/a8d85e3548a26635da60370f990c8510.jpg\", \"size\": [456, 316]}'),('sorl-thumbnail||thumbnails||06ee358f86237c48e88906c21b73b0f0','[\"f68e817af69d82dc25cbf30702a5ec79\", \"f611a53ce52040b818e40d68c943a923\", \"435f956c9cced2da07aac692e300b295\"]'),('sorl-thumbnail||image||5537ef130e18c745606659e967064caa','{\"storage\": \"django.core.files.storage.FileSystemStorage\", \"name\": \"files/images/programmes/livelihoods/3.jpg\", \"size\": [3872, 2592]}'),('sorl-thumbnail||image||6425d71d8b5d91d913802b70f8ca63ef','{\"storage\": \"django.core.files.storage.FileSystemStorage\", \"name\": \"cache/36/3b/363b58a23fa1a159e96453387c3b7a17.jpg\", \"size\": [456, 316]}'),('sorl-thumbnail||thumbnails||5537ef130e18c745606659e967064caa','[\"6425d71d8b5d91d913802b70f8ca63ef\"]'),('sorl-thumbnail||image||54e5b67495c03f6f8415cd90430fe9b1','{\"storage\": \"django.core.files.storage.FileSystemStorage\", \"name\": \"files/images/programmes/livelihoods/2.jpg\", \"size\": [3297, 2324]}'),('sorl-thumbnail||image||8985987f603390b0a8ccbed07e3ef7b7','{\"storage\": \"django.core.files.storage.FileSystemStorage\", \"name\": \"cache/bf/88/bf8804e45a7c8ccbfdcead5ab06360aa.jpg\", \"size\": [456, 316]}'),('sorl-thumbnail||thumbnails||54e5b67495c03f6f8415cd90430fe9b1','[\"8985987f603390b0a8ccbed07e3ef7b7\"]'),('sorl-thumbnail||image||33e5ac983cf9d2fbfff565665c173bfc','{\"storage\": \"django.core.files.storage.FileSystemStorage\", \"name\": \"files/images/programmes/livelihoods/5.jpg\", \"size\": [3072, 2304]}'),('sorl-thumbnail||image||cc505a4cdfc6335fd0255443c9100699','{\"storage\": \"django.core.files.storage.FileSystemStorage\", \"name\": \"cache/93/a6/93a6c2c3658a39d81f640202e6fda740.jpg\", \"size\": [456, 316]}'),('sorl-thumbnail||thumbnails||33e5ac983cf9d2fbfff565665c173bfc','[\"cc505a4cdfc6335fd0255443c9100699\"]'),('sorl-thumbnail||image||94c72961fa06e2199f00d396f8d3247d','{\"storage\": \"django.core.files.storage.FileSystemStorage\", \"name\": \"files/images/programmes/livelihoods/6.jpg\", \"size\": [3262, 2175]}'),('sorl-thumbnail||image||6d0a50ed04fcd69f35a6ab774380d8ea','{\"storage\": \"django.core.files.storage.FileSystemStorage\", \"name\": \"cache/e1/bf/e1bf6ae54d0b7b119b54cdab4310c0aa.jpg\", \"size\": [456, 316]}'),('sorl-thumbnail||thumbnails||94c72961fa06e2199f00d396f8d3247d','[\"6d0a50ed04fcd69f35a6ab774380d8ea\"]'),('sorl-thumbnail||image||f611a53ce52040b818e40d68c943a923','{\"storage\": \"django.core.files.storage.FileSystemStorage\", \"name\": \"cache/70/b4/70b4bd8782060fb1847a8d8b808ede37.jpg\", \"size\": [576, 314]}'),('sorl-thumbnail||image||8e223fc7fe40abff7d3a198c741ff01c','{\"storage\": \"django.core.files.storage.FileSystemStorage\", \"name\": \"files/images/programmes/skills_training/2.jpg\", \"size\": [4000, 3000]}'),('sorl-thumbnail||image||267c41c2035e7154620ed89ac2b439d4','{\"storage\": \"django.core.files.storage.FileSystemStorage\", \"name\": \"cache/76/f3/76f3d3a929afe3dd1be23bacae581247.jpg\", \"size\": [230, 135]}'),('sorl-thumbnail||thumbnails||8e223fc7fe40abff7d3a198c741ff01c','[\"267c41c2035e7154620ed89ac2b439d4\", \"39afb5848d736fd3cdb5a0cae82f18b8\", \"fa401cf16bb0156a0db519b7544621ca\"]'),('sorl-thumbnail||image||f68e817af69d82dc25cbf30702a5ec79','{\"storage\": \"django.core.files.storage.FileSystemStorage\", \"name\": \"cache/1f/d4/1fd44534fe6a2ad54190196609f9a761.jpg\", \"size\": [230, 135]}'),('sorl-thumbnail||image||3d8a15e412561e29c5475b391eb16c52','{\"storage\": \"django.core.files.storage.FileSystemStorage\", \"name\": \"files/images/gedc0206.jpg\", \"size\": [1024, 768]}'),('sorl-thumbnail||image||fd50c117f89a921fc1478f47b0ffcfbf','{\"storage\": \"django.core.files.storage.FileSystemStorage\", \"name\": \"cache/73/1a/731ae1f3d1cd2922f18f7bb76770faee.jpg\", \"size\": [336, 186]}'),('sorl-thumbnail||thumbnails||3d8a15e412561e29c5475b391eb16c52','[\"fd50c117f89a921fc1478f47b0ffcfbf\", \"ff1f7ae80abd2a31ba5e3dcc19d852b8\"]'),('sorl-thumbnail||image||0329701a2f68e17c11ecc3d0a1392655','{\"storage\": \"django.core.files.storage.FileSystemStorage\", \"name\": \"files/images/programmes/skills_training/1.jpg\", \"size\": [3872, 2592]}'),('sorl-thumbnail||image||55e881d465366322527392b3b967cb16','{\"storage\": \"django.core.files.storage.FileSystemStorage\", \"name\": \"cache/09/af/09afd5e396af666740bee8da41e509a4.jpg\", \"size\": [456, 316]}'),('sorl-thumbnail||thumbnails||0329701a2f68e17c11ecc3d0a1392655','[\"55e881d465366322527392b3b967cb16\"]'),('sorl-thumbnail||image||39afb5848d736fd3cdb5a0cae82f18b8','{\"storage\": \"django.core.files.storage.FileSystemStorage\", \"name\": \"cache/55/65/556596b8e7aa84047566953c94c434b8.jpg\", \"size\": [456, 316]}'),('sorl-thumbnail||image||174400bff2e86a25fc9abcb0096a7c73','{\"storage\": \"django.core.files.storage.FileSystemStorage\", \"name\": \"files/images/programmes/skills_training/3.jpg\", \"size\": [3072, 2304]}'),('sorl-thumbnail||image||be178bdfe4936b6ec78572110facf031','{\"storage\": \"django.core.files.storage.FileSystemStorage\", \"name\": \"cache/ab/77/ab77e3ae291d1927e52fe4a0c79da2c7.jpg\", \"size\": [456, 316]}'),('sorl-thumbnail||thumbnails||174400bff2e86a25fc9abcb0096a7c73','[\"be178bdfe4936b6ec78572110facf031\"]'),('sorl-thumbnail||image||d6e0e5b78ad34ac03b25f557c102d70c','{\"storage\": \"django.core.files.storage.FileSystemStorage\", \"name\": \"files/images/programmes/skills_training/4.jpg\", \"size\": [3264, 2448]}'),('sorl-thumbnail||image||4e761f87352c41017358a8d8e0ce680b','{\"storage\": \"django.core.files.storage.FileSystemStorage\", \"name\": \"cache/a3/a7/a3a7e483e9f458410e4ab4a3b540c91f.jpg\", \"size\": [456, 316]}'),('sorl-thumbnail||thumbnails||d6e0e5b78ad34ac03b25f557c102d70c','[\"4e761f87352c41017358a8d8e0ce680b\"]'),('sorl-thumbnail||image||0fddffaac669380f02201752e0917b22','{\"storage\": \"django.core.files.storage.FileSystemStorage\", \"name\": \"files/images/programmes/skills_training/5.jpg\", \"size\": [2980, 1875]}'),('sorl-thumbnail||image||9c0325215e74da3051d0398631b5203b','{\"storage\": \"django.core.files.storage.FileSystemStorage\", \"name\": \"cache/59/e4/59e4a8804f8d53a26865ef11beca17c8.jpg\", \"size\": [456, 316]}'),('sorl-thumbnail||thumbnails||0fddffaac669380f02201752e0917b22','[\"9c0325215e74da3051d0398631b5203b\"]'),('sorl-thumbnail||image||6db95c526829edf363fce6351cc2777a','{\"storage\": \"django.core.files.storage.FileSystemStorage\", \"name\": \"files/images/gedc0369.jpg\", \"size\": [4000, 3000]}'),('sorl-thumbnail||image||3845d4d465178974b30ecf79a734dd5b','{\"storage\": \"django.core.files.storage.FileSystemStorage\", \"name\": \"cache/89/27/8927fd12acf680deabd9e3716e17b435.jpg\", \"size\": [336, 186]}'),('sorl-thumbnail||thumbnails||6db95c526829edf363fce6351cc2777a','[\"1692a3f250e48dcfa594556038cf71e9\", \"3845d4d465178974b30ecf79a734dd5b\"]'),('sorl-thumbnail||image||76c773f62ad5c23b4870095614f53cae','{\"storage\": \"django.core.files.storage.FileSystemStorage\", \"name\": \"files/images/gedc0357.jpg\", \"size\": [4000, 3000]}'),('sorl-thumbnail||image||9362ffe92903afeef4ee42136b563e97','{\"storage\": \"django.core.files.storage.FileSystemStorage\", \"name\": \"cache/1f/e7/1fe719d0581acf6435fe457328c01685.jpg\", \"size\": [336, 186]}'),('sorl-thumbnail||thumbnails||76c773f62ad5c23b4870095614f53cae','[\"3c5628734f5aaa657dbda17103fcb975\", \"9362ffe92903afeef4ee42136b563e97\"]'),('sorl-thumbnail||image||ff1f7ae80abd2a31ba5e3dcc19d852b8','{\"storage\": \"django.core.files.storage.FileSystemStorage\", \"name\": \"cache/85/df/85dfd50bce07bc19951c7b1860e2dfc2.jpg\", \"size\": [456, 316]}'),('sorl-thumbnail||image||3ba226bed58f625c1180c004d33500a9','{\"storage\": \"django.core.files.storage.FileSystemStorage\", \"name\": \"files/images/pict0587.jpg\", \"size\": [2592, 1944]}'),('sorl-thumbnail||image||a87d6ec34132cef0d1d7815cc3c9ca85','{\"storage\": \"django.core.files.storage.FileSystemStorage\", \"name\": \"cache/dc/f9/dcf9dc48d379d3157fec2132ece8f9dc.jpg\", \"size\": [456, 316]}'),('sorl-thumbnail||thumbnails||3ba226bed58f625c1180c004d33500a9','[\"a87d6ec34132cef0d1d7815cc3c9ca85\"]'),('sorl-thumbnail||image||3a5b9fa5a01d8c1bd61c3dcdf5d467a7','{\"storage\": \"django.core.files.storage.FileSystemStorage\", \"name\": \"files/images/gedc0203.jpg\", \"size\": [1024, 768]}'),('sorl-thumbnail||image||6a8b8bfe214eb4e186e4a4ae944988a1','{\"storage\": \"django.core.files.storage.FileSystemStorage\", \"name\": \"cache/de/b4/deb40bde1dc45f3f3a7635b489898853.jpg\", \"size\": [456, 316]}'),('sorl-thumbnail||thumbnails||3a5b9fa5a01d8c1bd61c3dcdf5d467a7','[\"6a8b8bfe214eb4e186e4a4ae944988a1\"]'),('sorl-thumbnail||image||7a4cc8bf1f93ce4e7abe29556855b078','{\"storage\": \"django.core.files.storage.FileSystemStorage\", \"name\": \"files/images/gedc0209.jpg\", \"size\": [1024, 768]}'),('sorl-thumbnail||image||92a3a1cc79b7198de8a12fae73eda517','{\"storage\": \"django.core.files.storage.FileSystemStorage\", \"name\": \"cache/0f/02/0f02f8e1f7a64f3d805abc63238b6f1d.jpg\", \"size\": [456, 316]}'),('sorl-thumbnail||thumbnails||7a4cc8bf1f93ce4e7abe29556855b078','[\"92a3a1cc79b7198de8a12fae73eda517\"]'),('sorl-thumbnail||image||2aeb6146c4575b06a981c9cead154cbb','{\"storage\": \"django.core.files.storage.FileSystemStorage\", \"name\": \"files/images/pict0622.jpg\", \"size\": [2592, 1944]}'),('sorl-thumbnail||image||b0062f43b57e79d91ad610d499e2ff1c','{\"storage\": \"django.core.files.storage.FileSystemStorage\", \"name\": \"cache/c1/10/c1108361af724f242c5b7edcd3a94dfa.jpg\", \"size\": [456, 316]}'),('sorl-thumbnail||thumbnails||2aeb6146c4575b06a981c9cead154cbb','[\"b0062f43b57e79d91ad610d499e2ff1c\"]'),('sorl-thumbnail||image||178389fa16f98048d1d159f30e64c722','{\"storage\": \"django.core.files.storage.FileSystemStorage\", \"name\": \"files/images/gedc0217.jpg\", \"size\": [1024, 768]}'),('sorl-thumbnail||image||677a35a3c3d2274959ce3a87098f0097','{\"storage\": \"django.core.files.storage.FileSystemStorage\", \"name\": \"cache/6f/5a/6f5a642ce670c48f4150bd3e8d994dd9.jpg\", \"size\": [456, 316]}'),('sorl-thumbnail||thumbnails||178389fa16f98048d1d159f30e64c722','[\"677a35a3c3d2274959ce3a87098f0097\"]'),('sorl-thumbnail||image||5481200cf0aae8986ff8e3dab3099a3e','{\"storage\": \"django.core.files.storage.FileSystemStorage\", \"name\": \"files/images/projects/malawi_training/limbe_school.jpg\", \"size\": [1024, 768]}'),('sorl-thumbnail||image||e3f17ea84d7acf36d8bac53c1ea2af97','{\"storage\": \"django.core.files.storage.FileSystemStorage\", \"name\": \"cache/22/93/2293cded3d87225a2063a226d34d1f1e.jpg\", \"size\": [456, 316]}'),('sorl-thumbnail||thumbnails||5481200cf0aae8986ff8e3dab3099a3e','[\"e3f17ea84d7acf36d8bac53c1ea2af97\", \"08b6ce905e37a33dc1f64bb727c8279b\"]'),('sorl-thumbnail||image||2ec50008d3bdba94436f86bc4dfc9a6c','{\"storage\": \"django.core.files.storage.FileSystemStorage\", \"name\": \"files/images/projects/malawi_training/167736_10150388659040265_442696055264_16438056_5439212_n.jpg\", \"size\": [720, 540]}'),('sorl-thumbnail||image||2b49dffdc3e9db7ba1bfa5964f3902e8','{\"storage\": \"django.core.files.storage.FileSystemStorage\", \"name\": \"cache/df/c7/dfc788c4909d6767a24c77d9f520438d.jpg\", \"size\": [456, 316]}'),('sorl-thumbnail||thumbnails||2ec50008d3bdba94436f86bc4dfc9a6c','[\"2b49dffdc3e9db7ba1bfa5964f3902e8\"]'),('sorl-thumbnail||image||dcb67b9c3fed5282d4b08a7202ad76ee','{\"storage\": \"django.core.files.storage.FileSystemStorage\", \"name\": \"files/images/projects/malawi_training/166225_10150388659140265_442696055264_16438059_416279_n.jpg\", \"size\": [720, 540]}'),('sorl-thumbnail||image||fe9f1f571f9a5da738afb3ad3c258dae','{\"storage\": \"django.core.files.storage.FileSystemStorage\", \"name\": \"cache/01/a8/01a8ba711e7c25013888539fa023dcef.jpg\", \"size\": [456, 316]}'),('sorl-thumbnail||thumbnails||dcb67b9c3fed5282d4b08a7202ad76ee','[\"fe9f1f571f9a5da738afb3ad3c258dae\"]'),('sorl-thumbnail||image||d59cd52fa4bde1f8bd9c013701d2b564','{\"storage\": \"django.core.files.storage.FileSystemStorage\", \"name\": \"files/images/projects/malawi_training/164338_10150388658940265_442696055264_16438054_7347336_n.jpg\", \"size\": [720, 540]}'),('sorl-thumbnail||image||d0a499ee4efaf34fad0d88cfab92af44','{\"storage\": \"django.core.files.storage.FileSystemStorage\", \"name\": \"cache/1e/9c/1e9c3c66bdabec3c9e70c6793e77ac2f.jpg\", \"size\": [456, 316]}'),('sorl-thumbnail||thumbnails||d59cd52fa4bde1f8bd9c013701d2b564','[\"d0a499ee4efaf34fad0d88cfab92af44\"]'),('sorl-thumbnail||image||08b6ce905e37a33dc1f64bb727c8279b','{\"storage\": \"django.core.files.storage.FileSystemStorage\", \"name\": \"cache/09/1d/091d5423aaf1e406e80b3c3fe78a4770.jpg\", \"size\": [336, 186]}'),('sorl-thumbnail||image||1692a3f250e48dcfa594556038cf71e9','{\"storage\": \"django.core.files.storage.FileSystemStorage\", \"name\": \"cache/10/0c/100c895c04d1d919050963432391be1f.jpg\", \"size\": [456, 316]}'),('sorl-thumbnail||image||86ab40214c3622b5c9a206b88c69ad20','{\"storage\": \"django.core.files.storage.FileSystemStorage\", \"name\": \"files/images/projects/kamalo_primary_school/gedc0368.jpg\", \"size\": [4000, 3000]}'),('sorl-thumbnail||image||0133bdda9cb57977292a8ae1baf90099','{\"storage\": \"django.core.files.storage.FileSystemStorage\", \"name\": \"cache/a2/12/a212ee5683971027dbf0fa5e2015b301.jpg\", \"size\": [456, 316]}'),('sorl-thumbnail||thumbnails||86ab40214c3622b5c9a206b88c69ad20','[\"0133bdda9cb57977292a8ae1baf90099\"]'),('sorl-thumbnail||image||0f864781d5e8f6251bbb9464b5036bd0','{\"storage\": \"django.core.files.storage.FileSystemStorage\", \"name\": \"files/images/projects/kamalo_primary_school/gedc0195.jpg\", \"size\": [4000, 3000]}'),('sorl-thumbnail||image||a81494809cfd9061c6a933234ae5a8b4','{\"storage\": \"django.core.files.storage.FileSystemStorage\", \"name\": \"cache/b8/4b/b84b764e2989b672460a6c5aeab42c61.jpg\", \"size\": [456, 316]}'),('sorl-thumbnail||thumbnails||0f864781d5e8f6251bbb9464b5036bd0','[\"a81494809cfd9061c6a933234ae5a8b4\"]'),('sorl-thumbnail||image||345879c3a82f7c8ad050f827d18797f4','{\"storage\": \"django.core.files.storage.FileSystemStorage\", \"name\": \"files/images/projects/kamalo_chc/gedc0204.jpg\", \"size\": [4000, 3000]}'),('sorl-thumbnail||image||720a7337d896c6bec03bcfe307e0e338','{\"storage\": \"django.core.files.storage.FileSystemStorage\", \"name\": \"cache/bb/7d/bb7d27eb01a9a01d01a789063848f18a.jpg\", \"size\": [336, 186]}'),('sorl-thumbnail||thumbnails||345879c3a82f7c8ad050f827d18797f4','[\"a1e98e5642b1a5233938a83319a6fb69\", \"720a7337d896c6bec03bcfe307e0e338\"]'),('sorl-thumbnail||image||3c5628734f5aaa657dbda17103fcb975','{\"storage\": \"django.core.files.storage.FileSystemStorage\", \"name\": \"cache/c7/63/c76350aca3284897242b8cf168f0920f.jpg\", \"size\": [456, 316]}'),('sorl-thumbnail||image||457421c7833a0aa745328cf755c1fb6a','{\"storage\": \"django.core.files.storage.FileSystemStorage\", \"name\": \"files/images/projects/kamalo_chc/gedc0362.jpg\", \"size\": [4000, 3000]}'),('sorl-thumbnail||image||cd1f54e5db1fb2195fdbbb40f9a09da3','{\"storage\": \"django.core.files.storage.FileSystemStorage\", \"name\": \"cache/4d/ab/4dabd53ec62f142d6f1ec0fadc4907b8.jpg\", \"size\": [456, 316]}'),('sorl-thumbnail||thumbnails||457421c7833a0aa745328cf755c1fb6a','[\"cd1f54e5db1fb2195fdbbb40f9a09da3\"]'),('sorl-thumbnail||image||a1e98e5642b1a5233938a83319a6fb69','{\"storage\": \"django.core.files.storage.FileSystemStorage\", \"name\": \"cache/dd/2e/dd2ef5563a153cce1fc1f3a07955eede.jpg\", \"size\": [456, 316]}'),('sorl-thumbnail||image||2fe37052a6b8c93904ebeadaf83a1807','{\"storage\": \"django.core.files.storage.FileSystemStorage\", \"name\": \"files/images/projects/kamalo_chc/gedc0375.jpg\", \"size\": [4000, 3000]}'),('sorl-thumbnail||image||4220d239a43fe2e4e0c9ea80c853a54e','{\"storage\": \"django.core.files.storage.FileSystemStorage\", \"name\": \"cache/27/2c/272c986bd6f95a561275c1b8c9fc7e9d.jpg\", \"size\": [456, 316]}'),('sorl-thumbnail||thumbnails||2fe37052a6b8c93904ebeadaf83a1807','[\"4220d239a43fe2e4e0c9ea80c853a54e\"]'),('sorl-thumbnail||image||d4f967aecf8fead07a526b61fbce8ffe','{\"storage\": \"django.core.files.storage.FileSystemStorage\", \"name\": \"files/images/projects/matru_jong_ccs/gedc0188.jpg\", \"size\": [4000, 3000]}'),('sorl-thumbnail||image||c37d0d107551a8c2cf84356a30742c54','{\"storage\": \"django.core.files.storage.FileSystemStorage\", \"name\": \"cache/c7/c4/c7c424633e31e1ce859115164e0d582f.jpg\", \"size\": [336, 186]}'),('sorl-thumbnail||thumbnails||d4f967aecf8fead07a526b61fbce8ffe','[\"c37d0d107551a8c2cf84356a30742c54\", \"fe0eb95c8d631a9156277c81046f490f\"]'),('sorl-thumbnail||image||fe0eb95c8d631a9156277c81046f490f','{\"storage\": \"django.core.files.storage.FileSystemStorage\", \"name\": \"cache/3e/d3/3ed3e806888276712bbef1b54b84fb52.jpg\", \"size\": [456, 316]}'),('sorl-thumbnail||image||9c43fd5170e0582491ae4fccdf5cd0fd','{\"storage\": \"django.core.files.storage.FileSystemStorage\", \"name\": \"files/images/projects/matru_jong_ccs/gedc0185.jpg\", \"size\": [3000, 4000]}'),('sorl-thumbnail||image||edb26e8357a492519d3945b2825db05c','{\"storage\": \"django.core.files.storage.FileSystemStorage\", \"name\": \"cache/b4/10/b410c8b1c13ee1473308436905f48032.jpg\", \"size\": [456, 316]}'),('sorl-thumbnail||thumbnails||9c43fd5170e0582491ae4fccdf5cd0fd','[\"edb26e8357a492519d3945b2825db05c\"]'),('sorl-thumbnail||image||216034aaed646b98f922af185712b1bd','{\"storage\": \"django.core.files.storage.FileSystemStorage\", \"name\": \"files/images/projects/matru_jong_ccs/gedc0190.jpg\", \"size\": [4000, 3000]}'),('sorl-thumbnail||image||c41dea018a7b0455b567d3097d18d63c','{\"storage\": \"django.core.files.storage.FileSystemStorage\", \"name\": \"cache/07/c1/07c1f950054727c70277e9de52f2f9bc.jpg\", \"size\": [456, 316]}'),('sorl-thumbnail||thumbnails||216034aaed646b98f922af185712b1bd','[\"c41dea018a7b0455b567d3097d18d63c\"]'),('sorl-thumbnail||image||66bcfb5e1d3c7c9e46708da1dcf88b34','{\"storage\": \"django.core.files.storage.FileSystemStorage\", \"name\": \"files/images/projects/kamabai_ccs/gedc0173.jpg\", \"size\": [4000, 3000]}'),('sorl-thumbnail||image||9277e24a77df4848ebdabde308c70fb8','{\"storage\": \"django.core.files.storage.FileSystemStorage\", \"name\": \"cache/30/74/3074eb2a7dcf12aa97a92e9f766e5544.jpg\", \"size\": [336, 186]}'),('sorl-thumbnail||thumbnails||66bcfb5e1d3c7c9e46708da1dcf88b34','[\"9277e24a77df4848ebdabde308c70fb8\", \"3837499d1b3698dd545336a276c287d4\"]'),('sorl-thumbnail||image||3837499d1b3698dd545336a276c287d4','{\"storage\": \"django.core.files.storage.FileSystemStorage\", \"name\": \"cache/3f/18/3f18901256c58ca11ffd7a98f38cf219.jpg\", \"size\": [456, 316]}'),('sorl-thumbnail||image||decd0fb688aa9345b2e3241ab93038b2','{\"storage\": \"django.core.files.storage.FileSystemStorage\", \"name\": \"files/images/projects/kamabai_ccs/gedc0145.jpg\", \"size\": [4000, 3000]}'),('sorl-thumbnail||image||c20f8a008df4271b66324e57dfbb288c','{\"storage\": \"django.core.files.storage.FileSystemStorage\", \"name\": \"cache/e0/b6/e0b6155a96560dbf2e8cd1dcb2d96946.jpg\", \"size\": [456, 316]}'),('sorl-thumbnail||thumbnails||decd0fb688aa9345b2e3241ab93038b2','[\"c20f8a008df4271b66324e57dfbb288c\"]'),('sorl-thumbnail||image||f9d7665daf1abb1f3bafa5c204d9e7f3','{\"storage\": \"django.core.files.storage.FileSystemStorage\", \"name\": \"files/images/projects/kamabai_ccs/gedc0142.jpg\", \"size\": [4000, 3000]}'),('sorl-thumbnail||image||36731318522e62f2462cc170279048e8','{\"storage\": \"django.core.files.storage.FileSystemStorage\", \"name\": \"cache/86/65/8665010926f4bae91e2044ca5fb31fa4.jpg\", \"size\": [456, 316]}'),('sorl-thumbnail||thumbnails||f9d7665daf1abb1f3bafa5c204d9e7f3','[\"36731318522e62f2462cc170279048e8\"]'),('sorl-thumbnail||image||14b1330caef4bc7ee1d75cfeab0e018b','{\"storage\": \"django.core.files.storage.FileSystemStorage\", \"name\": \"files/images/projects/kamabai_ccs/gedc0169.jpg\", \"size\": [4000, 3000]}'),('sorl-thumbnail||image||e125fa3e75c9455eac0e5b9fcf3009ac','{\"storage\": \"django.core.files.storage.FileSystemStorage\", \"name\": \"cache/fe/54/fe54305f85185131224357769ccb8a69.jpg\", \"size\": [456, 316]}'),('sorl-thumbnail||thumbnails||14b1330caef4bc7ee1d75cfeab0e018b','[\"e125fa3e75c9455eac0e5b9fcf3009ac\"]'),('sorl-thumbnail||image||d64a388dff76138111863fa390a8ab51','{\"storage\": \"django.core.files.storage.FileSystemStorage\", \"name\": \"files/images/projects/kamabai_ccs/gedc0155.jpg\", \"size\": [4000, 3000]}'),('sorl-thumbnail||image||4f311b4f38fc7c793218790c98421468','{\"storage\": \"django.core.files.storage.FileSystemStorage\", \"name\": \"cache/65/4e/654e581260b3c11a0f03ead68091a8b1.jpg\", \"size\": [456, 316]}'),('sorl-thumbnail||thumbnails||d64a388dff76138111863fa390a8ab51','[\"4f311b4f38fc7c793218790c98421468\"]'),('sorl-thumbnail||image||024db7c5dad9ab66191ab1c5bb16042d','{\"storage\": \"django.core.files.storage.FileSystemStorage\", \"name\": \"files/images/projects/district_council_administrative_buildings/10.jpg\", \"size\": [1400, 937]}'),('sorl-thumbnail||image||cb8fd422eb63a8df409221de11bc704b','{\"storage\": \"django.core.files.storage.FileSystemStorage\", \"name\": \"cache/7f/0b/7f0be5ec41cfcfcfb29201eb102ac778.jpg\", \"size\": [336, 186]}'),('sorl-thumbnail||thumbnails||024db7c5dad9ab66191ab1c5bb16042d','[\"69d4911fce757e802a885870251ec84c\", \"cb8fd422eb63a8df409221de11bc704b\"]'),('sorl-thumbnail||image||69d4911fce757e802a885870251ec84c','{\"storage\": \"django.core.files.storage.FileSystemStorage\", \"name\": \"cache/a1/f2/a1f24eeba59212414804f27ab086766c.jpg\", \"size\": [456, 316]}'),('sorl-thumbnail||image||209e94af4971ee6aef787d146443b587','{\"storage\": \"django.core.files.storage.FileSystemStorage\", \"name\": \"files/images/projects/district_council_administrative_buildings/4.jpg\", \"size\": [1500, 1004]}'),('sorl-thumbnail||image||17089b838dfd8d8fa5ef79d077f40079','{\"storage\": \"django.core.files.storage.FileSystemStorage\", \"name\": \"cache/da/56/da561bdd2511312c5f401cc3a9756120.jpg\", \"size\": [456, 316]}'),('sorl-thumbnail||thumbnails||209e94af4971ee6aef787d146443b587','[\"17089b838dfd8d8fa5ef79d077f40079\"]'),('sorl-thumbnail||image||d2aa12a36d83729f9fae76bd9b00814e','{\"storage\": \"django.core.files.storage.FileSystemStorage\", \"name\": \"files/images/projects/district_council_administrative_buildings/1.jpg\", \"size\": [1500, 1004]}'),('sorl-thumbnail||image||4f46c5970226df37d9f7c8d48160be17','{\"storage\": \"django.core.files.storage.FileSystemStorage\", \"name\": \"cache/b4/d4/b4d4e0d1176bdbd79f50f01e29155c41.jpg\", \"size\": [456, 316]}'),('sorl-thumbnail||thumbnails||d2aa12a36d83729f9fae76bd9b00814e','[\"4f46c5970226df37d9f7c8d48160be17\"]'),('sorl-thumbnail||image||e5656b5eb0827d5ca19c6f101bbbe7c9','{\"storage\": \"django.core.files.storage.FileSystemStorage\", \"name\": \"files/images/projects/district_council_administrative_buildings/5.jpg\", \"size\": [1400, 937]}'),('sorl-thumbnail||image||af674ee1619bf92856f97cdb04733d6c','{\"storage\": \"django.core.files.storage.FileSystemStorage\", \"name\": \"cache/6d/c9/6dc9e3b9055f8d023b023a845e7460e0.jpg\", \"size\": [456, 316]}'),('sorl-thumbnail||thumbnails||e5656b5eb0827d5ca19c6f101bbbe7c9','[\"af674ee1619bf92856f97cdb04733d6c\"]'),('sorl-thumbnail||image||6b2ad43ecc51621fc66e56da70f1faea','{\"storage\": \"django.core.files.storage.FileSystemStorage\", \"name\": \"files/images/projects/district_council_administrative_buildings/17.jpg\", \"size\": [1200, 803]}'),('sorl-thumbnail||image||458a0e294d23d838e6866de1061f7cee','{\"storage\": \"django.core.files.storage.FileSystemStorage\", \"name\": \"cache/02/a7/02a72fea9a2062ee9ae6872271d9c7f0.jpg\", \"size\": [456, 316]}'),('sorl-thumbnail||thumbnails||6b2ad43ecc51621fc66e56da70f1faea','[\"458a0e294d23d838e6866de1061f7cee\"]'),('sorl-thumbnail||image||e00a5be5239c8de797ae9ffece6a5a2d','{\"storage\": \"django.core.files.storage.FileSystemStorage\", \"name\": \"files/images/projects/st_martins_orphanage/gedc0209.jpg\", \"size\": [1024, 768]}'),('sorl-thumbnail||image||02b88b158fc3cfa4f5546316c8adec15','{\"storage\": \"django.core.files.storage.FileSystemStorage\", \"name\": \"cache/28/a3/28a356308be039be8dfa72cbc351a7f5.jpg\", \"size\": [456, 316]}'),('sorl-thumbnail||thumbnails||e00a5be5239c8de797ae9ffece6a5a2d','[\"02b88b158fc3cfa4f5546316c8adec15\", \"538c9e7469437efb459dcddd2e98c254\"]'),('sorl-thumbnail||image||cec81acc9c3c1a0bcc35a9992a4cd06d','{\"storage\": \"django.core.files.storage.FileSystemStorage\", \"name\": \"files/images/projects/st_martins_orphanage/pict0587.jpg\", \"size\": [2592, 1944]}'),('sorl-thumbnail||image||2b035dcaa6bb4c108fcecd249d643f9f','{\"storage\": \"django.core.files.storage.FileSystemStorage\", \"name\": \"cache/c8/f0/c8f0414cbcd86e60f4ca7e23ecdf6bfb.jpg\", \"size\": [456, 316]}'),('sorl-thumbnail||thumbnails||cec81acc9c3c1a0bcc35a9992a4cd06d','[\"2b035dcaa6bb4c108fcecd249d643f9f\"]'),('sorl-thumbnail||image||9e987d2f9cce4c634e333f15716c7977','{\"storage\": \"django.core.files.storage.FileSystemStorage\", \"name\": \"files/images/projects/st_martins_orphanage/gedc0203.jpg\", \"size\": [1024, 768]}'),('sorl-thumbnail||image||58a62271defe3d45523ddfceeff13917','{\"storage\": \"django.core.files.storage.FileSystemStorage\", \"name\": \"cache/75/e1/75e162156530d1f91bde3856cd86548e.jpg\", \"size\": [456, 316]}'),('sorl-thumbnail||thumbnails||9e987d2f9cce4c634e333f15716c7977','[\"58a62271defe3d45523ddfceeff13917\"]'),('sorl-thumbnail||image||189bbf8b349953e752b7cfac9d0d7702','{\"storage\": \"django.core.files.storage.FileSystemStorage\", \"name\": \"files/images/projects/st_martins_orphanage/pict0622.jpg\", \"size\": [2592, 1944]}'),('sorl-thumbnail||image||79498ac32cf5d873cbc2fa943a970e68','{\"storage\": \"django.core.files.storage.FileSystemStorage\", \"name\": \"cache/1d/38/1d38f3723c3277eea92fc9d32592c274.jpg\", \"size\": [456, 316]}'),('sorl-thumbnail||thumbnails||189bbf8b349953e752b7cfac9d0d7702','[\"79498ac32cf5d873cbc2fa943a970e68\"]'),('sorl-thumbnail||image||e45a64971fce6e117c6104780ad1dc32','{\"storage\": \"django.core.files.storage.FileSystemStorage\", \"name\": \"files/images/projects/st_martins_orphanage/gedc0217.jpg\", \"size\": [1024, 768]}'),('sorl-thumbnail||image||42c4f8afd1cb3550ee52e63aa7871cfb','{\"storage\": \"django.core.files.storage.FileSystemStorage\", \"name\": \"cache/3c/b1/3cb1ea0967dc3d24acaceff9b8fd126a.jpg\", \"size\": [456, 316]}'),('sorl-thumbnail||thumbnails||e45a64971fce6e117c6104780ad1dc32','[\"42c4f8afd1cb3550ee52e63aa7871cfb\"]'),('sorl-thumbnail||image||538c9e7469437efb459dcddd2e98c254','{\"storage\": \"django.core.files.storage.FileSystemStorage\", \"name\": \"cache/d3/26/d3265cd402f492e07bb6342c3c5f7263.jpg\", \"size\": [336, 186]}'),('sorl-thumbnail||image||fa401cf16bb0156a0db519b7544621ca','{\"storage\": \"django.core.files.storage.FileSystemStorage\", \"name\": \"cache/33/d5/33d542f56dbcdfe6f71496fd6fe675fd.jpg\", \"size\": [576, 314]}'),('sorl-thumbnail||image||1481a9ec2be205f96f7858bae9cd98e3','{\"storage\": \"django.core.files.storage.FileSystemStorage\", \"name\": \"cache/51/15/511512ae83a122895fd83f290bcdb0ac.jpg\", \"size\": [576, 314]}'),('sorl-thumbnail||image||bf57b7821be7c885468cefe0983515e5','{\"storage\": \"django.core.files.storage.FileSystemStorage\", \"name\": \"cache/ac/b0/acb0676e566aa17a6997d29d46fec4e0.jpg\", \"size\": [576, 314]}');
/*!40000 ALTER TABLE `thumbnail_kvstore` ENABLE KEYS */;
UNLOCK TABLES;

--
-- Table structure for table `zinnia_category`
--

DROP TABLE IF EXISTS `zinnia_category`;
SET @saved_cs_client     = @@character_set_client;
SET character_set_client = utf8;
CREATE TABLE `zinnia_category` (
  `slug` varchar(255) NOT NULL,
  `description` longtext NOT NULL,
  `id` int(11) NOT NULL auto_increment,
  `title` varchar(255) NOT NULL,
  `parent_id` int(11) default NULL,
  `lft` int(10) unsigned NOT NULL,
  `rght` int(10) unsigned NOT NULL,
  `tree_id` int(10) unsigned NOT NULL,
  `level` int(10) unsigned NOT NULL,
  PRIMARY KEY  (`id`),
  UNIQUE KEY `zinnia_category_slug_uniq` (`slug`),
  KEY `zinnia_category_56ae2a2a` (`slug`),
  KEY `zinnia_category_63f17a16` (`parent_id`),
  KEY `zinnia_category_42b06ff6` (`lft`),
  KEY `zinnia_category_6eabc1a6` (`rght`),
  KEY `zinnia_category_102f80d8` (`tree_id`),
  KEY `zinnia_category_2a8f42e8` (`level`)
) ENGINE=MyISAM AUTO_INCREMENT=6 DEFAULT CHARSET=latin1;
SET character_set_client = @saved_cs_client;

--
-- Dumping data for table `zinnia_category`
--

LOCK TABLES `zinnia_category` WRITE;
/*!40000 ALTER TABLE `zinnia_category` DISABLE KEYS */;
INSERT INTO `zinnia_category` VALUES ('projects','',3,'Projects',NULL,1,2,3,0);
/*!40000 ALTER TABLE `zinnia_category` ENABLE KEYS */;
UNLOCK TABLES;

--
-- Table structure for table `zinnia_entry`
--

DROP TABLE IF EXISTS `zinnia_entry`;
SET @saved_cs_client     = @@character_set_client;
SET character_set_client = utf8;
CREATE TABLE `zinnia_entry` (
  `status` int(11) NOT NULL default '0',
  `last_update` datetime NOT NULL default '2011-04-13 14:12:20',
  `comment_enabled` tinyint(1) NOT NULL default '1',
  `tags` varchar(255) NOT NULL,
  `image` varchar(100) NOT NULL,
  `title` varchar(255) NOT NULL,
  `excerpt` longtext NOT NULL,
  `slug` varchar(255) NOT NULL,
  `content` longtext NOT NULL,
  `end_publication` datetime NOT NULL default '2042-03-15 00:00:00',
  `start_publication` datetime NOT NULL default '2011-04-13 14:12:20',
  `creation_date` datetime NOT NULL default '2011-04-13 14:12:20',
  `id` int(11) NOT NULL auto_increment,
  `pingback_enabled` tinyint(1) NOT NULL default '1',
  `login_required` tinyint(1) NOT NULL,
  `password` varchar(50) NOT NULL,
  `template` varchar(250) NOT NULL,
  `featured` tinyint(1) NOT NULL,
  PRIMARY KEY  (`id`),
  KEY `zinnia_entry_56ae2a2a` (`slug`)
) ENGINE=MyISAM AUTO_INCREMENT=63 DEFAULT CHARSET=latin1;
SET character_set_client = @saved_cs_client;

--
-- Dumping data for table `zinnia_entry`
--

LOCK TABLES `zinnia_entry` WRITE;
/*!40000 ALTER TABLE `zinnia_entry` DISABLE KEYS */;
INSERT INTO `zinnia_entry` VALUES (2,'2011-05-02 10:33:00',1,'','','EFO\'s website is released!!!','Our website is now ready for the public, please look through and give feedback. All the best, The EFO Team','efos-website-is-released','Our website is now ready for the public, please look through and give feedback. All the best, The EFO Team','2042-03-15 00:00:00','2009-07-22 17:53:16','2009-07-22 17:53:16',2,0,0,'','zinnia/entry_detail.html',0),(2,'2011-05-02 10:33:00',1,'','','New EFO Logo!','EFO now has a logo, thanks to the graphic genius of Junior Valler. Check out more of his work at: www.juniorvaller.com','new-efo-logo','EFO now has a logo, thanks to the graphic genius of Junior Valler. Check out more of his work at:\n\n<a title=\"Junior Valler\" href=\"http://www.juniorvaller.com\" target=\"_blank\">www.juniorvaller.com</a>\n\n<img title=\"logo_red\" src=\"http://www.energyforopportunity.org/wp-content/uploads/2009/03/logo_red.gif\" alt=\"logo_red\" width=\"532\" height=\"232\" />','2042-03-15 00:00:00','2009-07-22 17:54:21','2009-07-22 17:54:21',3,0,0,'','zinnia/entry_detail.html',0),(2,'2011-05-02 10:33:00',1,'','','Solar Installation Video','Simon Willans, EFO\'s Executive Director, discussing a UNHCR funded solar project conducted in Liberia, that was implemented while he working for the Environmental Foundation for Africa.','solar-installation-video','Simon Willans, EFO\'s Executive Director, discussing a UNHCR funded solar project conducted in Liberia, that was implemented while he working for the Environmental Foundation for Africa.\n\n<object classid=\"clsid:d27cdb6e-ae6d-11cf-96b8-444553540000\" width=\"425\" height=\"344\" codebase=\"http://download.macromedia.com/pub/shockwave/cabs/flash/swflash.cab#version=6,0,40,0\"><param name=\"allowFullScreen\" value=\"true\" /><param name=\"allowscriptaccess\" value=\"always\" /><param name=\"src\" value=\"http://www.youtube.com/v/o5roWBS2eo8&amp;hl=en&amp;fs=1\" /><param name=\"allowfullscreen\" value=\"true\" /><embed type=\"application/x-shockwave-flash\" width=\"425\" height=\"344\" src=\"http://www.youtube.com/v/o5roWBS2eo8&amp;hl=en&amp;fs=1\" allowscriptaccess=\"always\" allowfullscreen=\"true\"></embed></object>','2042-03-15 00:00:00','2009-07-22 17:55:17','2009-07-22 17:55:17',4,0,0,'','zinnia/entry_detail.html',0),(2,'2011-05-02 10:33:00',1,'','','EFO\'s Africa Rural Connect Idea','Endorse EFO\'s idea at Africa Rural Connect (@ideasforafrica) and help us start a #solar powered energy revolution across West Africa. See the idea at http://arc.peacecorpsconnect.org/view/327/ All you need to do is log in and endorse the project (if you think it is a good idea of course). Thanks for your ...','efos-africa-rural-connect-idea','Endorse EFO\'s idea at Africa Rural Connect (@ideasforafrica) and help us start a #solar powered energy revolution across West Africa. See the idea at <a href=\"http://arc.peacecorpsconnect.org/view/327/\" target=\"_blank\">http://arc.peacecorpsconnect.org/view/327/</a> All you need to do is log in and endorse the project (if you think it is a good idea of course).\n<p style=\"text-align: center;\"><img class=\"size-full wp-image-26 aligncenter\" title=\"Module at Saclopea, Liberia\" src=\"http://www.energyforopportunity.org/wp-content/uploads/2009/03/module1.jpg\" alt=\"Module at Saclopea, Liberia\" width=\"220\" height=\"165\" /></p>\n<p style=\"text-align: center;\">Thanks for your support,</p>\n<p style=\"text-align: center;\">The EFO Team</p>','2042-03-15 00:00:00','2009-07-22 22:01:24','2009-07-22 22:01:24',5,0,0,'','zinnia/entry_detail.html',0),(2,'2011-05-02 10:33:01',1,'','','WEST AFRICAN SOLAR REVOLUTION','EFO has now reached 50 endorsements for its West #Africa #Solar Revolution idea. Thanks for all those that have supported us, and remember if you haven\'t already it is not too late to endorse the idea: http://arc.peacecorpsconnect.org/view/327','west-african-solar-revolution','EFO has now reached 50 endorsements for its West #Africa #Solar Revolution idea. Thanks for all those that have supported us, and remember if you haven\'t already it is not too late to endorse the idea: <a href=\"http://arc.peacecorpsconnect.org/view/327\" target=\"_blank\">http://arc.peacecorpsconnect.org/view/327</a>','2042-03-15 00:00:00','2009-08-06 00:48:02','2009-08-06 00:48:02',6,0,0,'','zinnia/entry_detail.html',0),(2,'2011-05-02 10:33:01',1,'','','Africa Rural Connect','We are now have over 100 endorsements, thanks for supporting our attempts to start a solar revolution in West Africa: http://arc.peacecorpsconnect.org/view/327/','africa-rural-connect','<img class=\"alignright size-full wp-image-1065\" title=\"Solar Tiwai\" src=\"http://www.energyforopportunity.org/wp-content/uploads/2009/08/Solar-Tiwai.jpg\" alt=\"Solar Tiwai\" width=\"300\" height=\"226\" />We are now have over 100 endorsements, thanks for supporting our attempts to start a solar revolution in West Africa: <a href=\"http://arc.peacecorpsconnect.org/view/327/\" target=\"_blank\">http://arc.peacecorpsconnect.org/view/327/</a>\n<p style=\"text-align: justify;\"></p>\n<p style=\"text-align: justify;\"></p>\n<p style=\"text-align: justify;\"></p>\n<p style=\"text-align: justify;\"></p>\n<p style=\"text-align: justify;\"></p>\n<p style=\"text-align: justify;\"></p>\n<p style=\"text-align: justify;\"></p>\n<p style=\"text-align: justify;\"></p>\n<p style=\"text-align: justify;\"></p>\n<p style=\"text-align: justify;\"></p>\n<p style=\"text-align: justify;\"></p>\n<p style=\"text-align: justify;\"></p>\n<p style=\"text-align: justify;\"></p>\n<p style=\"text-align: justify;\"></p>\n<p style=\"text-align: justify;\"></p>\n<p style=\"text-align: justify;\"></p>','2042-03-15 00:00:00','2009-08-10 23:15:08','2009-08-10 23:15:08',7,0,0,'','zinnia/entry_detail.html',0),(2,'2011-05-02 10:33:01',1,'','','Africa Rural Connect Prize!','Energy For Opportunity has won an ARC prize for its idea, \'Create A Solar Powered Revolution Across West Africa\'. This grant will help us to get our programme up and running in the region and has been an excellent way to receive feedback and exposure for the organisation and our ...','africa-rural-connect-prize','<a style=\"color: #17485d; text-decoration: underline; padding: 0px; margin: 0px;\" title=\"Home\" href=\"http://arc.peacecorpsconnect.org/\"><img style=\"padding: 0px; margin: 0px; border: 0px none initial;\" src=\"http://arc.peacecorpsconnect.org/sites/all/themes/arc/images/site_logo_big.png\" alt=\"Logo\" /></a>\n\nEnergy For Opportunity has won an ARC prize for its idea, \'Create A Solar Powered Revolution Across West Africa\'. This grant will help us to get our programme up and running in the region and has been an excellent way to receive feedback and exposure for the organisation and our plans. Thanks to all of those who supported the idea and gave us their endorsement, we really appreciate all of the help we have been receiving!\n\nTo hear Paul talk a bit more about the project go to the following link, <a href=\"http://arc.peacecorpsconnect.org/node/380\">http://arc.peacecorpsconnect.org/node/380</a>\n\nWe have also added a second project idea that is eligible for this monthly prize, it can be seen at <a href=\"http://arc.peacecorpsconnect.org/view/573/village-power-the-community-charging-station\">http://arc.peacecorpsconnect.org/view/573/village-power-the-community-charging-station</a>','2042-03-15 00:00:00','2009-08-26 21:01:27','2009-08-26 21:01:27',8,0,0,'','zinnia/entry_detail.html',0),(2,'2011-05-02 10:33:01',1,'','','EFO and Inveneo to help power Microfinance in Sierra leone','EFO and Inveneo (http://inveneo.org/) will team up to supply power and ICT infrastructure to two local Microfinance Institutes in Sierra Leone. The project will partner with HOPE Micro and the Association for Rural Development (ARD) and result in ICT equipment and solar installations for their various offices. EFO will be ...','efo-and-inveneo-to-help-power-microfinance-in-sierra-leone','<p style=\"text-align: justify;\">EFO and Inveneo (<a href=\"http://inveneo.org/\">http://inveneo.org/</a>)will team up to supply power and ICT infrastructure to two local Microfinance Institutes in Sierra Leone. The project will partner with HOPE Micro and the Association for Rural Development (ARD) and result in ICT equipment and solar installations for their various offices. EFO will be directly responsible for two solar installations in the Makeni offices and installing back-up and other power equipment for the offices in Freetown. Students from the training programme at Government Technical Institute will also be involved and gain valuable practical experience from this project.</p>','2042-03-15 00:00:00','2009-09-09 19:57:04','2009-09-09 19:57:04',9,0,0,'','zinnia/entry_detail.html',0),(2,'2011-05-02 10:33:01',1,'','','EFO Update - October 2009','','efo-update-october-2009','<a href=\"http://www.energyforopportunity.org/wp-content/uploads/2009/10/EFO-Update-October-2009.pdf\" target=\"_blank\"><img class=\"alignleft size-full wp-image-1086\" title=\"EFO Update October 2009\" src=\"http://www.energyforopportunity.org/wp-content/uploads/2009/10/EFONews.jpg\" alt=\"EFO Update October 2009\" width=\"151\" height=\"179\" /></a>\n<p style=\"text-align: justify;\"></p>\n<p style=\"text-align: justify;\"></p>\n<p style=\"text-align: justify;\"></p>\n<p style=\"text-align: justify;\"></p>\n<p style=\"text-align: justify;\"></p>\n<p style=\"text-align: justify;\"></p>\n<p style=\"text-align: justify;\"></p>\n<p style=\"text-align: justify;\"></p>\n<p style=\"text-align: justify;\"></p>\n<p style=\"text-align: justify;\"></p>\n<p style=\"text-align: justify;\"></p>\n<p style=\"text-align: justify;\"></p>\n<p style=\"text-align: justify;\"></p>\n<p style=\"text-align: justify;\"></p>\n<p style=\"text-align: justify;\"></p>\n<p style=\"text-align: justify;\"></p>','2042-03-15 00:00:00','2009-10-04 21:07:34','2009-10-04 21:07:34',10,0,0,'','zinnia/entry_detail.html',0),(2,'2011-05-02 10:33:01',1,'','','Updates From the Field...','Updates From the Field Its been over three weeks since I got back to Sierra Leone and jumped into the process of getting EFO up and running here. It has certainly been a busy time, sometimes frustrating, often exhausting but ultimately successful and things are really moving forward. The very ...','updates-from-the-field','<p align=\"center\"><strong>Updates From the Field</strong></p>\n\nIts been over three weeks since I got back to Sierra Leone and jumped into the process of getting EFO up and running here. It has certainly been a busy time, sometimes frustrating, often exhausting but ultimately successful and things are really moving forward.\n\nThe very first week back I headed up-line to try and secure registration for EFO in Bombali and Koinadugu Districts, our two planned focus areas. A friend of mine had been working on the national level registration but the main body responsible for this seems to be unsure when they will start registering new organisations and suggested the local route. So off we went, with a couple of vague contacts, some fry-fry and a few bundles of water. After two long days on the road, going back and forth between council offices, chiefs houses and other random pit stops we successfully got both registrations and are now officially registered as a Non-Governmental Organisation in both Districts. We are still chasing the national level registration as it gives you much more legitimacy and also allows you to import equipment much more simply but for now at least we can work!\n\nDuring the trip I managed to fit in two site visits for the Inveneo project and also meet with staff from CAUSE Canada about possible future collaboration. The Inveneo project came about while I was back in Canada and this was my first time seeing the sites to really get an idea of what the work will look like. Some things were much worse than hoped, ie no actual wiring in the one building, but overall we can fit in the solar power very easily and it will certainly help out both organisations. I had done some work for CAUSE when I was with EFA and we are discussing some possible links between their microfinance work and various solar electricity options, if we can get the concept right it can be a great fit.\n\nBack in Freetownthe last two weeks have been filled with planning, meetings and general running around. Unfortunately, the house/temporary office isnt quite ready for occupancy so Ive been running things from a guesthouse with a cell phone modem. Luckily, this guesthouse is on the beach which means good views, fresh fish and the option to go swimming at any time but also comes with a lot of distractions. Ive attached a few pictures of the place, you can see it isnt too bad really but I will be very happy to get into a more permanent home. Hopefully the house/office will be finished this week and I can get settled in properly.\n\nOn the work side we are making our preparations for the training programme at GTI and there should be two solar electricity courses being taught this year. The introductory class will be taught by one of the GTI staff who I trained last year and I will be back in the classroom in January teaching an Advanced Design class. Solar Energy International (<a href=\"http://www.solarenergy.org/\">http://www.solarenergy.org/</a>) has been extremely supportive of the programme and has provided two partial scholarships, some textbooks and is also helping arrange the Biofuels trainer who will come over near the end of the school year. We have also secured our second project, providing the solar electricity system for an installation at an orphanage in Kamakwie. This is a bit of a rush and is expected to happen in late November, but once again will be an excellent project to be involved with.\n\nThats about where we are these days. There are all sorts of potential opportunities coming up and with the hope of finally securing our charitable status in Canada we can really make a push on the fundraising front which will allow us to get some significant work done this year. Ill try to keep the updates cominglook for some early next week from our installations in Makeni.\n\n<img class=\"size-medium wp-image-1136\" title=\"View From the Office\" src=\"http://www.energyforopportunity.org/wp-content/uploads/2009/10/Office-front-view-2-300x225.jpg\" alt=\"View From the Office\" width=\"300\" height=\"225\" /> <img class=\"size-medium wp-image-1138\" title=\"Office main 1\" src=\"http://www.energyforopportunity.org/wp-content/uploads/2009/10/Office-main-1-300x225.jpg\" alt=\"Office main 1\" width=\"300\" height=\"225\" />','2042-03-15 00:00:00','2009-10-19 19:26:54','2009-10-19 19:26:54',11,0,0,'','zinnia/entry_detail.html',0),(2,'2011-05-02 10:33:01',1,'','','Makeni installations are complete!','This past weekend we traveled up to Makeni to do the first two installations as EFO! It was a tough few days of work but we finished everything and can start building on this initial work. Take a look at the Facebook Event page (http://www.facebook.com/event.php?eid=158386898739) we were updating throughout the ...','makeni-installations-are-complete','This past weekend we traveled up to Makeni to do the first two installations as EFO! It was a tough few days of work but we finished everything and can start building on this initial work. Take a look at the Facebook Event page (<a href=\"http://www.facebook.com/event.php?eid=158386898739\">http://www.facebook.com/event.php?eid=158386898739</a>)we were updating throughout the weekend to see the progress of the work. To see the pictures in order start with 31 and work backwards. Special thanks to the incredible four man team...all former students of mine at GTI; Chernor Jalloh, Mohamed Kabba Turay, Anthony Sahr and Philip Lawundeh. Also to Tommy Franklyn, our driver, pit digger, food collector, equipment security guard, module lifter and general assistant.','2042-03-15 00:00:00','2009-10-26 18:04:03','2009-10-26 18:04:03',12,0,0,'','zinnia/entry_detail.html',0),(2,'2011-05-02 10:33:01',1,'','','Formal Certification','Energy For Opportunity is pleased to announce that its Executive Director, Simon Willans, has successfully completed the North American Board of Certified Energy Practitioners (NABCEP) certification process and is now a fully registered Solar Photovoltaic Installer. The North American Board of Certified Energy Practitioners (NABCEP) is a volunteer board of ...','formal-certification','<p style=\"text-align: justify;\"><img class=\"alignright size-full wp-image-1149\" title=\"NABCEP Certificate (03NO09)\" src=\"http://www.energyforopportunity.org/wp-content/uploads/2009/11/NABCEP-Certificate-03NO09.jpg\" alt=\"NABCEP Certificate (03NO09)\" width=\"256\" height=\"196\" />Energy For Opportunity is pleased to announce that its Executive Director, Simon Willans, has successfully completed the North American Board of Certified Energy Practitioners (NABCEP) certification process and is now a fully registered Solar Photovoltaic Installer. <span><span style=\"color: black;\">The North American Board of Certified Energy Practitioners (NABCEP) is a volunteer board of renewable energy stakeholder representatives that includes representatives of the solar industry, NABCEP certificants, renewable energy organizations, state policy makers, educational institutions, and the trades</span> and</span> is the most widely recognised certification body for solar energy professionals in North America. Simon becomes one of only six people registered in Canada through the NABCEP process. For more on the NABCEP process and the organisation, please refer to their website, <a href=\"http://www.nabcep.org/\" target=\"_blank\">http://www.nabcep.org/</a></p>\n<p style=\"text-align: justify;\"></p>\n<p style=\"text-align: justify;\"></p>\n<p style=\"text-align: justify;\"></p>\n<p style=\"text-align: justify;\"></p>\n<p style=\"text-align: justify;\"></p>\n<p style=\"text-align: justify;\"></p>','2042-03-15 00:00:00','2009-11-03 20:43:45','2009-11-03 20:43:45',13,0,0,'','zinnia/entry_detail.html',0),(2,'2011-05-02 10:33:01',1,'','','Energy for Opportunity Update','Partnership with Princeton University EFO is happy to announce that that it has recently become a participating partner in Princeton Universitys International Internship Program. Starting from next year, EFO will be receiving Princeton student interns at its office Sierra Leone, who will be conducting research and work that contributes to ...','energy-for-opportunity-update','<h3 style=\"text-align: justify;\">Partnership with Princeton University</h3>\n<p style=\"text-align: justify;\"><a href=\"http://www.princeton.edu\" target=\"_blank\"><img class=\"alignright size-full wp-image-1161\" title=\"Princeton University\" src=\"http://www.energyforopportunity.org/wp-content/uploads/2009/11/Princeton.jpg\" alt=\"Princeton University\" width=\"202\" height=\"76\" /></a>EFO is happy to announce that that it has recently become a participating partner in Princeton Universitys <a href=\"http://www.princeton.edu/oip/home/\" target=\"_blank\">International Internship Program</a>. Starting from next year, EFO will be receiving Princeton student interns at its office Sierra Leone, who will be conducting research and work that contributes to EFOs overall program and objectives. Specifically the Princeton interns will be involved in carrying out socio-economic research in EFOs target regions, monitoring and evaluating previous EFO projects or designing specific solar power systems to be tested in the field. The partnership is an excellent opportunity for EFO, as Princeton University is one of the worlds leading academic institutions, meaning the student interns will be of extremely high caliber.</p>\n<p style=\"text-align: justify;\"></p>\n\n<h3 style=\"text-align: justify;\"><a href=\"http://gsmworld.com\" target=\"_blank\"><img class=\"alignright size-full wp-image-1167\" title=\"GMSA\" src=\"http://www.energyforopportunity.org/wp-content/uploads/2009/11/GMSA.jpg\" alt=\"GMSA\" width=\"92\" height=\"92\" /></a></h3>\n<h3 style=\"text-align: justify;\">Publication</h3>\n<p style=\"text-align: justify;\">EFO has been a recent contributor to the GSM World publication <a href=\"http://gsmworld.com/documents/charging_choices.pdf\" target=\"_blank\">Green Power For Mobile: Charging Choices: Off-grid charging solutions for mobile phones</a>.  The article is premised on the rapid mobile phone ownership expansion in recent years, particularly in Africa, and the specific question of how do mobile phone owners charge their phones if they dont have household access to electricity? The articles main analysis examining different innovative off-grid phone charging solutions with aid of different examples and ideas.</p>','2042-03-15 00:00:00','2009-11-27 06:28:48','2009-11-27 06:28:48',14,0,0,'','zinnia/entry_detail.html',0),(2,'2011-05-02 10:33:01',1,'','','Project #2 : Kamakwie Orphanage','Energy For Opportunity wrapped up our second project last week, installing a solar electricity system at an orphanage in Kamakwie, up in Northern Sierra Leone. Although the implementation was often a bit tricky it was one of those great projects to be part of, as in the end the orphanage ...','project-2-kamakwie-orphanage','Energy For Opportunity wrapped up our second project last week, installing a solar electricity system at an orphanage in Kamakwie, up in Northern Sierra Leone. Although the implementation was often a bit tricky it was one of those great projects to be part of, as in the end the orphanage has light and power for their new computer lab and cinema! The facebook link (<a href=\"http://www.facebook.com/event.php?eid=187368048769&amp;ref=mf\">http://www.facebook.com/event.php?eid=187368048769&amp;ref=mf</a>/)has a few pictures of the site and links to the two organisations funding and managing the project. There are plans to expand the system over the next year or two, so it will be great to track the progress and growth of the project.','2042-03-15 00:00:00','2009-12-13 10:13:57','2009-12-13 10:13:57',15,0,0,'','zinnia/entry_detail.html',0),(2,'2011-05-02 10:33:01',1,'','','Kamakwie ctd...','While up in Kamakwie for the Orphanage work, Energy For Opportunity staff managed to pay a quick visit to another upcoming project site. This project will be at the Wesleyan Secondary School and is being funded through the hard work and dedicated fund raising efforts of Leslie McKeon, a former ...','kamakwie-ctd','While up in Kamakwie for the Orphanage work, Energy For Opportunity staff managed to pay a quick visit to another upcoming project site. This project will be at the Wesleyan Secondary School and is being funded through the hard work and dedicated fund raising efforts of Leslie McKeon, a former Peace Corp volunteer who was located in Kamakwie. We have been working on the system design with Leslie for over a year but this was the first time we had actually been to the site.\n\nThe school serves as both a Junior and Senior Secondary school and operates on a shift basis, with JSS in the morning and SSS in the afternoon. There are over 1150 students and the school is also the regional testing site for allthree of the standardised tests that are part of the Sierra Leone school system. We received a very open welcome from the two Principals, Mr. Brima Conteh and Mr. Martin S. Kamara and they provided excellent input into the priority areas for the school and how best to secure the system.\n\n<img class=\"alignright size-medium wp-image-1187\" title=\"KSS#3\" src=\"http://www.energyforopportunity.org/wp-content/uploads/2009/12/KSS3-300x225.jpg\" alt=\"KSS#3\" width=\"300\" height=\"225\" /><img class=\"alignright size-medium wp-image-1185\" title=\"KSS#1\" src=\"http://www.energyforopportunity.org/wp-content/uploads/2009/12/KSS1-300x225.jpg\" alt=\"KSS#1\" width=\"300\" height=\"225\" />\n\nThe final planning is still underway but if all goes well we should be back up in Kamakwie in mid-February for this project. It is definitely going to have an immediate impact for the students and there are plans being developed on how the system can serve the greater community.','2042-03-15 00:00:00','2009-12-13 11:22:47','2009-12-13 11:22:47',16,0,0,'','zinnia/entry_detail.html',0),(2,'2011-05-02 10:33:01',1,'','','Kamabai - Planning...the not as exciting side of work','Fresh off our work in Kamakwie we made a quick side trip to Kamabai to do some overdue planning work. Kamabai and Kamakwie are likely to be our main two hubs of activity, as they are two of the largest Chiefdom Headquarter towns in Bombali District and home to two ...','kamabai-planningthe-not-as-exciting-side-of-work','Fresh off our work in Kamakwie we made a quick side trip to Kamabai to do some overdue planning work. Kamabai and Kamakwie are likely to be our main two hubs of activity, as they are two of the largest Chiefdom Headquarter towns in Bombali District and home to two of the three Senior Secondary Schools in the District outside Makeni. This was our first time in Kamabai, despite passing the village tens of times on the way to or from Kabala.\n\nWe were escorted to Kamabai by and old friend and work colleague from Lakka, Foday Presto Koroma who was born and raised in the village. His brother and his family gave us a place to stay, fed us and supplied us with the (soon to be) world famous Kamabai poyo. The next day we met with the acting Chief, PC Modi Brima, and other local stakeholders and elders. As always, we were given a warm welcome and quickly made to feel at home in the community. After our meeting we spent hours touring the community and surveying all of the major community structures that were identified as priority areas for electricity. This included the Secondary School, health centre, court barri, market and three primary schools. It was an exhausting day but a very, very productive one and hopefully the start of a successful partnership between EFO and the people of Biriwa Chiefdom.\n\nTo see some photos of the site visits go to our facebook page at <a href=\"http://www.facebook.com/group.php?gid=60927992298\">http://www.facebook.com/group.php?gid=60927992298</a>','2042-03-15 00:00:00','2009-12-15 08:56:04','2009-12-15 08:56:04',17,0,0,'','zinnia/entry_detail.html',0),(2,'2011-05-02 10:33:01',1,'','','80016 8551?!','What is this you ask...just the sweetest numbers ever to be heard by Energy For Opportunity! After almost 18 months and numerous exchanges with Revenue Canada, Energy For Opportunity is officially a Registered Canadian Charity. In addition to a whole binder of additional paperwork, it also means we are now ...','80016-8551','What is this you ask...just the sweetest numbers ever to be heard by Energy For Opportunity! After almost 18 months and numerous exchanges with Revenue Canada, Energy For Opportunity is officially a Registered Canadian Charity. In addition to a whole binder of additional paperwork, it also means we are now officially recognised by the Canadian government and with this we gain a much more legitimate profile both domestically and internationally. It also means we have the ability to issue tax receipts for any donations to our work, opening up huge areas of fundraising opportunities.','2042-03-15 00:00:00','2009-12-18 21:33:57','2009-12-18 21:33:57',18,0,0,'','zinnia/entry_detail.html',0),(2,'2011-05-02 10:33:01',1,'','','Update and new project','It has been a busy couple of months, so we have put together a two page update to inform everyone of EFO\'s recent goings on. Click here to view the update. Also we have a new project planned for next month, installing community solar charging stations in the Sierra Leonean ...','update-and-new-project','It has been a busy couple of months, so we have put together a two page update to inform everyone of EFO\'s recent goings on. Click <a href=\"http://www.energyforopportunity.org/wp-content/uploads/2009/12/EFO-Update-December-2009.pdf\" target=\"_blank\">here</a> to view the update.\n\nAlso we have a new project planned for next month, installing community solar charging stations in the Sierra Leonean districts of <a href=\"http://maps.google.com/maps?f=q&amp;source=s_q&amp;hl=en&amp;geocode=&amp;q=Kamabai&amp;sll=7.606444,-12.178984&amp;sspn=0.099538,0.181789&amp;ie=UTF8&amp;hq=&amp;hnear=Kamabai,+Bombali,+Northern+Province,+Sierra+Leone&amp;t=p&amp;z=15\" target=\"_blank\">Bombali</a> and <a href=\"http://maps.google.com/maps?f=q&amp;source=s_q&amp;hl=en&amp;geocode=&amp;q=Matru&amp;sll=7.526434,-12.50489&amp;sspn=0.398226,0.727158&amp;ie=UTF8&amp;hq=&amp;hnear=Matru,+Bonthe,+Southern+Province,+Sierra+Leone&amp;t=p&amp;z=13\" target=\"_blank\">Bonthe</a>. Christian Aid is kindly supplying the bulk of funding for this project, but we still need around US$3000 to make the project fully viable. Read more about the project <a href=\"http://www.energyforopportunity.org/wp-content/uploads/2009/12/Charging-Station-Information.pdf\">here</a> and if you can make a donation to help bring solar power to Sierra Leonean communities.','2042-03-15 00:00:00','2009-12-22 15:12:53','2009-12-22 15:12:53',19,0,0,'','zinnia/entry_detail.html',0),(2,'2011-05-02 10:33:01',1,'','','Funding Update...website donations','EFO would like to thank everyone who has donated to support our upcoming project! Through this generous support we have already received over $600 and are well on our way to our $3000 target. Over the holiday we continued to plan with the communities and will be starting work as ...','funding-updatewebsite-donations','EFO would like to thank everyone who has donated to support our upcoming project! Through this generous support we have already received over $600 and are well on our way to our $3000 target. Over the holiday we continued to plan with the communities and will be starting work as soon as the primary funding from our donor is received. Thanks to all and please check back for updates on this project and more.','2042-03-15 00:00:00','2010-01-06 18:34:18','2010-01-06 18:34:18',20,0,0,'','zinnia/entry_detail.html',0),(2,'2011-05-02 10:33:01',1,'','','EFO Radio Interview','Listen to EFO\'s director Simon Willans talking about our work on the CJAM 99.1 radio show : \"Make this your Canada\" hosted by Kieran McKenzie.','efo-radio-interview','<h4><a href=\"http://www.energyforopportunity.org/wp-content/uploads/2010/01/Cjam-Logo.png\"><img class=\"alignright size-medium wp-image-1363\" title=\"Cjam Logo\" src=\"http://www.energyforopportunity.org/wp-content/uploads/2010/01/Cjam-Logo-300x81.png\" alt=\"\" width=\"300\" height=\"81\" /></a><strong>Listen to EFO\'s director Simon Willans talking about our work on the <a href=\"http://cjamlog3.cjam.ca/\" target=\"_blank\">CJAM 99.1</a> radio show : \"Make this your Canada\" hosted by <a href=\"http://twitter.com/kieranmckenzie\" target=\"_blank\">Kieran McKenzie</a>.</strong></h4>\n<object classid=\"clsid:d27cdb6e-ae6d-11cf-96b8-444553540000\" width=\"400\" height=\"27\" codebase=\"http://download.macromedia.com/pub/shockwave/cabs/flash/swflash.cab#version=6,0,40,0\"><param name=\"bgcolor\" value=\"#ffffff\" /><param name=\"flashvars\" value=\"playerMode=embedded\" /><param name=\"src\" value=\"http://www.google.com/reader/ui/3247397568-audio-player.swf?audioUrl=http://cjamlog1.cjam.ca/mp3dirnew/72-Make_This_Your_Canada-20091230-1600-t1262188801.mp3\" /><param name=\"wmode\" value=\"window\" /><param name=\"quality\" value=\"best\" />\n\n<embed type=\"application/x-shockwave-flash\" width=\"400\" height=\"27\" src=\"http://www.google.com/reader/ui/3247397568-audio-player.swf?audioUrl=http://cjamlog1.cjam.ca/mp3dirnew/72-Make_This_Your_Canada-20091230-1600-t1262188801.mp3\" quality=\"best\" wmode=\"window\" flashvars=\"playerMode=embedded\" bgcolor=\"#ffffff\"></embed></object>','2042-03-15 00:00:00','2010-01-12 19:21:41','2010-01-12 19:21:41',21,0,0,'','zinnia/entry_detail.html',0),(2,'2011-05-02 10:33:01',1,'','','Kamakwie Bound','On February 15th, Energy For Opportunity will be heading back up to Kamakwie to work on an installation at the Kamakwie Secondary School. We are playing a supporting role in the project which has been driven by the dedicated efforts of Leslie McKeon, a former Peace Corp volunteer in Sierra ...','kamakwie-bound','<a href=\"http://www.energyforopportunity.org/wp-content/uploads/2010/02/KSS1.jpg\"><img class=\"alignright size-thumbnail wp-image-1409\" title=\"KSS#1\" src=\"http://www.energyforopportunity.org/wp-content/uploads/2010/02/KSS1-150x150.jpg\" alt=\"\" width=\"150\" height=\"150\" /></a>On February 15th, Energy For Opportunity will be heading back up to Kamakwie to work on an installation at the Kamakwie Secondary School. We are playing a supporting role in the project which has been driven by the dedicated efforts of Leslie McKeon, a former Peace Corp volunteer in Sierra Leone. Additional support has come from Friends Of Sierra Leone (www.fosalone.org) who provided much needed financial assistance and Nameste Solar (<a href=\"http://www.namastesolar.com/index.htm\">http://www.namastesolar.com/index.htm</a>)who donated the panels for the project.\n\nWe are really excited to be part of this project as it supports our efforts to help bring lighting and other power needs to the Secondary Schools in Bombali District. It also gives four of our current students from Government Technical Institute and the National Power Authority Training Centre a chance to get out and gain practical field experience and see a different part of the country.\n\nPlease keep checking back for other updates as we move into a very busy February and March!','2042-03-15 00:00:00','2010-02-06 20:16:22','2010-02-06 20:16:22',22,0,0,'','zinnia/entry_detail.html',0),(2,'2011-05-02 10:33:01',1,'','','Community Charging Station...coming soon!','After months of planning, meeting, planning and some more planning, Energy For Opportunity will be opening its first Community Charging Station at Kamabai. The system will be located next to the Main Market, providing a central point for people to charge lights, phones, etc and also providing light to the ...','community-charging-stationcoming-soon','After months of planning, meeting, planning and some more planning, Energy For Opportunity will be opening its first<a href=\"http://www.energyforopportunity.org/wp-content/uploads/2010/02/Market.jpg\"><img class=\"alignright size-thumbnail wp-image-1415\" title=\"Market\" src=\"http://www.energyforopportunity.org/wp-content/uploads/2010/02/Market-150x150.jpg\" alt=\"\" width=\"150\" height=\"150\" /></a>Community Charging Station at Kamabai. The system will be located next to the MainMarket, providing a central point for people to charge lights, phones, etc and also providing light to the market and the surrounding open area. The CCS will be operated and managed by the community, with all profit being reinvested in future solar projects, with the Secondary School as the first target. Solar powered lights will also be made available to community members either by rental, rent to own or purchase. These lights provide a clean alternative to kerosene and candles, at a reduced cost to the household. ENFO will remain strongly involved in the project, providing training, ongoing management support and maintenance to ensure that the CCS grows and the benefits of solar power expand. A special thanks to those who donated to this project and the organisation in general over the last two months, without that support it wouldn\'t have been possible.','2042-03-15 00:00:00','2010-02-11 10:40:36','2010-02-11 10:40:36',23,0,0,'','zinnia/entry_detail.html',0),(2,'2011-05-02 10:33:02',1,'','','Kamakwie Secondary School...now with solar power','It was a very, very tough week but it all came together and the Kamakwie Secondary School is now the proud owner of completely new wiring and more importantly a top of the line, 1530W solar electricity system! We had a tough first day as we ended up running around ...','kamakwie-secondary-schoolnow-with-solar-power','<p style=\"text-align: justify;\"><a href=\"http://www.energyforopportunity.org/wp-content/uploads/2010/02/Kamakwie-Team.jpg\"><img class=\"alignright size-full wp-image-1421\" title=\"Kamakwie Team\" src=\"http://www.energyforopportunity.org/wp-content/uploads/2010/02/Kamakwie-Team.jpg\" alt=\"\" width=\"130\" height=\"92\" /></a>It was a very, very tough week but it all came together and the Kamakwie Secondary School is now the proud owner of completely new wiring and more importantly a top of the line, 1530W solar electricity system! We had a tough first day as we ended up running around town picking up all the materials and got a very late start, resulting in the second vehicle not reaching until 11:30pm, with two fixed flat tires to its name. Despite that we started both the Community Centre and the School at 8am the next day and slowly hit our stride. We had four of the new crop of students with us, two from GTI and two from the NPA training centre, so it was a great opportunity to combine our programmes and get the students some first hand field work. It was great to see them improving as the week went along and really making a significant contribution to the work. We were also fortunate enough to get strong support from the school and the community. They provided us with accommodation and lunchtime food and a<a href=\"http://www.energyforopportunity.org/wp-content/uploads/2010/02/Kamakwie-Our-first-cutomers.jpg\"><img class=\"alignright size-full wp-image-1422\" title=\"Kamakwie - Our first cutomers\" src=\"http://www.energyforopportunity.org/wp-content/uploads/2010/02/Kamakwie-Our-first-cutomers.jpg\" alt=\"\" width=\"130\" height=\"97\" /></a> big group of students came out to help do the major digging and other not so glamorous but necessary tasks to get things done. In addition to the school project we managed to get the wiring done at the Community Centre and Hospital and will return in March or April to put in the solar power systems there. These are big projects and are covering the vital communal sites in the town and will hopefully bring substantial improvements to the community. It was a great experience being part of this tough installation and we look forward to getting back up to Kamakwie in the near future.</p>\n<p style=\"text-align: justify;\">With this wrapped up our attention shifts to the Community Charging Stations with the first of those slated for a Monday start. Updates to follow...</p>','2042-03-15 00:00:00','2010-02-24 02:49:28','2010-02-24 02:49:28',24,0,0,'','zinnia/entry_detail.html',0),(2,'2011-05-02 10:33:02',1,'','','Kamabai Community Charging Station launches!','As of about 7:25pm tonight the Kamabai Community Charging Station officially opened its doors to the public. It took just over a week of very hard work to build the kiosk and install the panels and distribution system and there are still a few small touch-ups to bring it to ...','kamabai-community-charging-station-launches','As of about 7:25pm tonight the Kamabai Community Charging Station officially opened its doors to the public. It took just over a week of very hard work to build the kiosk and install the panels and distribution system and there are still a few small touch-ups to bring it to its final stage but these are mostly cosmetic and will happen over the next few days. Mohamed is still at the site and will stay until Sunday, working with the local staff and giving basic training on solar power and the correct management of the system. It also gives him an extra few days to get out in the community and build up interest and understanding of the lights and lighting systems that are being introduced.\n\nThis isn\'t the end of our work in Kamabai or with the station as we will be making regular trips over the next two months to monitor its operations and build the necessary checks and balances into the system. The overall intent is to have this serve as a launching pad for the Chiefdom programme with the funds from this being used as community matches for future projects. Planning has already begun on a system for the Secondary School and hopefully this can be achieved in the next few months.\n\nA special thanks goes to all of those who donated to EFO over the last few months, this project would not have happened without those contributions!','2042-03-15 00:00:00','2010-03-10 20:51:17','2010-03-10 20:51:17',25,0,0,'','zinnia/entry_detail.html',0),(2,'2011-05-02 10:33:02',1,'','','Solar Water Pumping Course','ENFO recently welcomed Bernard Glaser from DENG Ltd in Ghana to Sierra Leone to teach a Solar Water Pumping course at Government Technical Institute. This course was made possible through the AusAID grant that is funding some of our work in Kamakwie and Kamalo and has been a great addition ...','solar-water-pumping-course','ENFO recently welcomed Bernard Glaser from DENG Ltd in Ghana to Sierra Leone to teach a Solar Water Pumping course at Government Technical Institute. This course was made possible through the AusAID grant that is funding some of our work in Kamakwie and Kamalo and has been a great addition to the other courses being offered at the school. The course was being offered primarily to students and staff from the Plumbing programme but also included four lecturers from the Electrical Engineering department and another from the Refrigeration department. In addition to being of interest and directly applicable to work in Sierra Leone, the training helps move the programme closer to full certification, as the lecturers gain valuable experience and accreditation.','2042-03-15 00:00:00','2010-03-19 17:44:18','2010-03-19 17:44:18',26,0,0,'','zinnia/entry_detail.html',0),(2,'2011-05-02 10:33:02',1,'','','Updates from Kamabai','I\'m finally back in the office after almost three straight weeks of up-country work! Good to be able to relax a bit and also a good time to update everyone on the recent work. Most importantly the Kamabai Community Charging Station is up and running and has been formally handed ...','updates-from-kamabai','<p style=\"text-align: justify;\"><a href=\"http://www.energyforopportunity.org/wp-content/uploads/2010/03/PC-gets-to-digging-c.jpg\"><img class=\"alignright size-thumbnail wp-image-1466\" title=\"PC gets to digging - c\" src=\"http://www.energyforopportunity.org/wp-content/uploads/2010/03/PC-gets-to-digging-c-150x150.jpg\" alt=\"\" width=\"150\" height=\"150\" /></a>I\'m finally back in the office after almost three straight weeks of up-country work! Good to be able to relax a bit and also a good time to update everyone on the recent work. Most importantly the Kamabai Community Charging Station is up and running and has been formally handed over to the community by ENFO\'s Mohamed. I managed to get to the site last Sunday and they charged over 100 phones and rented out nearly ten lights that day alone, generating almost Le100000 for the community and starting the process of getting safe and clean solar power to the people. It was amazing to see the work that Mohamed, Jalloh and the community had done in such a short time. We are heading there in two weeks to check up on the system and monitor the day to day operations...but so far so good.</p>\n<p style=\"text-align: justify;\">From Kamabai I moved to our second site in Mattru Jong, Bonthe District. This was our first trip to the community so we weren\'t sure what to expect. Fortunately, a partner org, MCSL had done an excellent job of discussing the project with the community. The Chief and other members of the working committee were quickly on hand and after a quick tour and site inspection we got right to work. By the end of the second day the solar power had been installed, all the old faulty wiring had been removed and the main barri lights reinstalled. The two main people who will be running the station were with us from the start and seem to already have a good understanding of how the system operates. I <a href=\"http://www.energyforopportunity.org/wp-content/uploads/2010/03/Kiosk-market-solar-c1.jpg\"><img class=\"alignright size-thumbnail wp-image-1465\" title=\"Kiosk --- market --- solar - c\" src=\"http://www.energyforopportunity.org/wp-content/uploads/2010/03/Kiosk-market-solar-c1-150x150.jpg\" alt=\"\" width=\"150\" height=\"150\" /></a>left Mattru in the capable hands of Jalloh and he will be with them for the next two weeks, continuing the training and setting up the kiosk and charging station.</p>\n<p style=\"text-align: justify;\"></p>\n<p style=\"text-align: justify;\"></p>\n<p style=\"text-align: justify;\"></p>\n<p style=\"text-align: justify;\"></p>\n<p style=\"text-align: justify;\"></p>\n<p style=\"text-align: justify;\"></p>\n<p style=\"text-align: justify;\"></p>\n<p style=\"text-align: justify;\"></p>\n<p style=\"text-align: justify;\"></p>\n<p style=\"text-align: justify;\"></p>','2042-03-15 00:00:00','2010-03-22 05:33:36','2010-03-22 05:33:36',27,0,0,'','zinnia/entry_detail.html',0),(2,'2011-05-02 10:33:02',1,'','','Sierra Leone First Renewable Energy Forum','This past week Energy For Opportunity took part in Sierra Leone\'s first ever Renewable Energy Forum. The event was hosted by the Ministry of Energy and Water Resources and coincided with the official launching of Sierra Leone\'s Energy policy. Also in attendance at the forum were the Vice President of ...','sierra-leone-first-renewable-energy-forum','This past week Energy For Opportunity took part in Sierra Leone\'s first ever Renewable Energy Forum. The event was hosted by the Ministry of Energy and Water Resources and coincided with the official launching of Sierra Leone\'s Energy policy. Also in attendance at the forum were the Vice President of Sierra Leone, the Director General of UNIDO and representatives from the NGO, Private Sector and Education communities in Sierra Leone who are working in the solar electricity field. It was a very interactive and lively event and it should become a springboard for solar electricity to really move into the mainstream in Sierra Leone.','2042-03-15 00:00:00','2010-04-17 11:58:29','2010-04-17 11:58:29',28,0,0,'','zinnia/entry_detail.html',0),(2,'2011-05-02 10:33:02',1,'','','AusAID Project Equipment Arrives!','Our long awaited shipment for the AusAID project cleared the port last week and all our equipment is in Freetown and ready to be installed. This project will see us finishing the Hospital and Community Centre in Kamakwie and completing full installations at the Health Centre and Primary School in ...','ausaid-project-equipment-arrives','Our long awaited shipment for the AusAID project cleared the port last week and all our equipment is in Freetown and ready to be installed. This project will see us finishing the Hospital and Community Centre in Kamakwie and completing full installations at the Health Centre and Primary School in Kamalo. Both of these towns are in Northern Bombali District and far removed from any grid connections. This is a very exciting and valuable project as the Hospital in Kamakwie is a vital resource for much of the north of the country, serving as a regional hospital for almost 100,000 residents. Check back for more announcements on this project and look for another live Facebook event to go with it.','2042-03-15 00:00:00','2010-04-17 12:14:24','2010-04-17 12:14:24',29,0,0,'','zinnia/entry_detail.html',0),(2,'2011-05-02 10:33:02',1,'','','Koindu Town, Kailahun','Greetings from Koindu Town...sorry no map but it is wedged in this slit of Sierra Leone that juts out into Liberia and Guinea. An absolutely beautiful place...bit tricky to get to though. We have just wrapped up a training session and installation with a local youth group called PVK, who ...','koindu-town-kailahun','Greetings from Koindu Town...sorry no map but it is wedged in this slit of Sierra Leone that juts out into Liberia and Guinea. An absolutely beautiful place...bit tricky to get to though. We have just wrapped up a training session and installation with a local youth group called PVK, who are installing solar power at their youth centre in support of an upcoming library project. It has been a tough trip, full of small and big challenges but in the end it all came together ( as it does here) and light has come to the town. Heading back to Freetown tomorrow, if the road allows us, to start planning for the AusAID installations.','2042-03-15 00:00:00','2010-04-21 21:52:47','2010-04-21 21:52:47',30,0,0,'','zinnia/entry_detail.html',0),(2,'2011-05-02 10:33:02',1,'','','Outback Power and BP Solar Donations','This is actually a bit of a late announcement but we have been fortunate to receive product donations from both BP Solar (http://www.bp.com/modularhome.do?categoryId=8050&amp;contentId=7035481) and Outback Power (http://outbackpower.com/) in support of our work in the Senior Secondary Schools in Bombali District. BP Solar has made the donation through its quarterly module ...','outback-power-and-bp-solar-donations','This is actually a bit of a late announcement but we have been fortunate to receive product donations from both BP Solar (<a href=\"http://www.bp.com/modularhome.do?categoryId=8050&amp;contentId=7035481\">http://www.bp.com/modularhome.do?categoryId=8050&amp;contentId=7035481</a>) and Outback Power (<a href=\"http://outbackpower.com/\">http://outbackpower.com/</a>) in support of our work in the Senior Secondary Schools in Bombali District.\n\nBP Solar has made the donation through its quarterly module donation programme . A total of six, 220W panels have been donated and will be installed at one of the schools in the next few months, providing lighting and power for future computer labs. The modules are en-route now and we are hoping to have them installed in time for the standardised tests at the end of the school year.\n\nOut back Power Systems has come forward with an incredible donation of two, FX2024 (2000W) inverters, one MX60 charge controller and also allowed us to purchase the balance of system components at close to cost price, enabling us to buy all the necessary circuit breakers and other accessories for the systems. It was an extremely generous donation and combined with the BP solar panels, almost completes the first school system(either Kamabai or Gbendembu) and gets us started on the second! These have also reached our shipper in the USA and will soon be in transit to Sierra Leone.\n\nIt is through this kind of support that we can keep building the programme. We still need to raise another $5000 to buy the electrical cables, batteries and other accessories for the first school installation but this certainly moves us much closer to our target.','2042-03-15 00:00:00','2010-04-23 18:56:30','2010-04-23 18:56:30',31,0,0,'','zinnia/entry_detail.html',0),(2,'2011-05-02 10:33:02',1,'','','Kamakwie and Kamalo: Phase II','We are heading up-country again on Monday to finish the AusAID project. This will be another tough week of work but is going to result in four high impact installations; Kamakwie Hospital, Kamakwie Community Centre, Kamalo Health Centre and Kamalo Islamic Primary School. It is also a chance to get ...','kamakwie-and-kamalo-phase-ii','We are heading up-country again on Monday to finish the AusAID project. This will be another tough week of work but is going to result in four high impact installations; Kamakwie Hospital, Kamakwie Community Centre, Kamalo Health Centre and Kamalo Islamic Primary School. It is also a chance to get four of our new batch of students up-country and get them some solid field and practical experience. If you are interested in tracking the event you can follow it through our facebook event at <a href=\"http://www.facebook.com/photo_search.php?oid=115004298532572&amp;view=user#!/event.php?eid=115004298532572\">http://www.facebook.com/photo_search.php?oid=115004298532572&amp;view=user#!/event.php?eid=115004298532572</a>','2042-03-15 00:00:00','2010-05-01 15:03:34','2010-05-01 15:03:34',32,0,0,'','zinnia/entry_detail.html',0),(2,'2011-05-02 10:33:02',1,'','','Kamakwie revisited','I just got back from another up-country trip, which included two more installations in Kamakwie and our first two in Kamalo. Adding to our previous work in Kamakwie we finished installations at the hospital and the community centre/town hall. We were there for a couple of days and it also ...','kamakwie-revisited','I just got back from another up-country trip, which included two more installations in Kamakwie and our first two in Kamalo. Adding to our previous work in Kamakwie we finished installations at the hospital and the community centre/town hall. We were there for a couple of days and it also gave me the chance to stop by the orphanage and school to see how the systems were performing and more importantly if they were being used and what impact they were having.\n\nAt the orphanage everything was working smoothly and although the rains have started and the power is less, the staff have figured out how to manage it effectively and were rationing the power to ensure it was there when needed. The panels were still being washed and the computer lab Yossi set up was being used by the children for watching films, learning basic programmes and also for photo editing!\n\nWe also stopped over at the school unannounced one evening to see how things were going there. We had heard that there had been some developments but were shocked by the activities! The school has organised a series of night classes for both the JSS and SSS students and they are being taught and attended daily. It is also time for the WASC exam, the standardised test students sit prior to going to university or post secondary school. Between the classes and students studying for the WASC there were at least 200 students on campus spread out in six of the classrooms. I talked to Mr. Conteh, the Principal and he also informed me that afternoon computer classes were scheduled to start this week and all the task lights Leslie had bought for the school had been bought by staff and students and they were ready to place an additional order. Perhaps even more important than these quantifiable actions, there was a noticeable excitement and pride among the staff and students in their school and the opportunity that the solar power had provided.','2042-03-15 00:00:00','2010-05-07 09:08:45','2010-05-07 09:08:45',33,0,0,'','zinnia/entry_detail.html',0),(2,'2011-05-02 10:33:02',1,'','','Energy For Opportunity...back in the Lakka community','After a tough week of up-country work a relaxing week of office work would have made sense to most. We decided it was a better idea to get back into the community and do some work in Lakka. The Community Centre was recently renovated and expanded so it seemed like ...','energy-for-opportunityback-in-the-lakka-community','After a tough week of up-country work a relaxing week of office work would have made sense to most. We decided it was a better idea to get back into the community and do some work in Lakka. The Community Centre was recently renovated and expanded so it seemed like the ideal time to hold a training session for ten community members and also redo and improve the old solar electricity system that was there. So starting at 8am tomorrow we will be live in Lakka, training and installing!','2042-03-15 00:00:00','2010-05-11 19:40:54','2010-05-11 19:40:54',34,0,0,'','zinnia/entry_detail.html',0),(2,'2011-05-02 10:33:02',1,'','','Go East Young Man','EFO is branching out and heading on a two week trip to Kenya and Malawi. Although our focus is on West Africa, these two programmes are so important and aligned with our own goals that we decided to leave our home base. We have been invited by the International Finance ...','go-east-young-man','EFO is branching out and heading on a two week trip to Kenya and Malawi. Although our focus is on West Africa, these two programmes are so important and aligned with our own goals that we decided to leave our home base.\n\nWe have been invited by the International Finance Corporation to attend the 2010 Lighting Africa Conference in Nairobi as a product judge. This is the third LA Conference and brings together most, if not all, of the major players working on finding lighting and other energy solutions for rural Africa. The last two events have been excellent and it is an incredible opportunity to meet with others working in the same field, get new ideas a see new products.<a href=\"http://www.lightingafrica.org/\">http://www.lightingafrica.org/</a>\n\nFrom Nairobi we are off to Malawi to work with an organisation called Light Up Malawi, <a href=\"http://lightupmalawi.org/\">http://lightupmalawi.org/</a> Light Up Malawi is a young organisation like EFO and has similar goals and ideas about the potential of solar power in supporting rural Africa. We will be running some training sessions for communities they plan on working with and providing any support and advice we can along the way.\n\nWe will be posting photos and updates on the facebook page throughout the next two weeks. <a href=\"http://www.facebook.com/group.php?gid=60927992298#!/group.php?gid=60927992298\">http://www.facebook.com/group.php?gid=60927992298#!/group.php?gid=60927992298</a>','2042-03-15 00:00:00','2010-05-17 13:37:58','2010-05-17 13:37:58',35,0,0,'','zinnia/entry_detail.html',0),(2,'2011-05-02 10:33:02',1,'','','Lighting Africa 2010','Well...the Lighting Africa 2010 Conference has come to an end. It was an excellent three days of presentations and meetings with a group of dedicated and vibrant people doing much the same work as EFO, although with slightly different motives and goals. This is the third time I have come ...','lighting-africa-2010','<span style=\"font-weight: normal;\">Well...the Lighting Africa 2010 Conference has come to an end. It was an excellent three days of presentations and meetings with a group of dedicated and vibrant people doing much the same work as EFO, although with slightly different motives and goals. This is the third time I have come to this conference(IFC guest this year) and it is amazing to see how big it has become and how far products and models have improved. It is also interesting to see how finance and marketing have started moving into the conversation, indicating the sophistication that the industry is reaching. There should be some serious movement in the next year and I expect to see some real leaps forward. I\'m off to Malawi tomorrow for a week of training and installation work with Light Up Malawi...check back for updates.</span>','2042-03-15 00:00:00','2010-05-20 15:28:28','2010-05-20 15:28:28',36,0,0,'','zinnia/entry_detail.html',0),(2,'2011-05-02 10:33:02',1,'','','Princeton Intern - Kamakwie Computer Training','We were recently joined by Nizette Edwards, an intern from Princeton who will be working with EFO until early August. It is a bit of a challenging time to come to Salone as the rains make travel hard and bring a general slowdown to the country. Despite that we wasted ...','princeton-intern-kamakwie-computer-training','<a href=\"http://www.energyforopportunity.org/wp-content/uploads/2010/06/Nizette-Intro1.jpg\"><img class=\"alignright size-medium wp-image-1513\" title=\"Nizette - Intro#1\" src=\"http://www.energyforopportunity.org/wp-content/uploads/2010/06/Nizette-Intro1-300x225.jpg\" alt=\"\" width=\"300\" height=\"225\" /></a>We were recently joined by Nizette Edwards, an intern from Princeton who will be working with EFO until early August. It is a bit of a challenging time to come to Salone as the rains make travel hard and bring a general slowdown to the country. Despite that we wasted no time putting her to work!  For the first month she will be based in Kamakwie and be working at the Secondary School, a site of a previous EFO installation. The McKeons, the same people who funded the solar work have also provided some computers, a printer and a three month internet connection for the school. Nizette will be working with the teachers and administration to train staff, develop courseware and modify the schedule so that computer classes will be available for the 2010-2011 school year...tough work but I am sure she is up for it!','2042-03-15 00:00:00','2010-06-14 09:55:35','2010-06-14 09:55:35',37,0,0,'','zinnia/entry_detail.html',0),(2,'2011-05-02 10:33:02',1,'','','St. Martins Orphanage ','After being stuck in the office we managed to get back in the field. On this trip we finished the electrical installation at the St. Martin\'s Orphanage in Port Loko. The installation was done with four students EFO had trained through the programme at GTI. The children and staff at ...','st-martins-orphanage','<h3><span style=\"font-weight: normal;\">\n</span></h3>\n<img class=\"alignright size-medium wp-image-1521\" title=\"Emily - trunking\" src=\"http://www.energyforopportunity.org/wp-content/uploads/2010/07/Emily-trunking-300x225.jpg\" alt=\"\" width=\"300\" height=\"225\" /><span style=\"font-size: medium;\">After being stuck in the office we managed to get back in the field. On this trip we finished the electrical installation at the St. Martin\'s Orphanage in Port Loko. The installation was done with four students EFO had trained through the programme at GTI. The children and staff at the Orphanage also helped with the small-small work like digging, fetching water and transporting the materials.</span>\n\nPosted by Mohamed Kabba Turay\n\n<span style=\"font-size: medium;\"><span>\n</span></span>\n\n<span style=\"font-size: medium;\"><span><strong><span style=\"font-size: small;\"><span style=\"font-weight: normal;\">\n</span></span></strong></span></span>\n\n<span style=\"font-size: medium;\"><span>\n</span></span>','2042-03-15 00:00:00','2010-07-09 15:48:02','2010-07-09 15:48:02',38,0,0,'','zinnia/entry_detail.html',0),(2,'2011-05-02 10:33:02',1,'','','San Francisco learns about EFO!','On July 13th, 2010, Energy for Opportunity was invited to present about our work to \"SF Energy Discuss\" - a regular meetup of people in the Bay Area who work, research or are generally interested in energy. I presented on behalf us to a room full of energy specialists eager ...','san-francisco-learns-about-efo','On July 13th, 2010, Energy for Opportunity was invited to present about our work to \"SF Energy Discuss\" - a regular meetup of people in the Bay Area who work, research or are generally interested in energy.\n\nI presented on behalf us to a room full of energy specialists eager all to learn about what is involved when undertaking power installation projects in West Africa, and what it means to bring cheap reliable electricity and lighting to communities for the first time.\n\nYou can see the presentation on slideshare:\n<a href=\"http://www.slideshare.net/wwrob/solar-in-west-africa-projects-and-goals-of-energy-for-opportunity\">http://www.slideshare.net/wwrob/solar-in-west-africa-projects-and-goals-of-energy-for-opportunity</a>\n\nThank you to everyone who came along!\n\n- Rob','2042-03-15 00:00:00','2010-07-16 05:48:36','2010-07-16 05:48:36',39,0,0,'','zinnia/entry_detail.html',0),(2,'2011-05-02 10:33:02',1,'','','Sierra Leone Solar Power Documentary','Short documentary about AusAID funded EFO project conducted in Sierra Leone:','sierra-leone-solar-power-documentary','Short documentary about AusAID funded EFO project conducted in Sierra Leone:\n\n<object width=\"640\" height=\"385\"><param name=\"movie\" value=\"http://www.youtube.com/v/WON3XvKjisw&amp;hl=en_US&amp;fs=1\"></param><param name=\"allowFullScreen\" value=\"true\"></param><param name=\"allowscriptaccess\" value=\"always\"></param><embed src=\"http://www.youtube.com/v/WON3XvKjisw&amp;hl=en_US&amp;fs=1\" type=\"application/x-shockwave-flash\" allowscriptaccess=\"always\" allowfullscreen=\"true\" width=\"640\" height=\"385\"></embed></object>','2042-03-15 00:00:00','2010-08-06 08:07:08','2010-08-06 08:07:08',40,0,0,'','zinnia/entry_detail.html',0),(2,'2011-05-02 10:33:02',1,'','','EFO and EWB - Kono Clinic','EFO, in conjuction with Engineers Without Borders-Princeton, recently installed solar electricity system at an Amputee Clinic in Sena Town, Kono District.The clinic is sponsored by the National Organization For Welbody (NOW) and the solar electricity system was funded through efforts of EWB. The system consisted of a 2100watt array, which ...','efo-and-ewb-kono-clinic','<p style=\"text-align: justify;\">EFO, in conjuction with Engineers Without  Borders-Princeton, recently installed solar electricity <a href=\"http://www.energyforopportunity.org/wp-content/uploads/2010/08/101.jpg\"><img class=\"alignright size-thumbnail wp-image-1544\" title=\"Sun down\" src=\"http://www.energyforopportunity.org/wp-content/uploads/2010/08/101-150x150.jpg\" alt=\"\" width=\"150\" height=\"150\" /></a>system at an  Amputee Clinic in Sena Town, Kono District.The clinic is sponsored by  the National Organization For Welbody (NOW) and the solar electricity  system was funded through efforts of EWB. The system consisted of a 2100watt  array, which is the biggest system installed by Energy For Opportunity  and likely the bigest solar electricity system in Sierra Leone. EFO  supported the project through design, procurement, local logistics and  technical oversite of the installation. Students from GTI training  programme also participated in the project.</p>\n<p style=\"text-align: justify;\">For photos from the installation, follow this link to our facebook page, <a href=\"http://www.facebook.com/photo_search.php?oid=60927992298&amp;view=all\">http://www.facebook.com/photo_search.php?oid=60927992298&amp;view=all</a></p>\n<p style=\"text-align: justify;\"></p>','2042-03-15 00:00:00','2010-08-17 17:07:18','2010-08-17 17:07:18',41,0,0,'','zinnia/entry_detail.html',0),(2,'2011-05-02 10:33:02',1,'','','St Martin\'s Orphanage - Port Loko','Happy to announce that EFO has finally finished the solar installation at St. Martin\'s Orphanage in Port Loko. Sheka, Idrissa and I did the installation with the help of the children and staff. Emily, who is the coordinator and the children at the Orphanage were dancing the first day we ...','st-martins-orphanage-port-loko','<img class=\"alignright size-thumbnail wp-image-1559\" title=\"GE DIGITAL CAMERA\" src=\"http://www.energyforopportunity.org/wp-content/uploads/2010/08/9-Emily-Mr.-Peter-and-Children1-150x150.jpg\" alt=\"\" width=\"150\" height=\"150\" />\n\nHappy to announce that EFO has finally finished the solar installation at St. Martin\'s Orphanage in Port Loko. Sheka, Idrissa and I did the installation with the help of the children and staff. Emily, who is thecoordinator and the children at the Orphanage were dancing the first day we switched on the light. According to them life is now fine because they study at night under the clean light and drink cool water from the solar fridge. Special thanks to Mark Arts at the Art Foundation who sponsored this project! Posted by Mohamed Kabba Turay.','2042-03-15 00:00:00','2010-08-25 18:18:43','2010-08-25 18:18:43',42,0,0,'','zinnia/entry_detail.html',0),(2,'2011-05-02 10:33:03',1,'','','EFO helping in Haiti','For the first 6 months of 2010 I worked on crisis response in Haiti, helping to plan and manage Mission 4636, a text-message based emergency response and reporting system. I coordinated the translation, geolocation and categorization of emergency text messages sent in Haiti in the wake of January 12, 2010 ...','efo-helping-in-haiti','<img style=\"float: right; width: 300px;\" src=\"http://www.robertmunro.com/mission4636.jpg\" alt=\"\" />For the first 6 months of 2010 I worked on crisis response in Haiti, helping to plan and manage <a href=\"http://ww.mission4636.org\" target=\"_blank\">Mission 4636</a>, a text-message based emergency response and reporting system.\n\nI coordinated the translation, geolocation and categorization\nof emergency text messages sent in Haiti in the wake of January 12, 2010 earthquake. This was the first step in the only emergency response service available to people within Haiti during this critical period. When not working with EFO I am a graduate fellow at Stanford, where I research methods for processing large volumes of short messages in less-widely spoken languages and crowdsourcing technologies for language processing. This experience, combined with my development work with EFO, proved vital here. The primary emergency responders were the US Military, who for the most  part did not speak Haitian Kreyol or know the locations of addresses in  Haiti. Working with two other organizations that had their starts in Africa, <a href=\"http://medic.frontlinesms.com/\">FrontLineSMS</a> and <a href=\"http://www.ushahidi.org\">Ushahidi</a>, we designed a system that allowed volunteers from anywhere in the world to come online and translate, geolocate and categorize emergency messages in real-time.\n\nThis allowed us to turn raw text in Haitian Kreyol into categorized English messages with precise coordinates,\nwith an average turnaround of about 10 minutes. According to the responders this saved hundreds of lives and directed the first aid to tens of thousands. The mapping component of our service, hosted by Ushahidi,\nquickly became the most reliable source of real-time crisis data.\n\nI worked with more than 1000 volunteers in the first weeks alone - incredible, dedicated people working day and night to help, and helped coordinate the transfer to the long term technological and staffing partners, <a href=\"http://crowdflower.com\">CrowdFlower</a> and <a href=\"http://www.samasource.com\">Samasource</a>. This system has now stabilized to become part of Haiti\'s long-term emergency reporting service, creating employment in the country while continuing to serve its population.','2042-03-15 00:00:00','2010-09-13 18:19:06','2010-09-13 18:19:06',43,0,0,'','zinnia/entry_detail.html',0),(2,'2011-05-02 10:33:03',1,'','','Outamba Kilimi National Park and Tambakka Chiefdom','In late September EFO staff headed north into the remote villages of the Tambakka chiefdom in the Outamba Kilimi National Park area to undertake site evaluations and assessments that will inform the development of a joint proposal to expand the Community Charging Station Programme and install solar power in existing ...','outamba-kilimi-national-park-and-tambakka-chiefdom','<img class=\"alignright size-medium wp-image-1580\" title=\"Tambakka\" src=\"http://www.energyforopportunity.org/wp-content/uploads/2010/10/Tambakka-300x225.jpg\" alt=\"\" width=\"300\" height=\"225\" />In late September EFO staff headed north into the remote villages of the Tambakka chiefdom in the Outamba Kilimi National Park area to undertake site evaluations and assessments that will inform the development of a joint proposal to expand the Community Charging Station Programme and install solar power in existing OKNP and STEWARD infrastructure. In conjunction with the site evaluations Ame and Mohamed conducted community engagement sessions with 277 people across the 6 villages and collected preliminary data regarding the use of fuels for cooking and lighting in the chiefdom. The research has indicated that contrary to popular belief and the most recent Sierra Leone Integrated Household Survey Report (2007) battery operated torches are the primary sources of fuel for lighting in this remote area and not kerosene. Fuel wood for cooking is sourced from a radius of between 1-4 miles from each of the village centres. The research was made possible with the financial assistance of Sustainable and Thriving Environments for West African Regional Development (STEWARD).','2042-03-15 00:00:00','2010-10-17 01:05:43','2010-10-17 01:05:43',44,0,0,'','zinnia/entry_detail.html',0),(2,'2011-05-02 10:33:03',1,'','','Kamabai Secondary School','This week ENFO engaged the students, staff and Principal of Kamabai Senior Secondary School in interviews and Focus Group Discussions to assist in the evaluation of the second round of solar installations completed in September. The participants have indicated that the solar light installed in the school will bring a ...','kamabai-secondary-school','<a href=\"http://www.energyforopportunity.org/wp-content/uploads/2010/10/Kamabai-Students1.jpg\"><img class=\"alignright size-medium wp-image-1587\" title=\"Kamabai Students\" src=\"http://www.energyforopportunity.org/wp-content/uploads/2010/10/Kamabai-Students1-300x168.jpg\" alt=\"\" width=\"338\" height=\"189\" /></a>This week ENFO engaged the students, staff and Principal of Kamabai Senior Secondary School in interviews and Focus Group Discussions to assist in the evaluation of the second round of solar installations completed in September. The participants have indicated that the solar light installed in the school will bring a number of economic benefits for the schools administration, teachers and students alike, as well as increasing the safety and security around the school and replacing the schools reliance on petrol fuelled generators.\n\nThe feedback reinforces the findings of previous evaluations undertaken in Kamakwie following the installation of a similar lighting system in the Wesleyan Senior Secondary Secondary there, indicating that staff and students expect the lights will improve overall performance in the BECE and the WASSCE as students will be able to safely study in the school at night, where they have access to text books.\n\nThe system has been an exciting development for the students as the majority do not have electricity in their homes. As one junior school student informed us the solar lights are now her favourite part of the school because when we come to school and the weather and big storms are all dark we can go into the hall and continue our work.','2042-03-15 00:00:00','2010-10-17 01:11:08','2010-10-17 01:11:08',45,0,0,'','zinnia/entry_detail.html',0),(2,'2011-05-02 10:33:03',1,'','','Kamakwie SSS - Computer Lab','EFO recently returned to Kamakwie Senior Secondary School where Students and staff participated in two weeks of computer classes with EFO volunteer Dan Peade in the Computer Lab EFO helped establish earlier this year. The basic computer course was a follow up to teaching previously undertaken by EFO Princeton Intern ...','kamakwie-sss-computer-lab','<img class=\"alignright size-medium wp-image-1592\" title=\"Dan - Kamakwie\" src=\"http://www.energyforopportunity.org/wp-content/uploads/2010/10/Dan-Kamakwie-300x225.jpg\" alt=\"\" width=\"300\" height=\"225\" />EFO recently returned to Kamakwie Senior Secondary School where Students and staff participated in two weeks of computer classes with EFO volunteer Dan Peade in the Computer Lab EFO helped establish earlier this year. The basic computer coursewas a follow up to teaching previously undertaken by EFO Princeton Intern Nizette Edwards. The course aimed at providing both teachers and senior secondary students with both basic computer skills and the means by which to teach these skills to others. Competencies included: Shutting down The Computer, Understanding and organizing the Desktop, Selecting, Dragging and dropping,Scrolling, Navigating the file system, Windows Explorer, Creating, Renaming and Deleting Folders, Recycle Bin, Copy, Paste and Move files, Save, Undo and Formatting text. In addition to teaching the course Dan also worked with the students and staff to extend the wireless network- establishing an internet connection on 3 computers in the lab.','2042-03-15 00:00:00','2010-10-17 01:14:17','2010-10-17 01:14:17',46,0,0,'','zinnia/entry_detail.html',0),(2,'2011-05-02 10:33:03',1,'','','Kailahun Government Hospital','Energy For Opportunity is heading to Kailahun today to start work on one of our most exciting projects to date. The Government of Sierra Leone has decided to implement solar electricity at four pilot sites across the country with the long term plan to install solar electricity at all 21 ...','kailahun-government-hospital','Energy For Opportunity is heading to Kailahun today to start work on one of our most exciting projects to date. The Government of Sierra Leone has decided to implement solar electricity at four pilot sites across the country with the long term plan to install solar electricity at all 21 government run Hospitals. EFO will be leading the installation teams at two of the sites, Kailahun and Rokupa (Freetown). Phase I, consisting of the upgrading of the compound electrical systems will go on for the next two weeks and the solar installation will follow in early December. In addition to solar power, both EFO facilities will be utilising high efficiency LED lighting...making the two sites some of the most advanced in the world regarding energy production and consumption!  ','2042-03-15 00:00:00','2010-11-04 10:29:37','2010-11-04 10:29:37',47,0,0,'','zinnia/entry_detail.html',0),(2,'2011-05-02 10:33:03',1,'','','Koinadugu District Planning Trip','EFO staff spent last week on the back of Motorcycles in North Eastern Sierra Leone collecting information to inform the 3 year program plan for Koinadugu district. Aside from identifying a number of chiefdom headquarters town who will be perfect for Community charging stations, the team also identified Secondary schools ...','koinadugu-district-planning-trip','<a href=\"http://www.energyforopportunity.org/wp-content/uploads/2010/11/Jalloh-SSS1.jpg\"><img class=\"alignright size-full wp-image-1610\" title=\"Jalloh - SSS\" src=\"http://www.energyforopportunity.org/wp-content/uploads/2010/11/Jalloh-SSS1.jpg\" alt=\"\" width=\"195\" height=\"130\" /></a>EFO staff spent last week on the back of Motorcycles in North Eastern Sierra Leone collecting information to inform the 3 year program plan for Koinadugu district. Aside from identifying a number of chiefdom headquarters town who will be perfect for Community charging stations, the team also identified Secondary schools and Community Health Centres that would benefit from solar installations. The three year plan is in the final stages of completion and our legs have finally recovered from 3 days on motorbikes.','2042-03-15 00:00:00','2010-11-04 10:44:01','2010-11-04 10:44:01',48,0,0,'','zinnia/entry_detail.html',0),(2,'2011-05-02 10:33:03',1,'','','EFO presents its education research at African Studies conference in Melbourne','On the 3rd of December 2010, Energy For Opportunity presented its recent research on the impacts of Solar and ICT intervention on rural education in Sierra Leone at the African Studies Association of Australasia and the Pacific (AFSAAP) Conference at Victoria University in Melbourne. Below is a copy of powerpoint ...','efo-presents-its-education-research-at-african-studies-conference-in-melbourne','On the 3rd of December 2010, Energy For Opportunity presented its recent research on the impacts of Solar and ICT intervention on rural education in Sierra Leone at the <a href=\"http://www.afsaap.org.au/\">African Studies Association of Australasia and the Pacific</a> (AFSAAP) Conference at Victoria University in Melbourne. Below is a copy of powerpoint slides - the research will be written up in article format early next year: \n\n<div style=\"width:425px\" id=\"__ss_6157887\"><strong style=\"display:block;margin:12px 0 4px\"><a href=\"http://www.slideshare.net/PaulMunro/solar-power-ict-impacts-on-education-in-sierra-leone\" title=\"Solar Power / ICT impacts on Education in Sierra Leone\">Solar Power / ICT impacts on Education in Sierra Leone</a></strong><object id=\"__sse6157887\" width=\"425\" height=\"355\"><param name=\"movie\" value=\"http://static.slidesharecdn.com/swf/ssplayer2.swf?doc=afsaapefoeducation-101214054429-phpapp02&stripped_title=solar-power-ict-impacts-on-education-in-sierra-leone&userName=PaulMunro\" /><param name=\"allowFullScreen\" value=\"true\"/><param name=\"allowScriptAccess\" value=\"always\"/><embed name=\"__sse6157887\" src=\"http://static.slidesharecdn.com/swf/ssplayer2.swf?doc=afsaapefoeducation-101214054429-phpapp02&stripped_title=solar-power-ict-impacts-on-education-in-sierra-leone&userName=PaulMunro\" type=\"application/x-shockwave-flash\" allowscriptaccess=\"always\" allowfullscreen=\"true\" width=\"425\" height=\"355\"></embed></object><div style=\"padding:5px 0 12px\">View more <a href=\"http://www.slideshare.net/\">presentations</a> from <a href=\"http://www.slideshare.net/PaulMunro\">Paul Munro</a>.</div></div>','2042-03-15 00:00:00','2010-12-14 11:58:17','2010-12-14 11:58:17',49,0,0,'','zinnia/entry_detail.html',0),(2,'2011-05-02 10:33:03',1,'','','EFO a winner again in the Africa Rural Connect Competition','Energy For Opportunity was recently announced as a winner in the 4th and final round of the 2010 Africa Rural Connect competition, run by the National Peace Corp Association, in the process being awarded US1,000. This is the second time that EFO has been a winner in the Africa Rural ...','efo-a-winner-again-in-the-africa-rural-connect-competition','<p style=\"text-align: justify;\"><a href=\"http://www.energyforopportunity.org/wp-content/uploads/2010/12/Africa-Rural-Connect.jpg\"><img class=\"alignright size-full wp-image-1622\" title=\"Africa Rural Connect\" src=\"http://www.energyforopportunity.org/wp-content/uploads/2010/12/Africa-Rural-Connect.jpg\" alt=\"\" width=\"365\" height=\"148\" /></a></p>\n<p style=\"text-align: justify;\">Energy For Opportunity was recently announced as a winner in the 4th and final round of the <a href=\"http://arc.peacecorpsconnect.org/ContestWinners\" target=\"_blank\">2010 Africa Rural Connect competition</a>, run by the <a href=\"http://www.peacecorpsconnect.org/\">National Peace Corp Association</a>, in the process being awarded US1,000.</p>\n<p style=\"text-align: justify;\">This is the second time that EFO has been a winner in the Africa Rural Connect competition, also being a prize winner in the 1st round of the competition in 2009. We are now in the running to win a further US$12,000; the overall annual prize.</p>\n<p style=\"text-align: justify;\">A big thank you to everybody for all of their support!</p>','2042-03-15 00:00:00','2010-12-17 05:03:02','2010-12-17 05:03:02',50,0,0,'','zinnia/entry_detail.html',0),(2,'2011-05-02 10:33:03',1,'','','New York Times Article - Impact Of Small Scale Solar','Here is an interesting article on the impacts of small scale solar electricity systems in rural Kenya. These systems are very, very similar to ones we have tried in Sierra Leone and we have seen many of the same results. The situation is a bit trickier here in that the ...','new-york-times-article-impact-of-small-scale-solar','Here is an interesting article on the impacts of small scale solar electricity systems in rural Kenya. These systems are very, very similar to ones we have tried in Sierra Leone and we have seen many of the same results. The situation is a bit trickier here in that the rural population tends to have less and more seasonal income than Kenya but there are other less expensive, two light systems that fill that gap. One of the very insightful things from the article is that the system was bought primarily to charge the household mobile phone and lighting was secondary! Once again we have seen similar things here and are trying to utilise that as a way to spur small scale businesses in these communities, while also highlighting the costs savings, compared to kerosene, candles, and battery based lighting that these systems offer. Without any overstatement, these systems really are kicking off a revolution in how rural lighting and power can be provided! \n\nhttp://mobile.nytimes.com/article?a=719675&f=110','2042-03-15 00:00:00','2010-12-28 11:18:00','2010-12-28 11:18:00',51,0,0,'','zinnia/entry_detail.html',0),(2,'2011-05-02 10:33:03',1,'','','Forbes Blog Post on Energy For Opportunity\'s Work','Forbes recently held an interview with Energy For Opportunity\'s Director Simon Willans. The online post came out on January 31st and highlights some of the work EFO is doing in Sierra Leone. http://blogs.forbes.com/helencoster/2011/01/31/forget-the-grid-can-solar-power-light-africa/','forbes-blog-post-on-energy-for-opportunitys-work','Forbes recently held an interview with Energy For Opportunity\'s Director Simon Willans. The online post came out on January 31st and highlights some of the work EFO is doing in Sierra Leone.\n\nhttp://blogs.forbes.com/helencoster/2011/01/31/forget-the-grid-can-solar-power-light-africa/','2042-03-15 00:00:00','2011-02-01 18:39:16','2011-02-01 18:39:16',52,0,0,'','zinnia/entry_detail.html',0),(2,'2011-05-02 10:33:03',1,'','','Koinadugu District - Water Pumping and Irrigation','Energy For Opportunity recently returned from a visit to a new project in the villages of Kasumpe and Kamaso, Koinadugu District where we have teamed up with Travis Wilkins, a friend of EFO from his time in Sierra Leone, to implement a water pumping and irrigation pilot. Typically, Sierra Leone ...','koinadugu-district-water-pumping-and-irrigation','<p style=\"text-align: justify;\"></p>\n<p style=\"text-align: justify;\">Energy For Opportunity recently returned from a visit to a new project in the villages of Kasumpe and Kamaso, Koinadugu District where we have teamed up with Travis Wilkins, a friend of EFO from his time in Sierra Leone, to implement a water pumping and irrigation pilot. Typically, Sierra Leone has one growing season and this leads to some hard times before harvest. By introducing the water pumping/irrigation we are hoping to add additional growing opportunities during the dry season and also expand the amount of land that can be farmed by moving away from time consuming hand watering. The initial funds are also being used to buy seeds for high value vegetable crops such as carrots, cabbage and peppers which can bring in substantial revenue to the farmers. The project is being supported through Travis\'s own hard work and donations from friends and family, with EFO helping with the technical side of things and also managing the overall project. It is just in the very early stages but things are off to a good start, with a strong and eager team on the ground!<a href=\"http://www.energyforopportunity.org/wp-content/uploads/2011/02/16-Sign-12.jpg\"><img class=\"aligncenter size-medium wp-image-1644\" title=\"Koinadugu\" src=\"http://www.energyforopportunity.org/wp-content/uploads/2011/02/16-Sign-12-300x225.jpg\" alt=\"\" width=\"300\" height=\"225\" /></a><a href=\"http://www.energyforopportunity.org/wp-content/uploads/2011/02/3-AKK-happy-with-the-work-3.jpg\"><img class=\"aligncenter size-medium wp-image-1650\" title=\"Working\" src=\"http://www.energyforopportunity.org/wp-content/uploads/2011/02/3-AKK-happy-with-the-work-3-300x225.jpg\" alt=\"\" width=\"300\" height=\"225\" /></a><a href=\"http://www.energyforopportunity.org/wp-content/uploads/2011/02/5-Cabbage.jpg\"><img class=\"size-medium wp-image-1647 aligncenter\" title=\"Cabbages\" src=\"http://www.energyforopportunity.org/wp-content/uploads/2011/02/5-Cabbage-300x225.jpg\" alt=\"\" width=\"300\" height=\"225\" /></a></p>','2042-03-15 00:00:00','2011-02-09 17:49:28','2011-02-09 17:49:28',53,0,0,'','zinnia/entry_detail.html',0),(2,'2011-05-02 10:33:03',1,'','','2010 Annual Report','Energy For Opportunity is excited to announce the release of its 2010 Annual Report. It details all of our work with solar power in West Africa from our first ever project in late 2009 and all of our projects completed since then until the end of 2010. We have achieved ...','2010-annual-report','<p style=\"text-align: center;\">Energy For Opportunity is excited to announce the release of its 2010 Annual Report. It details all of our work with solar power in West Africa from our first ever project in late 2009 and all of our projects completed since then until the end of 2010. We have achieved a lot in such a short space of time and we would like to say thanks to all of those that have supported us along the way. We hope to see EFO\'s work grow rapidly in the next few years and make great achievements beyond our wildest imaginations. Finally, a big thank you must also go out to EFO Australian Board member Am Christiansen, for all of her hard work in putting this Report together.</p>\n<p style=\"text-align: center;\">Click <a href=\"http://tinyurl.com/EFOAnnualReport2010\" target=\"_blank\">here</a> to view the report.</p>\n<p style=\"text-align: center;\"><a href=\"http://tinyurl.com/EFOAnnualReport2010\" target=\"_blank\"><img class=\"size-full wp-image-1662 aligncenter\" title=\"EFO Annual Report 2010\" src=\"http://www.energyforopportunity.org/wp-content/uploads/2011/02/EFO-Annual-Report-2010.jpg\" alt=\"\" width=\"385\" height=\"499\" /></a></p>','2042-03-15 00:00:00','2011-02-19 03:42:23','2011-02-19 03:42:23',54,0,0,'','zinnia/entry_detail.html',0),(2,'2011-05-02 10:33:03',1,'','','Gbendembu Secondary School Installation','After the Christmas break and into the New Year with a lot of administrative work EFO staff have completed an electrical wiring at the Baptist Senior Secondary School in Gbendembu, Gbendembu Ngowahun, Bombali District, Sierra Leone. This will save time and reduce the work load as the solar installation will ...','gbendembu-secondary-school-installation','After the Christmas break and into the New Year with a lot of administrative work EFO staff have completed an electrical wiring at the Baptist Senior Secondary School in Gbendembu, Gbendembu Ngowahun, Bombali District, Sierra Leone. This will save time and reduce the work load as the solar installation will be done come March. The first part of the School installation has been completed. All necessary wiring and electrical work was carried out with great success. Students and teachers participated in the installation, this includes distribution cables to different buildings. This will enable the school to utilize the solar power generated from panels soon to be installed. Most of their participation was part of the electrical installation basic training for general maintenance which will help in keeping the system up and running. The teachers quarters have also been wired as they will benefit from this project as they await the solar equipment for the second phase of the project!\n\nTo take a look at some of the photos from the installation, please visit our facebook site <a href=\"http://www.facebook.com/media/set/?set=o.60927992298\">http://www.facebook.com/media/set/?set=o.60927992298</a>','2042-03-15 00:00:00','2011-02-19 07:36:05','2011-02-19 07:36:05',55,0,0,'','zinnia/entry_detail.html',0),(2,'2011-08-17 04:59:42',1,'','','FAO - FLEGT Project','Preventing Deforestation: Understanding Timber and Fuelwood Markets in Sierra Leone Energy for Opportunity (ENFO) is starting an energy revolution, bringing clean renewable solar energy to Sierra Leone and further afield in West Africa. ENFO provides energy to disadvantaged rural communities, trains students about how and why to use solar energy ...','fao-flegts-project','<p>Preventing Deforestation: Understanding Timber and Fuelwood Markets in Sierra Leone  Energy for Opportunity (ENFO) is starting an energy revolution, bringing clean renewable solar energy to Sierra Leone and further afield in West Africa. ENFO provides energy to disadvantaged rural communities, trains students about how and why to use solar energy and promotes it as an appropriate form of energy to build a positive future for West Africa. In order to expand its work in other energy sectors, ENFO needs up to date statistics on energy consumption in Sierra Leone which is largely fuelwood dependent.  To address this need ENFO has recently (April 2011) started a seven-month study on the timber and fuelwood and timber markets in Sierra Leone in order to reveal patterns of energy use in the country as well as understand their contribution to land cover change. This project is being funded through the FAO&rsquo;s, Forest Law Enforcement, Governance and Trade Support (FLEGTS) programme and considering no major research has been undertaken on forest cover in Sierra Leone since the 1980s and 1990s and no in-depth research on the fuelwood market has been conducted since the 1980s, this an important knowledge gap to fill.   The key objective of the proposed research is to build a greater understanding of the nature and impacts of domestic timber and fuelwood harvesting and marketing patterns as well as issues surrounding their regulation in Northern Sierra Leone and Freetown. ENFO will also identify the household energy consumption needs and patterns of Sierra Leoneans which is currently heavily dependent on fuelwood. In making accurate, independent information available it is hoped that the social and ecological dynamics of forest resource management will be improved here.  Existing research focuses exclusively on the Freetown, whereas this project will adopt a phased approach to produce a national map of fuelwood harvesting and trade, in Northern Sierra Leone and Freetown to begin with, followed by a second phase in Southern and Eastern Sierra Leone. The project will also focus on the dynamics of the domestic timber trade in the key ecological areas surrounding Outamba-Kilimi National park, the Gola Forest Reserve and the Western Areas Peninsula Reserve.  ENFO is dedicated to capacity building in Sierra Leone and has integrated a strong capacity building component into this project. Nine research assistants are currently undergoing training in research methodologies as part of an intensive recruitment process before final selections and fieldwork begins. They will be involved in all aspects of data collection throughout the project. Their skills development is critical to capacity building in the area of forest management in Sierra Leone.  <img class=\"alignright size-medium wp-image-1679\" title=\"Pic#1\" src=\"http://www.energyforopportunity.org/wp-content/uploads/2011/04/Pic1-300x200.jpg\" alt=\"\" width=\"300\" height=\"200\" /> The research and training is being led by Energy For Opportunity&rsquo;s head researcher, Mr. Hiemstra-van der Horst, a PhD candidate at the University of Melbourne in Australia, who has significant field experience and has written several scholarly publications around fuelwood and timber production and consumption in Sub-Saharan Africa.   After an initial student training period, the research will begin a regionally phased approach in the collection of data. There will be a rapid national assessment, followed by an in-depth study in Northern Sierra Leone and Freetown. ENFO will subsequently apply for funding to complete the research in the southern and Eastern Provinces.  Senior ENFO staff, namely Simon Willans, ENFO&rsquo;s Executive Director, Greg Hiemstra-van der Horst and Paul Munro, a PhD candidate and co-founder of ENFO, will oversee key aspects of data gathering, will provide critical analysis, organise the collected data and develop reports and publications.</p>','2042-03-15 00:00:00','2011-04-23 09:56:46','2011-04-23 09:56:46',56,0,0,'','zinnia/entry_detail.html',0),(2,'2011-08-17 05:02:42',1,'','','Kamabai Secondary School','Phase two of one of the Kamabai Secondary School Solar electrical installation has been completed. The school was partially wired, with 4&times;220 Watts solar panels and 2x200A-hr batteries. All the priorities&rsquo; buildings has now being wired the system has being upgraded now to 6&times;220 Watts solar panel and additional 2x200A-hr ...','kamabai-secondary-school','<p><span>Phase two of one of the Kamabai Secondary School Solar electrical installation has been completed. The school was partially wired, with 4&times;220 Watts solar panels and 2x200A-hr batteries. All the priorities&rsquo; buildings has now being wired the system has being upgraded now to 6&times;220 Watts solar panel and additional 2x200A-hr has also been added to the school solar electrical system. The Kamabai Community health centre has also being fully wired, the solar electrical system will be installed in a few weeks time. Follow the link below to see photos on our facebook page. Posted by Chernor M. Jalloh</span></p>\r\n<p>&nbsp;</p>','2042-03-15 00:00:00','2011-08-17 05:00:05','2011-04-23 05:00:05',57,1,0,'','zinnia/entry_detail.html',0),(2,'2011-08-17 05:09:33',1,'','uploads/Worker-with-solar-radio-at-Kasumpe-300x200.jpg','Energy For Opportunity Trip to Kabala','My name is Chani Wates and I&rsquo;m new to Energy For Opportunity so I was happy to learn that a trip up country was planned and that I should come along to take some photos of project sites and get a taste for what EFO is doing in the Kabala ...','energy-opportunity-trip-kabala','<p>My name is Chani Wates and I&rsquo;m new to Energy For Opportunity so I was happy to learn that a trip up country was planned and that I should come along to take some photos of project sites and get a taste for what EFO is doing in the Kabala area.</p>\r\n<p>On Thursday the 21<sup>st</sup>&nbsp;of April 2011, Simon, myself, Marah from Kabala and Pa Yemoh, the driver, set off early from Lakka to beat the Freetown traffic on our way to Kabala. By 7.30, we had successfully navigated through the mayhem of Freetown and were on the open road. We made good time and by 10.00 a.m. we arrived at EFO&rsquo;s Makeni office. We met Maggi and he showed off his nice new quarters beside the office. The office itself is light, airy and spacious with simple wooden furnishing and some colourful touches of material covering cushions and seats making it a very pleasant space. After collecting a few things, most notably, our trustee fellow colleague Jalloh, we were ready to continue on our journey into the hills of rural Sierra Leone.</p>\r\n<p>When we pulled up into Kamabai, a community that has been supported by EFO since March 2010, throngs of children greeted us. We all bundled out of the car to a warm welcome with many the inquisitive tug on the wrist or clothes for attention. A quick inspection of the charging station revealed that it is a successful enterprise. About forty phones and several rechargeable lights were charging, with a table of rechargeable lights on display in front of the station. A solar-lit market hall, bustling with women and small children sits adjacent to the charging station and Simon later told me that this charging station had earned enough to pay for solar panels to be installed into the local secondary school, our next port of call. Kamabai secondary school has approximately 800 pupils and is located near to the centre of Kamabai. The six solar panels installed on the central building provide light for the classrooms as well as providing enough power for a future computer lab. We took a tour around the classrooms and adjoining church and chatted to the principal briefly. Some students were milling around even though it was a public holiday so we took the opportunity to take some photos before continuing up the Makeni-Kabala highway, stopping briefly to buy Simon&rsquo;s favourite, cow milk!</p>\r\n<p>The road twisted and turned as we climbed to higher ground through the tree-topped hills, nearing Kabala. The relative drop in temperature was a relief. In Kabala, we checked into Paygays Guest-house before returning back the way we came some distance to Kamaso, the first of three sites for a gardening project being run by a local man, Abdul Koroma. Simon and Jalloh needed to inspect the plots and look at the water supply situation to see how solar pumps could be used for irrigation purposes. The first plot which looked lush with crops, was situated on high ground sloping down to a well area. The well was deemed suitable for installation of a water pump by the EFO experts.</p>\r\n<p>The next plot we visited, Kasumpe, was situated on lower ground and was nicely cultivated with a selection of vegetables including carrots and lettuces. Three or four workers were weeding or harvesting, with a solar powered radio balanced on a bush keeping them company. Abdul Koroma showed us the well that had been dug and explained that it was problematic because the earth is too high in clay content so when they dug deeper the walls began to collapse. In discussion with Simon and Jalloh, it was agreed that Abdul should get a quote for a concrete well to be built. We moved on to the final site, which is a proposed site, inspected the well which looked good and walked back out to the small village where the car was parked. We bumped and jolted back onto the main tar road and drove back to Kabala for the night. In Kabala we met with a District Council representative who agreed to help Abdul to get a quote for a concrete well to be constructed. We all sat down together for a meal of tasty bean sauce and rice in the evening, had a few drinks and discussed the day.</p>\r\n<p>The next day, Friday the 22<sup>nd</sup>&nbsp;of April, the District Council rep. introduced us to a well construction expert and Simon, Jalloh and Abdul accompanied them to the site to make a quote. The quote was more than expected at 25 million leones (approx $5813). An informal meeting was convened in Kamaso with the gardening hands and Abdul to discuss the three sites. We sat around on rocks overlooking the Kamaso plot and discussed how to go forward. It was recommended by Simon that they think carefully about spending a lot of money on constructing a well. In terms of the cost of getting helpers to water the plots at Le 250,000 per month it would take eight years for the well to pay itself off. In this sense, he suggested that they should either get the well constructed for a much more reasonable price or decide to pay people to water the plots manually. Abdul and the rest of the workers agreed that they&nbsp;would try to get a cheaper quote for the well before making a decision. They also decided that they would like to have the solar pump installed in Kamaso before the rainy season. Jalloh agreed to come and do the installation. We said our goodbyes to Abdul and his co-workers and set-off on the long and treacherous road for Freetown.</p>\r\n<p>Just after Kamabai we had our final adventure of the trip. We came upon a group of people who had just gotten out of a car that was parked on the side of the road. A very drunk and obstinate driver was in the driver&rsquo;s seat refusing to get out and trying to convince his passengers to get back in. We stopped alongside and after a bit of persuasion the driver finally got out. Discovering that it was an automatic car Simon offered to drive back to Kamabai with the passengers. The driver protested and at first tried to push, in a drunken haze, to come along with us. We refused and left him on the side of the road to make his own way to the police station where Simon was going to park the car. Simon&rsquo;s change of profession from NGO director to taxi driver was the cause of much hilarity as we finally set off back to Freetown.</p>\r\n<p>We arrived back tired and dazed after two days of travel but satisfied to have seen some of EFO&rsquo;s project sites and to have had some fun and adventures along the way!</p>\r\n<p>&nbsp;</p>','2042-03-15 00:00:00','2011-08-17 05:03:11','2011-05-24 05:03:11',58,1,0,'','zinnia/entry_detail.html',0),(2,'2011-08-17 06:17:28',1,'','uploads/ENFO-in-the-sand-River-No.2-compressed-300x200.jpg','Solar Installed into community led tourism resort - River #2','A team of EFO solar technicians, Idrissa, Sheka and Alusine have finished the installation of eight solar panels to electrify the community run tourist attraction of River No. 2, an off-grid coastal community on the Western Area Peninsula, near to Freetown. The solar installation will provide light and will power ...','solar-installed-community-led-tourism-resort-river-2','<p>A team of EFO solar technicians, Idrissa, Sheka and Alusine have finished the installation of eight solar panels to electrify the community run tourist attraction of River No. 2, an off-grid coastal community on the Western Area Peninsula, near to Freetown. The solar installation will provide light and will power a freezer and some light appliances in the store area, kitchen, restaurant and huts providing accommodation to tourists. EFO is delighted to provide River No. 2 with solar power as it will facilitate smooth running of the facility as well as boosting the community&rsquo;s efforts to attract tourists by reinforcing their image as an&nbsp;eco-tourism attraction. An expert on sustainable tourism, Mr. Robert Travers, recently completed a study on Sierra Leone&rsquo;s tourism sector and concluded that, due to Sierra Leone&rsquo;s natural and unspoilt beauty, Sierra Leone should prioritise eco-tourism and brand itself as the centre of eco-tourism in West Africa. The National Tourist Board here also has plans in the pipeline to support several eco-tourism sites in Sierra Leone but River No. 2 is not included, making this support all the more necessary. The solar installation looks fantastic, placed in the centre of the facility for all arrivals to see, and will definitely promote River No. 2 firmly to the status of &ldquo;community run eco-tourism resort&rdquo; which in turn, we hope, will attract more tourists.</p>\r\n<p>The installation has been supported by the EU funded project &ldquo;Conservation of the Western Area Forest Reserve (WAPFoR) and its watershed&rdquo;, being implemented jointly by Welt Hunger Hilfe (WHH) and the Environmental Forum for Action (ENFORAC). The project aims to limit the pressures on the Western Area Peninsula Forest by its use as a source of fuelwood and other livelihood activities, by promoting alternative livelihoods such as eco-tourism, to forest edge communities, such as River No. 2. ENFO is proud to be able to provide the expertise to support the achievement of the protection of the Western Area Peninsula Forest as well as helping local communities to thrive&nbsp;and develop sustainably.</p>\r\n<p>The EFO team arrived on Friday the 13<sup>th</sup>&nbsp;and spent a day hard at work putting the initial wiring down, with the community assisting in digging trenches to lay down the wires to connect the store, kitchen, restaurant and huts. Alusine showed his competence by efficiently and neatly laying a neat web of wiring (earth mat) at the bottom of the pit that was dug, whilst Idrissa and Sheka moved around the different buildings wiring them up and fixing plug sockets and light fixtures. By the end of the day, a lot of the hard work had been done. They left for a few days in between to allow the community to prepare a base in an open area for the solar panels to be mounted on, and on Tuesday the 17<sup>th</sup>&nbsp;they came back to finish the job. By Thursday evening the job was completed and all the buildings were successfully electrified. (Incidentally, this article is being written from the office beside the River No. 2 store, with newly fitted sockets!)</p>\r\n<p>&nbsp;</p>\r\n<p>&nbsp;</p>','2042-03-15 00:00:00','2011-08-17 05:06:52','2011-07-17 16:17:02',59,1,0,'','zinnia/entry_detail.html',0),(2,'2011-08-17 06:14:54',1,'','','ICSB 2011 World Conference','Energy For Opportunity is currently participating in the International Council for Small Business 2011 World Conference. They were awarded a grant to attend the meeting and present a paper looking at the potential of non-profits and for-profit entities to partner to responsibly service markets typically ignored by the for-profit sector. ...','icsb-2011-world-conference','<div class=\"post\">\r\n<p>Energy For Opportunity is currently participating in the  International Council for Small Business 2011 World Conference. They  were awarded a grant to attend the meeting and present a paper looking  at the potential of non-profits and for-profit entities to partner to  responsibly service markets typically ignored by the for-profit sector. A  link to the paper is attached and more information on the conference  can be found at the following link,&nbsp;<a rel=\"nofollow\" href=\"http://www.icsb2011.org/\" target=\"_blank\">www.icsb2011.org</a></p>\r\n<p>The link to the paper is <strong><a rel=\"nofollow\" href=\"http://www.icsb2011.org/download/18.62efe22412f41132d41800011980/690.pdf\" target=\"_blank\">http://www.icsb2011.org/download/18.62efe22412f41132d41800011980/690.pdf</a></strong></p>\r\n</div>','2042-03-15 00:00:00','2011-08-17 06:12:27','2011-06-17 06:12:27',60,1,0,'','zinnia/entry_detail.html',0),(2,'2011-08-17 07:44:42',1,'','uploads/7.jpg','The solar System at St. Martins Orphanage, Port Loko proving to be a great success','A year on from the installation at St. Martin&rsquo;s orphanage, the solar system is achieving great results. Auntie Emily who runs the orphanage is delighted with what she has seen in the last year. According to Emily, &lsquo;&rsquo;children from schools in Port Loko come to study in the evenings and ...','solar-system-st-martins-orphanage-port-loko-proving-be-great-success','<div class=\"mtm fbDocument\">\r\n<p>A year on from the installation at St.  Martin&rsquo;s orphanage, the solar system is achieving great results. Auntie  Emily who runs the orphanage is delighted with what she has seen in the  last year. According to Emily, &lsquo;&rsquo;children from schools in Port Loko come  to study in the evenings and two children from the orphanage got the  best grades in their class in their last exams&rsquo;&rsquo; thanks to the solar. In  recent exams, Sonita Conteh and Christiana Sesay got the highest grades  in their classes and their fellow student, Johnson Kanu, came second in  his class (they are proudly pictured on the right). An average of sixty children from Port Loko come to study in  the evenings which means the orphanage is proving to be a social  amenity that benefits the wider community, not only the children and  staff of St. Martins.&nbsp;</p>\r\n<p>&nbsp;</p>\r\n<p>The charging station that was incorporated into the system is  operating well and as of August 2011, the previous month&rsquo;s profits were  SLL 1,100,000 ($255). The charging station is providing employment for  Gabriel Turay, a young local man who manages the charging station and  meticulously records all of the phones that come in and out.&nbsp; An average  of 60 to 70 phones are charged per day with the customer base coming  from the surrounding population and a recent influx of road workers. The  charging station profits are set aside for maintenance, upgrades and  replacement parts for the solar system as well as supporting the  orphanage.&nbsp; Aunty Emily is also considering expanding their income  generating activities by buying a second fridge / freezer so that she  can sell cold drinks.</p>\r\n<p>&nbsp;</p>\r\n<p>The generous support from the Arts Foundation, headed by Mark Arts  from the Netherlands, has been vital to the success of this project. In a  recent EFO visit, Aunty Emily showed us into their newly established  computer room where computers donated by the Arts Foundation have been  set-up for the children to use. They are a valuable asset to the  children at St. Martin&rsquo;s, giving them the opportunity to learn skills  that are essential in our modern world.</p>\r\n<p>&nbsp;</p>\r\n<p>The children were all happily weeding a plot of ground-nut plants  when we pulled into the secondary school compound to visit them where  their ground-nut crop is located. According to Aunty Emily, &lsquo;&rsquo;it&rsquo;s  important for the children to be busy during the holidays&rsquo;&rsquo; so two days a  week they help with weeding the plants that will later be harvested for  use at the orphanage. The children were curious to see the three white  people walking in and gathered together excitedly for a group picture.  We left Port Loko with a conviction that the solar system installed just  over a year ago is having a positive impact on the lives of the  children as well as on the wider community.&nbsp; Aunty Emily must be  commended for running St. Martin&rsquo;s so well, providing a shining example  for others.</p>\r\n</div>','2042-03-15 00:00:00','2011-08-17 07:12:35','2011-08-11 07:12:35',61,1,0,'','zinnia/entry_detail.html',0),(2,'2011-08-19 22:46:42',1,'','','Solar Power - Sierra Leone','Here is a link to an interesting article on solar power in Sierra Leone,&nbsp;http://www.guardian.co.uk/global-development/poverty-matters/2011/aug/17/sierra-leone-barefoot-solar-engineers?','solar-power-sierra-leone','<p>Here is a link to an interesting article on solar power in Sierra Leone,&nbsp;<a href=\"http://www.guardian.co.uk/global-development/poverty-matters/2011/aug/17/sierra-leone-barefoot-solar-engineers\">http://www.guardian.co.uk/global-development/poverty-matters/2011/aug/17/sierra-leone-barefoot-solar-engineers?</a></p>','2042-03-15 00:00:00','2011-08-19 22:45:34','2011-08-19 22:45:34',62,1,0,'','zinnia/entry_detail.html',0);
/*!40000 ALTER TABLE `zinnia_entry` ENABLE KEYS */;
UNLOCK TABLES;

--
-- Table structure for table `zinnia_entry_authors`
--

DROP TABLE IF EXISTS `zinnia_entry_authors`;
SET @saved_cs_client     = @@character_set_client;
SET character_set_client = utf8;
CREATE TABLE `zinnia_entry_authors` (
  `id` int(11) NOT NULL auto_increment,
  `entry_id` int(11) NOT NULL,
  `user_id` int(11) NOT NULL,
  PRIMARY KEY  (`id`),
  UNIQUE KEY `zinnia_entry_authors_entry_id_ef33f87_uniq` (`entry_id`,`user_id`),
  KEY `zinnia_entry_authors_38a62041` (`entry_id`),
  KEY `zinnia_entry_authors_403f60f` (`user_id`)
) ENGINE=MyISAM AUTO_INCREMENT=75 DEFAULT CHARSET=latin1;
SET character_set_client = @saved_cs_client;

--
-- Dumping data for table `zinnia_entry_authors`
--

LOCK TABLES `zinnia_entry_authors` WRITE;
/*!40000 ALTER TABLE `zinnia_entry_authors` DISABLE KEYS */;
INSERT INTO `zinnia_entry_authors` VALUES (4,2,4),(5,3,4),(6,4,4),(7,5,4),(8,6,4),(9,7,4),(10,8,3),(11,9,3),(12,10,4),(13,11,3),(14,12,3),(15,13,4),(16,14,4),(17,15,3),(18,16,3),(19,17,3),(20,18,3),(21,19,4),(22,20,3),(23,21,4),(24,22,3),(25,23,3),(26,24,3),(27,25,3),(28,26,3),(29,27,3),(30,28,3),(31,29,3),(32,30,3),(33,31,3),(34,32,3),(35,33,3),(36,34,3),(37,35,3),(38,36,3),(39,37,3),(40,38,3),(41,39,16),(42,40,4),(43,41,3),(44,42,3),(45,43,7),(46,44,3),(47,45,3),(48,46,3),(49,47,3),(50,48,3),(51,49,4),(52,50,4),(53,51,3),(54,52,3),(55,53,3),(56,54,4),(57,55,3),(59,56,3),(62,57,3),(67,58,3),(69,59,3),(68,60,3),(73,61,3),(74,62,3);
/*!40000 ALTER TABLE `zinnia_entry_authors` ENABLE KEYS */;
UNLOCK TABLES;

--
-- Table structure for table `zinnia_entry_categories`
--

DROP TABLE IF EXISTS `zinnia_entry_categories`;
SET @saved_cs_client     = @@character_set_client;
SET character_set_client = utf8;
CREATE TABLE `zinnia_entry_categories` (
  `id` int(11) NOT NULL auto_increment,
  `entry_id` int(11) NOT NULL,
  `category_id` int(11) NOT NULL,
  PRIMARY KEY  (`id`),
  UNIQUE KEY `zinnia_entry_categories_entry_id_4d789b1d_uniq` (`entry_id`,`category_id`),
  KEY `zinnia_entry_categories_38a62041` (`entry_id`),
  KEY `zinnia_entry_categories_42dc49bc` (`category_id`)
) ENGINE=MyISAM AUTO_INCREMENT=63 DEFAULT CHARSET=latin1;
SET character_set_client = @saved_cs_client;

--
-- Dumping data for table `zinnia_entry_categories`
--

LOCK TABLES `zinnia_entry_categories` WRITE;
/*!40000 ALTER TABLE `zinnia_entry_categories` DISABLE KEYS */;
INSERT INTO `zinnia_entry_categories` VALUES (2,2,3),(3,3,3),(4,4,3),(5,5,3),(6,6,3),(7,7,3),(8,8,3),(9,9,3),(10,10,3),(11,11,3),(12,12,3),(13,13,3),(14,14,3),(15,15,3),(16,16,3),(17,17,3),(18,18,3),(19,19,3),(20,20,3),(21,21,3),(22,22,3),(23,23,3),(24,24,3),(25,25,3),(26,26,3),(27,27,3),(28,28,3),(29,29,3),(30,30,3),(31,31,3),(32,32,3),(33,33,3),(34,34,3),(35,35,3),(36,36,3),(37,37,3),(38,38,3),(39,39,3),(40,40,3),(41,41,3),(42,42,3),(43,43,3),(44,44,3),(45,45,3),(46,46,3),(47,47,3),(48,48,3),(49,49,3),(50,50,3),(51,51,3),(52,52,3),(53,53,3),(54,54,3),(55,55,3),(57,56,3),(60,59,3),(59,58,3),(62,61,3);
/*!40000 ALTER TABLE `zinnia_entry_categories` ENABLE KEYS */;
UNLOCK TABLES;

--
-- Table structure for table `zinnia_entry_related`
--

DROP TABLE IF EXISTS `zinnia_entry_related`;
SET @saved_cs_client     = @@character_set_client;
SET character_set_client = utf8;
CREATE TABLE `zinnia_entry_related` (
  `id` int(11) NOT NULL auto_increment,
  `from_entry_id` int(11) NOT NULL,
  `to_entry_id` int(11) NOT NULL,
  PRIMARY KEY  (`id`),
  UNIQUE KEY `zinnia_entry_related_from_entry_id_b9f8939_uniq` (`from_entry_id`,`to_entry_id`),
  KEY `zinnia_entry_related_7a3c6305` (`from_entry_id`),
  KEY `zinnia_entry_related_5bfba756` (`to_entry_id`)
) ENGINE=MyISAM DEFAULT CHARSET=latin1;
SET character_set_client = @saved_cs_client;

--
-- Dumping data for table `zinnia_entry_related`
--

LOCK TABLES `zinnia_entry_related` WRITE;
/*!40000 ALTER TABLE `zinnia_entry_related` DISABLE KEYS */;
/*!40000 ALTER TABLE `zinnia_entry_related` ENABLE KEYS */;
UNLOCK TABLES;

--
-- Table structure for table `zinnia_entry_sites`
--

DROP TABLE IF EXISTS `zinnia_entry_sites`;
SET @saved_cs_client     = @@character_set_client;
SET character_set_client = utf8;
CREATE TABLE `zinnia_entry_sites` (
  `id` int(11) NOT NULL auto_increment,
  `entry_id` int(11) NOT NULL,
  `site_id` int(11) NOT NULL,
  PRIMARY KEY  (`id`),
  UNIQUE KEY `zinnia_entry_sites_entry_id_2bc8a31b_uniq` (`entry_id`,`site_id`),
  KEY `zinnia_entry_sites_38a62041` (`entry_id`),
  KEY `zinnia_entry_sites_6223029` (`site_id`)
) ENGINE=MyISAM AUTO_INCREMENT=75 DEFAULT CHARSET=latin1;
SET character_set_client = @saved_cs_client;

--
-- Dumping data for table `zinnia_entry_sites`
--

LOCK TABLES `zinnia_entry_sites` WRITE;
/*!40000 ALTER TABLE `zinnia_entry_sites` DISABLE KEYS */;
INSERT INTO `zinnia_entry_sites` VALUES (4,2,1),(5,3,1),(6,4,1),(7,5,1),(8,6,1),(9,7,1),(10,8,1),(11,9,1),(12,10,1),(13,11,1),(14,12,1),(15,13,1),(16,14,1),(17,15,1),(18,16,1),(19,17,1),(20,18,1),(21,19,1),(22,20,1),(23,21,1),(24,22,1),(25,23,1),(26,24,1),(27,25,1),(28,26,1),(29,27,1),(30,28,1),(31,29,1),(32,30,1),(33,31,1),(34,32,1),(35,33,1),(36,34,1),(37,35,1),(38,36,1),(39,37,1),(40,38,1),(41,39,1),(42,40,1),(43,41,1),(44,42,1),(45,43,1),(46,44,1),(47,45,1),(48,46,1),(49,47,1),(50,48,1),(51,49,1),(52,50,1),(53,51,1),(54,52,1),(55,53,1),(56,54,1),(57,55,1),(59,56,1),(62,57,1),(67,58,1),(69,59,1),(68,60,1),(73,61,1),(74,62,1);
/*!40000 ALTER TABLE `zinnia_entry_sites` ENABLE KEYS */;
UNLOCK TABLES;
/*!40103 SET TIME_ZONE=@OLD_TIME_ZONE */;

/*!40101 SET SQL_MODE=@OLD_SQL_MODE */;
/*!40014 SET FOREIGN_KEY_CHECKS=@OLD_FOREIGN_KEY_CHECKS */;
/*!40014 SET UNIQUE_CHECKS=@OLD_UNIQUE_CHECKS */;
/*!40101 SET CHARACTER_SET_CLIENT=@OLD_CHARACTER_SET_CLIENT */;
/*!40101 SET CHARACTER_SET_RESULTS=@OLD_CHARACTER_SET_RESULTS */;
/*!40101 SET COLLATION_CONNECTION=@OLD_COLLATION_CONNECTION */;
/*!40111 SET SQL_NOTES=@OLD_SQL_NOTES */;

-- Dump completed on 2011-08-20  7:55:37
