-- MySQL dump 10.13  Distrib 5.1.41, for debian-linux-gnu (i486)
--
-- Host: localhost    Database: efodb
-- ------------------------------------------------------
-- Server version	5.1.41-3ubuntu12.10

/*!40101 SET @OLD_CHARACTER_SET_CLIENT=@@CHARACTER_SET_CLIENT */;
/*!40101 SET @OLD_CHARACTER_SET_RESULTS=@@CHARACTER_SET_RESULTS */;
/*!40101 SET @OLD_COLLATION_CONNECTION=@@COLLATION_CONNECTION */;
/*!40101 SET NAMES utf8 */;
/*!40103 SET @OLD_TIME_ZONE=@@TIME_ZONE */;
/*!40103 SET TIME_ZONE='+00:00' */;
/*!40014 SET @OLD_UNIQUE_CHECKS=@@UNIQUE_CHECKS, UNIQUE_CHECKS=0 */;
/*!40014 SET @OLD_FOREIGN_KEY_CHECKS=@@FOREIGN_KEY_CHECKS, FOREIGN_KEY_CHECKS=0 */;
/*!40101 SET @OLD_SQL_MODE=@@SQL_MODE, SQL_MODE='NO_AUTO_VALUE_ON_ZERO' */;
/*!40111 SET @OLD_SQL_NOTES=@@SQL_NOTES, SQL_NOTES=0 */;

--
-- Table structure for table `account_account`
--

DROP TABLE IF EXISTS `account_account`;
/*!40101 SET @saved_cs_client     = @@character_set_client */;
/*!40101 SET character_set_client = utf8 */;
CREATE TABLE `account_account` (
  `id` int(11) NOT NULL AUTO_INCREMENT,
  `user_id` int(11) NOT NULL,
  `timezone` varchar(100) NOT NULL,
  `language` varchar(10) NOT NULL,
  PRIMARY KEY (`id`),
  UNIQUE KEY `user_id` (`user_id`)
) ENGINE=MyISAM AUTO_INCREMENT=17 DEFAULT CHARSET=latin1;
/*!40101 SET character_set_client = @saved_cs_client */;

--
-- Dumping data for table `account_account`
--

LOCK TABLES `account_account` WRITE;
/*!40000 ALTER TABLE `account_account` DISABLE KEYS */;
INSERT INTO `account_account` VALUES (1,1,'Australia/Melbourne','en-us'),(2,2,'Australia/Melbourne','en-us'),(3,3,'Australia/Melbourne','en-us'),(4,4,'Australia/Melbourne','en-us'),(5,5,'Australia/Melbourne','en-us'),(6,6,'Australia/Melbourne','en-us'),(7,7,'Australia/Melbourne','en-us'),(8,8,'Australia/Melbourne','en-us'),(9,9,'Australia/Melbourne','en-us'),(10,10,'Australia/Melbourne','en-us'),(11,11,'Australia/Melbourne','en-us'),(12,12,'Australia/Melbourne','en-us'),(13,13,'Australia/Melbourne','en-us'),(14,14,'Australia/Melbourne','en-us'),(15,15,'Australia/Melbourne','en-us'),(16,16,'Australia/Melbourne','en-us');
/*!40000 ALTER TABLE `account_account` ENABLE KEYS */;
UNLOCK TABLES;

--
-- Table structure for table `account_otherserviceinfo`
--

DROP TABLE IF EXISTS `account_otherserviceinfo`;
/*!40101 SET @saved_cs_client     = @@character_set_client */;
/*!40101 SET character_set_client = utf8 */;
CREATE TABLE `account_otherserviceinfo` (
  `id` int(11) NOT NULL AUTO_INCREMENT,
  `user_id` int(11) NOT NULL,
  `key` varchar(50) NOT NULL,
  `value` longtext NOT NULL,
  PRIMARY KEY (`id`),
  UNIQUE KEY `user_id` (`user_id`,`key`),
  KEY `account_otherserviceinfo_403f60f` (`user_id`)
) ENGINE=MyISAM DEFAULT CHARSET=latin1;
/*!40101 SET character_set_client = @saved_cs_client */;

--
-- Dumping data for table `account_otherserviceinfo`
--

LOCK TABLES `account_otherserviceinfo` WRITE;
/*!40000 ALTER TABLE `account_otherserviceinfo` DISABLE KEYS */;
/*!40000 ALTER TABLE `account_otherserviceinfo` ENABLE KEYS */;
UNLOCK TABLES;

--
-- Table structure for table `account_passwordreset`
--

DROP TABLE IF EXISTS `account_passwordreset`;
/*!40101 SET @saved_cs_client     = @@character_set_client */;
/*!40101 SET character_set_client = utf8 */;
CREATE TABLE `account_passwordreset` (
  `id` int(11) NOT NULL AUTO_INCREMENT,
  `user_id` int(11) NOT NULL,
  `temp_key` varchar(100) NOT NULL,
  `timestamp` datetime NOT NULL,
  `reset` tinyint(1) NOT NULL,
  PRIMARY KEY (`id`),
  KEY `account_passwordreset_403f60f` (`user_id`)
) ENGINE=MyISAM DEFAULT CHARSET=latin1;
/*!40101 SET character_set_client = @saved_cs_client */;

--
-- Dumping data for table `account_passwordreset`
--

LOCK TABLES `account_passwordreset` WRITE;
/*!40000 ALTER TABLE `account_passwordreset` DISABLE KEYS */;
/*!40000 ALTER TABLE `account_passwordreset` ENABLE KEYS */;
UNLOCK TABLES;

--
-- Table structure for table `announcements_announcement`
--

DROP TABLE IF EXISTS `announcements_announcement`;
/*!40101 SET @saved_cs_client     = @@character_set_client */;
/*!40101 SET character_set_client = utf8 */;
CREATE TABLE `announcements_announcement` (
  `id` int(11) NOT NULL AUTO_INCREMENT,
  `title` varchar(50) NOT NULL,
  `content` longtext NOT NULL,
  `creator_id` int(11) NOT NULL,
  `creation_date` datetime NOT NULL,
  `site_wide` tinyint(1) NOT NULL,
  `members_only` tinyint(1) NOT NULL,
  PRIMARY KEY (`id`),
  KEY `announcements_announcement_685aee7` (`creator_id`)
) ENGINE=MyISAM DEFAULT CHARSET=latin1;
/*!40101 SET character_set_client = @saved_cs_client */;

--
-- Dumping data for table `announcements_announcement`
--

LOCK TABLES `announcements_announcement` WRITE;
/*!40000 ALTER TABLE `announcements_announcement` DISABLE KEYS */;
/*!40000 ALTER TABLE `announcements_announcement` ENABLE KEYS */;
UNLOCK TABLES;

--
-- Table structure for table `auth_group`
--

DROP TABLE IF EXISTS `auth_group`;
/*!40101 SET @saved_cs_client     = @@character_set_client */;
/*!40101 SET character_set_client = utf8 */;
CREATE TABLE `auth_group` (
  `id` int(11) NOT NULL AUTO_INCREMENT,
  `name` varchar(80) NOT NULL,
  PRIMARY KEY (`id`),
  UNIQUE KEY `name` (`name`)
) ENGINE=MyISAM AUTO_INCREMENT=5 DEFAULT CHARSET=latin1;
/*!40101 SET character_set_client = @saved_cs_client */;

--
-- Dumping data for table `auth_group`
--

LOCK TABLES `auth_group` WRITE;
/*!40000 ALTER TABLE `auth_group` DISABLE KEYS */;
INSERT INTO `auth_group` VALUES (1,'Programme Staff'),(2,'Australian Directors'),(3,'Canadian Directors'),(4,'Site Editor');
/*!40000 ALTER TABLE `auth_group` ENABLE KEYS */;
UNLOCK TABLES;

--
-- Table structure for table `auth_group_permissions`
--

DROP TABLE IF EXISTS `auth_group_permissions`;
/*!40101 SET @saved_cs_client     = @@character_set_client */;
/*!40101 SET character_set_client = utf8 */;
CREATE TABLE `auth_group_permissions` (
  `id` int(11) NOT NULL AUTO_INCREMENT,
  `group_id` int(11) NOT NULL,
  `permission_id` int(11) NOT NULL,
  PRIMARY KEY (`id`),
  UNIQUE KEY `group_id` (`group_id`,`permission_id`),
  KEY `auth_group_permissions_425ae3c4` (`group_id`),
  KEY `auth_group_permissions_1e014c8f` (`permission_id`)
) ENGINE=MyISAM AUTO_INCREMENT=174 DEFAULT CHARSET=latin1;
/*!40101 SET character_set_client = @saved_cs_client */;

--
-- Dumping data for table `auth_group_permissions`
--

LOCK TABLES `auth_group_permissions` WRITE;
/*!40000 ALTER TABLE `auth_group_permissions` DISABLE KEYS */;
INSERT INTO `auth_group_permissions` VALUES (173,4,218),(172,4,119),(171,4,117),(170,4,116),(169,4,115),(168,4,203),(167,4,145),(166,4,187),(165,4,151),(164,4,225),(163,4,224),(162,4,223),(161,4,222),(160,4,221),(159,4,220),(158,4,91),(157,4,90),(156,4,89),(155,4,216),(154,4,215),(153,4,214),(152,4,213),(151,4,212),(150,4,211),(149,4,210),(148,4,209),(147,4,208),(146,4,207),(145,4,206),(144,4,162),(143,4,219),(142,4,160),(141,4,205),(140,4,161),(139,4,195),(138,4,194),(137,4,193),(136,4,192),(135,4,191),(134,4,190),(133,4,189),(132,4,188),(131,4,159),(130,4,186),(129,4,185),(128,4,184),(127,4,183),(126,4,182),(125,4,181),(124,4,177),(123,4,176),(122,4,175),(121,4,174),(120,4,173),(119,4,172),(118,4,37),(117,4,36),(116,4,35),(115,4,34),(114,4,33),(113,4,32),(112,4,31),(111,4,158),(110,4,157),(109,4,156),(108,4,155),(107,4,26),(106,4,153),(105,4,152),(104,4,217),(103,4,154),(102,4,149),(101,4,148),(100,4,147),(99,4,146),(98,4,88),(97,4,144),(96,4,143),(95,4,142),(94,4,86),(93,4,87),(92,4,150);
/*!40000 ALTER TABLE `auth_group_permissions` ENABLE KEYS */;
UNLOCK TABLES;

--
-- Table structure for table `auth_message`
--

DROP TABLE IF EXISTS `auth_message`;
/*!40101 SET @saved_cs_client     = @@character_set_client */;
/*!40101 SET character_set_client = utf8 */;
CREATE TABLE `auth_message` (
  `id` int(11) NOT NULL AUTO_INCREMENT,
  `user_id` int(11) NOT NULL,
  `message` longtext NOT NULL,
  PRIMARY KEY (`id`),
  KEY `auth_message_403f60f` (`user_id`)
) ENGINE=MyISAM AUTO_INCREMENT=47 DEFAULT CHARSET=latin1;
/*!40101 SET character_set_client = @saved_cs_client */;

--
-- Dumping data for table `auth_message`
--

LOCK TABLES `auth_message` WRITE;
/*!40000 ALTER TABLE `auth_message` DISABLE KEYS */;
INSERT INTO `auth_message` VALUES (1,1,'The requested Folder does not exist.'),(2,1,'The requested Folder does not exist.'),(3,1,'The requested Folder does not exist.'),(4,1,'The requested Folder does not exist.'),(5,1,'The requested Folder does not exist.'),(6,1,'The requested Folder does not exist.'),(7,1,'The requested Folder does not exist.'),(8,1,'The requested Folder does not exist.'),(9,1,'The requested Folder does not exist.'),(10,1,'The requested Folder does not exist.'),(11,1,'The requested Folder does not exist.'),(12,1,'The Folder myfolder was successfully created.'),(13,1,'The requested Folder does not exist.'),(14,1,'The requested Folder does not exist.'),(15,1,'The requested Folder does not exist.'),(16,1,'The requested Folder does not exist.'),(17,1,'The requested Folder does not exist.'),(18,1,'The requested Folder does not exist.'),(19,1,'The requested Folder does not exist.'),(20,1,'The folder myfolder was successfully deleted.'),(21,1,'The requested Folder does not exist.'),(22,1,'The requested Folder does not exist.'),(23,1,'The Folder avatars was successfully created.'),(24,1,'The requested Folder does not exist.'),(25,1,'The file dscn4435.jpg was successfully deleted.'),(26,1,'The Folder documents was successfully created.'),(27,1,'The file module-tiwai.jpg was successfully deleted.'),(28,1,'The file module-tiwai.jpg was successfully deleted.'),(29,1,'The requested Folder does not exist.'),(30,1,'The requested Folder does not exist.'),(31,1,'The requested Folder does not exist.'),(32,1,'The requested Folder does not exist.'),(33,1,'The requested Folder does not exist.'),(34,1,'The requested Folder does not exist.'),(35,1,'The requested Folder does not exist.'),(36,1,'The requested Folder does not exist.'),(37,1,'The requested Folder does not exist.'),(38,1,'The requested Folder does not exist.'),(39,1,'The requested Folder does not exist.'),(40,1,'The requested Folder does not exist.'),(41,1,'The requested Folder does not exist.'),(42,1,'The Folder programmes was successfully created.'),(43,1,'The Folder skills_training was successfully created.'),(44,1,'The Folder community_development was successfully created.'),(45,1,'The Folder education was successfully created.'),(46,1,'The Folder health was successfully created.');
/*!40000 ALTER TABLE `auth_message` ENABLE KEYS */;
UNLOCK TABLES;

--
-- Table structure for table `auth_permission`
--

DROP TABLE IF EXISTS `auth_permission`;
/*!40101 SET @saved_cs_client     = @@character_set_client */;
/*!40101 SET character_set_client = utf8 */;
CREATE TABLE `auth_permission` (
  `id` int(11) NOT NULL AUTO_INCREMENT,
  `name` varchar(50) NOT NULL,
  `content_type_id` int(11) NOT NULL,
  `codename` varchar(100) NOT NULL,
  PRIMARY KEY (`id`),
  UNIQUE KEY `content_type_id` (`content_type_id`,`codename`),
  KEY `auth_permission_1bb8f392` (`content_type_id`)
) ENGINE=MyISAM AUTO_INCREMENT=226 DEFAULT CHARSET=latin1;
/*!40101 SET character_set_client = @saved_cs_client */;

--
-- Dumping data for table `auth_permission`
--

LOCK TABLES `auth_permission` WRITE;
/*!40000 ALTER TABLE `auth_permission` DISABLE KEYS */;
INSERT INTO `auth_permission` VALUES (1,'Can add notice type',1,'add_noticetype'),(2,'Can change notice type',1,'change_noticetype'),(3,'Can delete notice type',1,'delete_noticetype'),(4,'Can add notice setting',2,'add_noticesetting'),(5,'Can change notice setting',2,'change_noticesetting'),(6,'Can delete notice setting',2,'delete_noticesetting'),(7,'Can add notice',3,'add_notice'),(8,'Can change notice',3,'change_notice'),(9,'Can delete notice',3,'delete_notice'),(10,'Can add notice queue batch',4,'add_noticequeuebatch'),(11,'Can change notice queue batch',4,'change_noticequeuebatch'),(12,'Can delete notice queue batch',4,'delete_noticequeuebatch'),(13,'Can add observed item',5,'add_observeditem'),(14,'Can change observed item',5,'change_observeditem'),(15,'Can delete observed item',5,'delete_observeditem'),(16,'Can add log entry',6,'add_logentry'),(17,'Can change log entry',6,'change_logentry'),(18,'Can delete log entry',6,'delete_logentry'),(19,'Can add permission',7,'add_permission'),(20,'Can change permission',7,'change_permission'),(21,'Can delete permission',7,'delete_permission'),(22,'Can add group',8,'add_group'),(23,'Can change group',8,'change_group'),(24,'Can delete group',8,'delete_group'),(25,'Can add user',9,'add_user'),(26,'Can change user',9,'change_user'),(27,'Can delete user',9,'delete_user'),(28,'Can add message',10,'add_message'),(29,'Can change message',10,'change_message'),(30,'Can delete message',10,'delete_message'),(31,'Can add comment',11,'add_comment'),(32,'Can change comment',11,'change_comment'),(33,'Can delete comment',11,'delete_comment'),(34,'Can moderate comments',11,'can_moderate'),(35,'Can add comment flag',12,'add_commentflag'),(36,'Can change comment flag',12,'change_commentflag'),(37,'Can delete comment flag',12,'delete_commentflag'),(38,'Can add content type',13,'add_contenttype'),(39,'Can change content type',13,'change_contenttype'),(40,'Can delete content type',13,'delete_contenttype'),(41,'Can add session',14,'add_session'),(42,'Can change session',14,'change_session'),(43,'Can delete session',14,'delete_session'),(44,'Can add site',15,'add_site'),(45,'Can change site',15,'change_site'),(46,'Can delete site',15,'delete_site'),(47,'Can add message',16,'add_message'),(48,'Can change message',16,'change_message'),(49,'Can delete message',16,'delete_message'),(50,'Can add don\'t send entry',17,'add_dontsendentry'),(51,'Can change don\'t send entry',17,'change_dontsendentry'),(52,'Can delete don\'t send entry',17,'delete_dontsendentry'),(53,'Can add message log',18,'add_messagelog'),(54,'Can change message log',18,'change_messagelog'),(55,'Can delete message log',18,'delete_messagelog'),(56,'Can add e-mail address',19,'add_emailaddress'),(57,'Can change e-mail address',19,'change_emailaddress'),(58,'Can delete e-mail address',19,'delete_emailaddress'),(59,'Can add e-mail confirmation',20,'add_emailconfirmation'),(60,'Can change e-mail confirmation',20,'change_emailconfirmation'),(61,'Can delete e-mail confirmation',20,'delete_emailconfirmation'),(62,'Can add announcement',21,'add_announcement'),(63,'Can change announcement',21,'change_announcement'),(64,'Can delete announcement',21,'delete_announcement'),(65,'Can add kv store',22,'add_kvstore'),(66,'Can change kv store',22,'change_kvstore'),(67,'Can delete kv store',22,'delete_kvstore'),(68,'Can add view tracker',23,'add_viewtracker'),(69,'Can change view tracker',23,'change_viewtracker'),(70,'Can delete view tracker',23,'delete_viewtracker'),(71,'Can add migration history',24,'add_migrationhistory'),(72,'Can change migration history',24,'change_migrationhistory'),(73,'Can delete migration history',24,'delete_migrationhistory'),(74,'Can add Tag',25,'add_tag'),(75,'Can change Tag',25,'change_tag'),(76,'Can delete Tag',25,'delete_tag'),(77,'Can add Tagged Item',26,'add_taggeditem'),(78,'Can change Tagged Item',26,'change_taggeditem'),(79,'Can delete Tagged Item',26,'delete_taggeditem'),(80,'Can add account',27,'add_account'),(81,'Can change account',27,'change_account'),(82,'Can delete account',27,'delete_account'),(83,'Can add other service info',28,'add_otherserviceinfo'),(84,'Can change other service info',28,'change_otherserviceinfo'),(85,'Can delete other service info',28,'delete_otherserviceinfo'),(86,'Can add password reset',29,'add_passwordreset'),(87,'Can change password reset',29,'change_passwordreset'),(88,'Can delete password reset',29,'delete_passwordreset'),(89,'Can add profile',30,'add_profile'),(90,'Can change profile',30,'change_profile'),(91,'Can delete profile',30,'delete_profile'),(92,'Can add nonce',31,'add_nonce'),(93,'Can change nonce',31,'change_nonce'),(94,'Can delete nonce',31,'delete_nonce'),(95,'Can add association',32,'add_association'),(96,'Can change association',32,'change_association'),(97,'Can delete association',32,'delete_association'),(98,'Can add user openid association',33,'add_useropenidassociation'),(99,'Can change user openid association',33,'change_useropenidassociation'),(100,'Can delete user openid association',33,'delete_useropenidassociation'),(101,'Can add queue',34,'add_queue'),(102,'Can change queue',34,'change_queue'),(103,'Can delete queue',34,'delete_queue'),(104,'Can add Mailchimp Log',35,'add_campaign'),(105,'Can change Mailchimp Log',35,'change_campaign'),(106,'Can delete Mailchimp Log',35,'delete_campaign'),(107,'Can view Mailchimp information',35,'can_view'),(108,'Can send Mailchimp newsletters',35,'can_send'),(109,'Can add reciever',36,'add_reciever'),(110,'Can change reciever',36,'change_reciever'),(111,'Can delete reciever',36,'delete_reciever'),(112,'Can add placeholder',37,'add_placeholder'),(113,'Can change placeholder',37,'change_placeholder'),(114,'Can delete placeholder',37,'delete_placeholder'),(115,'Can add cms plugin',38,'add_cmsplugin'),(116,'Can change cms plugin',38,'change_cmsplugin'),(117,'Can delete cms plugin',38,'delete_cmsplugin'),(118,'Can add page',39,'add_page'),(119,'Can change page',39,'change_page'),(120,'Can delete page',39,'delete_page'),(121,'Can add PageModerator',40,'add_pagemoderator'),(122,'Can change PageModerator',40,'change_pagemoderator'),(123,'Can delete PageModerator',40,'delete_pagemoderator'),(124,'Can add Page moderator state',41,'add_pagemoderatorstate'),(125,'Can change Page moderator state',41,'change_pagemoderatorstate'),(126,'Can delete Page moderator state',41,'delete_pagemoderatorstate'),(127,'Can add Page global permission',42,'add_globalpagepermission'),(128,'Can change Page global permission',42,'change_globalpagepermission'),(129,'Can delete Page global permission',42,'delete_globalpagepermission'),(130,'Can add Page permission',43,'add_pagepermission'),(131,'Can change Page permission',43,'change_pagepermission'),(132,'Can delete Page permission',43,'delete_pagepermission'),(133,'Can add User (page)',44,'add_pageuser'),(134,'Can change User (page)',44,'change_pageuser'),(135,'Can delete User (page)',44,'delete_pageuser'),(136,'Can add User group (page)',45,'add_pageusergroup'),(137,'Can change User group (page)',45,'change_pageusergroup'),(138,'Can delete User group (page)',45,'delete_pageusergroup'),(139,'Can add title',46,'add_title'),(140,'Can change title',46,'change_title'),(141,'Can delete title',46,'delete_title'),(142,'Can add picture',47,'add_picture'),(143,'Can change picture',47,'change_picture'),(144,'Can delete picture',47,'delete_picture'),(145,'Can add text',48,'add_text'),(146,'Can change text',48,'change_text'),(147,'Can delete text',48,'delete_text'),(148,'Can add Snippet',49,'add_snippet'),(149,'Can change Snippet',49,'change_snippet'),(150,'Can delete Snippet',49,'delete_snippet'),(151,'Can add Snippet',50,'add_snippetptr'),(152,'Can change Snippet',50,'change_snippetptr'),(153,'Can delete Snippet',50,'delete_snippetptr'),(154,'Can add link',51,'add_link'),(155,'Can change link',51,'change_link'),(156,'Can delete link',51,'delete_link'),(157,'Can add google map',52,'add_googlemap'),(158,'Can change google map',52,'change_googlemap'),(159,'Can delete google map',52,'delete_googlemap'),(160,'Can add file',53,'add_file'),(161,'Can change file',53,'change_file'),(162,'Can delete file',53,'delete_file'),(163,'Can add cache key',54,'add_cachekey'),(164,'Can change cache key',54,'change_cachekey'),(165,'Can delete cache key',54,'delete_cachekey'),(166,'Can add image',55,'add_image'),(167,'Can change image',55,'change_image'),(168,'Can delete image',55,'delete_image'),(169,'Can add site feature area',56,'add_sitefeaturearea'),(170,'Can change site feature area',56,'change_sitefeaturearea'),(171,'Can delete site feature area',56,'delete_sitefeaturearea'),(172,'Can add feature set',57,'add_featureset'),(173,'Can change feature set',57,'change_featureset'),(174,'Can delete feature set',57,'delete_featureset'),(175,'Can add feature',58,'add_feature'),(176,'Can change feature',58,'change_feature'),(177,'Can delete feature',58,'delete_feature'),(178,'Can add feature schedule',59,'add_featureschedule'),(179,'Can change feature schedule',59,'change_featureschedule'),(180,'Can delete feature schedule',59,'delete_featureschedule'),(181,'Can add project location',60,'add_projectlocation'),(182,'Can change project location',60,'change_projectlocation'),(183,'Can delete project location',60,'delete_projectlocation'),(184,'Can add project',61,'add_project'),(185,'Can change project',61,'change_project'),(186,'Can delete project',61,'delete_project'),(187,'Can add project image',62,'add_projectimage'),(188,'Can change project image',62,'change_projectimage'),(189,'Can delete project image',62,'delete_projectimage'),(190,'Can add programme',63,'add_programme'),(191,'Can change programme',63,'change_programme'),(192,'Can delete programme',63,'delete_programme'),(193,'Can add programme image',64,'add_programmeimage'),(194,'Can change programme image',64,'change_programmeimage'),(195,'Can delete programme image',64,'delete_programmeimage'),(196,'Can add tag',65,'add_tag'),(197,'Can change tag',65,'change_tag'),(198,'Can delete tag',65,'delete_tag'),(199,'Can add tagged item',66,'add_taggeditem'),(200,'Can change tagged item',66,'change_taggeditem'),(201,'Can delete tagged item',66,'delete_taggeditem'),(202,'Can add author',9,'add_author'),(203,'Can change author',9,'change_author'),(204,'Can delete author',9,'delete_author'),(205,'Can add category',67,'add_category'),(206,'Can change category',67,'change_category'),(207,'Can delete category',67,'delete_category'),(208,'Can add entry',68,'add_entry'),(209,'Can change entry',68,'change_entry'),(210,'Can delete entry',68,'delete_entry'),(211,'Can view all',68,'can_view_all'),(212,'Can change author',68,'can_change_author'),(213,'Can add latest entries plugin',70,'add_latestentriesplugin'),(214,'Can change latest entries plugin',70,'change_latestentriesplugin'),(215,'Can delete latest entries plugin',70,'delete_latestentriesplugin'),(216,'Can add selected entries plugin',71,'add_selectedentriesplugin'),(217,'Can change selected entries plugin',71,'change_selectedentriesplugin'),(218,'Can delete selected entries plugin',71,'delete_selectedentriesplugin'),(219,'Can add random entries plugin',72,'add_randomentriesplugin'),(220,'Can change random entries plugin',72,'change_randomentriesplugin'),(221,'Can delete random entries plugin',72,'delete_randomentriesplugin'),(222,'Can add contact message',73,'add_message'),(223,'Can change contact message',73,'change_message'),(224,'Can delete contact message',73,'delete_message'),(225,'can receive messages',73,'can_receive_messages');
/*!40000 ALTER TABLE `auth_permission` ENABLE KEYS */;
UNLOCK TABLES;

--
-- Table structure for table `auth_user`
--

DROP TABLE IF EXISTS `auth_user`;
/*!40101 SET @saved_cs_client     = @@character_set_client */;
/*!40101 SET character_set_client = utf8 */;
CREATE TABLE `auth_user` (
  `id` int(11) NOT NULL AUTO_INCREMENT,
  `username` varchar(30) NOT NULL,
  `first_name` varchar(30) NOT NULL,
  `last_name` varchar(30) NOT NULL,
  `email` varchar(75) NOT NULL,
  `password` varchar(128) NOT NULL,
  `is_staff` tinyint(1) NOT NULL,
  `is_active` tinyint(1) NOT NULL,
  `is_superuser` tinyint(1) NOT NULL,
  `last_login` datetime NOT NULL,
  `date_joined` datetime NOT NULL,
  PRIMARY KEY (`id`),
  UNIQUE KEY `username` (`username`)
) ENGINE=MyISAM AUTO_INCREMENT=17 DEFAULT CHARSET=latin1;
/*!40101 SET character_set_client = @saved_cs_client */;

--
-- Dumping data for table `auth_user`
--

LOCK TABLES `auth_user` WRITE;
/*!40000 ALTER TABLE `auth_user` DISABLE KEYS */;
INSERT INTO `auth_user` VALUES (1,'dan.peade@gmail.com','Dan','Peade','dan.peade@gmail.com','sha1$57163$86db5a8fdd2f797220937ddfe2f4d3eda175c19d',1,1,1,'2011-05-02 21:21:21','2011-04-08 16:34:57'),(2,'Christiansen-Ame','Ame','Christiansen','ame@energyforopportunity.org','sha1$9af12$bbf4e085bf63430871d16d026bf323406a6d673b',1,1,0,'2011-05-03 12:38:55','2011-04-27 18:15:46'),(3,'Willans-Simon','Simon','Willans','simon@energyforopportunity.org','sha1$047ef$fd675b23bbfe322c4c0a47ded5f747558384aaaf',0,1,0,'2011-04-30 12:13:38','2011-02-01 12:13:38'),(4,'Munro-Paul','Paul','Munro','paul@energyforopportunity.org','sha1$8e8eb$bf4ecda0c4f6b205fe8ac8c5824b0278b144b277',0,1,0,'2011-04-30 12:26:59','2011-04-30 12:26:59'),(5,'Jalloh-Chernor-Marju','Chernor Marju','Jalloh','jalloh@energyforopportunity.org','sha1$9d10f$363303232b7d4cf03c3ea2714738ea523985ccdc',0,1,0,'2011-04-30 12:29:09','2011-04-30 12:29:09'),(6,'Kabba-Turay-Mohamed','Mohamed','Kabba Turay','mohamed@energyforopportunity.org','sha1$4c2fe$e743581a499169bc85389dc870ad2eee43ce6e3c',0,1,0,'2011-04-30 12:30:27','2011-04-30 12:30:27'),(7,'Munro-Robert','Robert','Munro','rob@energyforopportunity.org','sha1$747bc$309a603f7a1ea779432f95c80dff361baf6adee1',0,1,0,'2011-04-30 12:32:00','2011-04-30 12:32:00'),(8,'Krysa-Mike','Mike','Krysa','mike@energyforopportunity.org','sha1$e36dd$8341e1e2c9e0469d5ab0941c44ea2b2a45aac59f',0,1,0,'2011-04-30 12:33:39','2011-04-30 12:33:39'),(9,'Krajcovic-Linda','Linda','Krajcovic','linda@energyforopportunity.org','sha1$fb28e$a63605c61d566df26073b134b90706f0310a8718',0,1,0,'2011-04-30 12:44:09','2011-04-30 12:44:09'),(10,'Jones-Kevin','Kevin','Jones','kevin@energyforopportunity.org','sha1$65d5f$d478843e629a970a5f9531f466eaca9e2536bc0b',0,1,0,'2011-04-30 12:47:36','2011-04-30 12:47:36'),(11,'Willans-Matthew','Matthew','Willans','matthew@energyforopportunity.org','sha1$95a5a$8cd28c155f19f052a9a46578935a32a2078a0348',0,1,0,'2011-04-30 12:49:36','2011-04-30 12:49:36'),(12,'Grzonkowski-Peter','Peter','Grzonkowski','pete@energyforopportunity.org','sha1$9f0c1$3371f18cc92c487547904667da9206054f5464f1',0,1,0,'2011-04-30 12:51:10','2011-04-30 12:51:10'),(13,'Moran-Sean','Sean','Moran','sean@energyforopportunity.org','sha1$27bd3$2457434236b30992254d7df527ae46ffc262e5a4',0,1,0,'2011-04-30 12:53:30','2011-04-30 12:53:30'),(14,'Johns-Will','Will','Johns','will@energyforopportunity.org','sha1$36976$5a4d036763ca347237c357e171dabaa1cdbdf0a3',0,1,0,'2011-04-30 12:54:52','2011-04-30 12:54:52'),(15,'Munro-Jim','Jim','Munro','jim@energyforopportunity.org','sha1$1b8cc$ad1de55e7b7ffc9b080a87c334876c0d36aac57e',0,1,0,'2011-04-30 12:55:55','2011-04-30 12:55:55'),(16,'admin','','','admin@energyforopportunity.org','!',0,1,0,'2011-05-02 10:31:19','2011-05-02 10:31:19');
/*!40000 ALTER TABLE `auth_user` ENABLE KEYS */;
UNLOCK TABLES;

--
-- Table structure for table `auth_user_groups`
--

DROP TABLE IF EXISTS `auth_user_groups`;
/*!40101 SET @saved_cs_client     = @@character_set_client */;
/*!40101 SET character_set_client = utf8 */;
CREATE TABLE `auth_user_groups` (
  `id` int(11) NOT NULL AUTO_INCREMENT,
  `user_id` int(11) NOT NULL,
  `group_id` int(11) NOT NULL,
  PRIMARY KEY (`id`),
  UNIQUE KEY `user_id` (`user_id`,`group_id`),
  KEY `auth_user_groups_403f60f` (`user_id`),
  KEY `auth_user_groups_425ae3c4` (`group_id`)
) ENGINE=MyISAM AUTO_INCREMENT=20 DEFAULT CHARSET=latin1;
/*!40101 SET character_set_client = @saved_cs_client */;

--
-- Dumping data for table `auth_user_groups`
--

LOCK TABLES `auth_user_groups` WRITE;
/*!40000 ALTER TABLE `auth_user_groups` DISABLE KEYS */;
INSERT INTO `auth_user_groups` VALUES (17,3,1),(18,2,2),(4,4,1),(5,5,1),(6,6,1),(7,7,3),(8,8,3),(9,9,3),(10,10,3),(11,11,3),(12,12,2),(13,13,2),(14,14,3),(15,15,2),(19,2,4);
/*!40000 ALTER TABLE `auth_user_groups` ENABLE KEYS */;
UNLOCK TABLES;

--
-- Table structure for table `auth_user_user_permissions`
--

DROP TABLE IF EXISTS `auth_user_user_permissions`;
/*!40101 SET @saved_cs_client     = @@character_set_client */;
/*!40101 SET character_set_client = utf8 */;
CREATE TABLE `auth_user_user_permissions` (
  `id` int(11) NOT NULL AUTO_INCREMENT,
  `user_id` int(11) NOT NULL,
  `permission_id` int(11) NOT NULL,
  PRIMARY KEY (`id`),
  UNIQUE KEY `user_id` (`user_id`,`permission_id`),
  KEY `auth_user_user_permissions_403f60f` (`user_id`),
  KEY `auth_user_user_permissions_1e014c8f` (`permission_id`)
) ENGINE=MyISAM DEFAULT CHARSET=latin1;
/*!40101 SET character_set_client = @saved_cs_client */;

--
-- Dumping data for table `auth_user_user_permissions`
--

LOCK TABLES `auth_user_user_permissions` WRITE;
/*!40000 ALTER TABLE `auth_user_user_permissions` DISABLE KEYS */;
/*!40000 ALTER TABLE `auth_user_user_permissions` ENABLE KEYS */;
UNLOCK TABLES;

--
-- Table structure for table `cms_cmsplugin`
--

DROP TABLE IF EXISTS `cms_cmsplugin`;
/*!40101 SET @saved_cs_client     = @@character_set_client */;
/*!40101 SET character_set_client = utf8 */;
CREATE TABLE `cms_cmsplugin` (
  `language` varchar(15) NOT NULL,
  `position` smallint(6) DEFAULT NULL,
  `creation_date` datetime NOT NULL DEFAULT '2011-04-08 16:35:13',
  `id` int(11) NOT NULL AUTO_INCREMENT,
  `plugin_type` varchar(50) NOT NULL,
  `parent_id` int(11) DEFAULT NULL,
  `tree_id` int(10) unsigned NOT NULL DEFAULT '0',
  `lft` int(10) unsigned NOT NULL DEFAULT '0',
  `rght` int(10) unsigned NOT NULL DEFAULT '0',
  `level` int(10) unsigned NOT NULL DEFAULT '0',
  `placeholder_id` int(11) DEFAULT NULL,
  PRIMARY KEY (`id`),
  KEY `cms_cmsplugin_75853655` (`language`),
  KEY `cms_cmsplugin_52f8f330` (`plugin_type`),
  KEY `cms_cmsplugin_63f17a16` (`parent_id`),
  KEY `cms_cmsplugin_102f80d8` (`tree_id`),
  KEY `cms_cmsplugin_42b06ff6` (`lft`),
  KEY `cms_cmsplugin_6eabc1a6` (`rght`),
  KEY `cms_cmsplugin_2a8f42e8` (`level`),
  KEY `cms_cmsplugin_62e7be1f` (`placeholder_id`)
) ENGINE=MyISAM AUTO_INCREMENT=45 DEFAULT CHARSET=latin1;
/*!40101 SET character_set_client = @saved_cs_client */;

--
-- Dumping data for table `cms_cmsplugin`
--

LOCK TABLES `cms_cmsplugin` WRITE;
/*!40000 ALTER TABLE `cms_cmsplugin` DISABLE KEYS */;
INSERT INTO `cms_cmsplugin` VALUES ('en',0,'2011-04-15 10:42:20',30,'TextPlugin',NULL,9,1,2,0,5),('en',0,'2011-04-13 10:26:57',28,'TextPlugin',NULL,7,1,2,0,17),('en',0,'2011-04-12 19:18:18',24,'TextPlugin',NULL,3,1,2,0,10),('en',0,'2011-04-13 09:43:24',26,'TextPlugin',NULL,5,1,2,0,16),('en',0,'2011-04-13 09:43:37',27,'TextPlugin',NULL,6,1,2,0,15),('en',0,'2011-04-13 14:28:58',29,'TextPlugin',NULL,8,1,2,0,7),('en',0,'2011-04-15 10:48:31',31,'TextPlugin',NULL,10,1,2,0,19),('en',0,'2011-04-20 08:46:12',32,'TextPlugin',NULL,11,1,2,0,23),('en',0,'2011-04-27 18:38:55',33,'TextPlugin',NULL,12,1,2,0,26),('en',0,'2011-04-28 13:37:52',34,'TextPlugin',NULL,13,1,2,0,24),('en',0,'2011-04-28 14:00:14',37,'TextPlugin',NULL,14,1,2,0,25),('en',0,'2011-04-28 16:29:13',38,'TextPlugin',NULL,15,1,2,0,28),('en',0,'2011-04-28 17:23:44',39,'TextPlugin',NULL,16,1,2,0,29),('en',0,'2011-04-29 11:56:55',40,'TextPlugin',NULL,17,1,2,0,31),('en',0,'2011-04-29 12:02:40',41,'TextPlugin',NULL,18,1,2,0,32),('en',0,'2011-04-29 12:03:58',42,'TextPlugin',NULL,19,1,2,0,33),('en',0,'2011-04-29 16:08:52',43,'TextPlugin',NULL,20,1,2,0,34),('en',1,'2011-04-29 16:09:24',44,'TextPlugin',NULL,21,1,2,0,34);
/*!40000 ALTER TABLE `cms_cmsplugin` ENABLE KEYS */;
UNLOCK TABLES;

--
-- Table structure for table `cms_globalpagepermission`
--

DROP TABLE IF EXISTS `cms_globalpagepermission`;
/*!40101 SET @saved_cs_client     = @@character_set_client */;
/*!40101 SET character_set_client = utf8 */;
CREATE TABLE `cms_globalpagepermission` (
  `can_publish` tinyint(1) NOT NULL DEFAULT '1',
  `group_id` int(11) DEFAULT NULL,
  `can_moderate` tinyint(1) NOT NULL DEFAULT '1',
  `can_change` tinyint(1) NOT NULL DEFAULT '1',
  `can_change_permissions` tinyint(1) NOT NULL DEFAULT '0',
  `can_recover_page` tinyint(1) NOT NULL DEFAULT '1',
  `can_add` tinyint(1) NOT NULL DEFAULT '1',
  `user_id` int(11) DEFAULT NULL,
  `can_delete` tinyint(1) NOT NULL DEFAULT '1',
  `can_move_page` tinyint(1) NOT NULL DEFAULT '1',
  `id` int(11) NOT NULL AUTO_INCREMENT,
  `can_change_advanced_settings` tinyint(1) NOT NULL DEFAULT '0',
  PRIMARY KEY (`id`),
  KEY `cms_globalpagepermission_425ae3c4` (`group_id`),
  KEY `cms_globalpagepermission_403f60f` (`user_id`)
) ENGINE=MyISAM DEFAULT CHARSET=latin1;
/*!40101 SET character_set_client = @saved_cs_client */;

--
-- Dumping data for table `cms_globalpagepermission`
--

LOCK TABLES `cms_globalpagepermission` WRITE;
/*!40000 ALTER TABLE `cms_globalpagepermission` DISABLE KEYS */;
/*!40000 ALTER TABLE `cms_globalpagepermission` ENABLE KEYS */;
UNLOCK TABLES;

--
-- Table structure for table `cms_globalpagepermission_sites`
--

DROP TABLE IF EXISTS `cms_globalpagepermission_sites`;
/*!40101 SET @saved_cs_client     = @@character_set_client */;
/*!40101 SET character_set_client = utf8 */;
CREATE TABLE `cms_globalpagepermission_sites` (
  `id` int(11) NOT NULL AUTO_INCREMENT,
  `globalpagepermission_id` int(11) NOT NULL,
  `site_id` int(11) NOT NULL,
  PRIMARY KEY (`id`),
  KEY `cms_globalpagepermission_sites_a21423f` (`globalpagepermission_id`),
  KEY `cms_globalpagepermission_sites_6223029` (`site_id`)
) ENGINE=MyISAM DEFAULT CHARSET=latin1;
/*!40101 SET character_set_client = @saved_cs_client */;

--
-- Dumping data for table `cms_globalpagepermission_sites`
--

LOCK TABLES `cms_globalpagepermission_sites` WRITE;
/*!40000 ALTER TABLE `cms_globalpagepermission_sites` DISABLE KEYS */;
/*!40000 ALTER TABLE `cms_globalpagepermission_sites` ENABLE KEYS */;
UNLOCK TABLES;

--
-- Table structure for table `cms_page`
--

DROP TABLE IF EXISTS `cms_page`;
/*!40101 SET @saved_cs_client     = @@character_set_client */;
/*!40101 SET character_set_client = utf8 */;
CREATE TABLE `cms_page` (
  `rght` int(10) unsigned NOT NULL,
  `level` int(10) unsigned NOT NULL,
  `navigation_extenders` varchar(80) DEFAULT NULL,
  `parent_id` int(11) DEFAULT NULL,
  `reverse_id` varchar(40) DEFAULT NULL,
  `login_required` tinyint(1) NOT NULL DEFAULT '0',
  `soft_root` tinyint(1) NOT NULL DEFAULT '0',
  `creation_date` datetime NOT NULL DEFAULT '2011-04-08 16:35:13',
  `lft` int(10) unsigned NOT NULL,
  `publication_end_date` datetime DEFAULT NULL,
  `template` varchar(100) NOT NULL,
  `tree_id` int(10) unsigned NOT NULL,
  `publication_date` datetime DEFAULT NULL,
  `in_navigation` tinyint(1) NOT NULL DEFAULT '1',
  `id` int(11) NOT NULL AUTO_INCREMENT,
  `moderator_state` smallint(6) NOT NULL DEFAULT '1',
  `published` tinyint(1) NOT NULL DEFAULT '0',
  `site_id` int(11) NOT NULL DEFAULT '1',
  `changed_by` varchar(70) NOT NULL DEFAULT '',
  `created_by` varchar(70) NOT NULL DEFAULT '',
  `publisher_is_draft` tinyint(1) NOT NULL DEFAULT '1',
  `publisher_state` smallint(6) NOT NULL DEFAULT '0',
  `publisher_public_id` int(11) DEFAULT NULL,
  `limit_visibility_in_menu` smallint(6) DEFAULT NULL,
  PRIMARY KEY (`id`),
  UNIQUE KEY `publisher_public_id` (`publisher_public_id`),
  KEY `cms_page_6eabc1a6` (`rght`),
  KEY `cms_page_2a8f42e8` (`level`),
  KEY `cms_page_267392ec` (`navigation_extenders`),
  KEY `cms_page_63f17a16` (`parent_id`),
  KEY `cms_page_b56116b` (`reverse_id`),
  KEY `cms_page_455d889d` (`soft_root`),
  KEY `cms_page_42b06ff6` (`lft`),
  KEY `cms_page_5dde019c` (`publication_end_date`),
  KEY `cms_page_102f80d8` (`tree_id`),
  KEY `cms_page_1199bb9e` (`publication_date`),
  KEY `cms_page_3c0ea264` (`in_navigation`),
  KEY `cms_page_6223029` (`site_id`),
  KEY `cms_page_16d2d3fa` (`publisher_is_draft`),
  KEY `cms_page_5ffeb0a6` (`publisher_state`),
  KEY `cms_page_36f698d1` (`limit_visibility_in_menu`)
) ENGINE=MyISAM AUTO_INCREMENT=21 DEFAULT CHARSET=latin1;
/*!40101 SET character_set_client = @saved_cs_client */;

--
-- Dumping data for table `cms_page`
--

LOCK TABLES `cms_page` WRITE;
/*!40000 ALTER TABLE `cms_page` DISABLE KEYS */;
INSERT INTO `cms_page` VALUES (2,0,'',NULL,NULL,0,0,'2011-04-09 14:32:45',1,NULL,'site_base.html',2,'2011-04-09 14:33:42',1,4,0,1,1,'dan.peade@gmail.com','dan.peade@gmail.com',1,1,NULL,NULL),(10,0,'',NULL,'about-us',0,0,'2011-04-12 12:03:37',1,NULL,'site_base.html',3,'2011-04-12 12:06:18',1,5,0,1,1,'dan.peade@gmail.com','dan.peade@gmail.com',1,1,NULL,NULL),(2,0,'',NULL,NULL,0,0,'2011-04-12 12:37:01',1,NULL,'site_base.html',1,'2011-04-12 12:38:00',0,6,0,1,1,'dan.peade@gmail.com','dan.peade@gmail.com',1,1,NULL,NULL),(9,1,'',5,NULL,0,0,'2011-04-12 13:09:10',8,NULL,'site_base.html',3,'2011-04-12 13:09:22',1,7,0,1,1,'dan.peade@gmail.com','dan.peade@gmail.com',1,1,NULL,NULL),(2,0,'ProgrammesMenu',NULL,'programmes-page',0,0,'2011-04-12 13:54:15',1,NULL,'programmes/programmes_container.html',4,'2011-04-12 13:55:24',1,8,0,1,1,'dan.peade@gmail.com','dan.peade@gmail.com',1,1,NULL,NULL),(2,0,'FlatBlogCategoryMenu',NULL,NULL,0,0,'2011-04-13 14:11:10',1,NULL,'site_base.html',8,'2011-04-13 14:14:34',1,14,0,1,1,'dan.peade@gmail.com','dan.peade@gmail.com',1,1,NULL,NULL),(2,0,'',NULL,'footer-container',0,0,'2011-04-13 10:26:26',1,NULL,'site_base.html',7,NULL,0,13,0,0,1,'dan.peade@gmail.com','dan.peade@gmail.com',1,1,NULL,NULL),(2,0,'ProjectsMenu',NULL,NULL,0,0,'2011-04-19 16:50:16',1,NULL,'projects/projects_container.html',5,'2011-04-20 08:10:27',1,15,0,1,1,'dan.peade@gmail.com','dan.peade@gmail.com',1,1,NULL,NULL),(3,1,'',5,NULL,0,0,'2011-04-27 18:35:25',2,NULL,'site_base.html',3,'2011-04-27 18:35:38',1,16,0,1,1,'dan.peade@gmail.com','dan.peade@gmail.com',1,1,NULL,NULL),(7,1,'',5,NULL,0,0,'2011-04-27 18:36:04',6,NULL,'site_base.html',3,'2011-04-27 18:36:39',1,17,0,1,1,'dan.peade@gmail.com','dan.peade@gmail.com',1,1,NULL,NULL),(5,1,'',5,NULL,0,0,'2011-04-27 18:37:51',4,NULL,'site_base.html',3,'2011-04-27 18:38:11',1,18,0,1,1,'dan.peade@gmail.com','dan.peade@gmail.com',1,1,NULL,NULL),(2,0,'',NULL,NULL,0,0,'2011-04-28 16:28:53',1,NULL,'contribute/contribute.html',6,'2011-04-28 16:38:59',1,19,0,1,1,'dan.peade@gmail.com','dan.peade@gmail.com',1,1,NULL,NULL),(2,0,'',NULL,NULL,0,0,'2011-04-29 11:44:41',1,NULL,'contact/contact.html',9,'2011-04-29 12:00:25',1,20,0,1,1,'dan.peade@gmail.com','dan.peade@gmail.com',1,1,NULL,NULL);
/*!40000 ALTER TABLE `cms_page` ENABLE KEYS */;
UNLOCK TABLES;

--
-- Table structure for table `cms_page_placeholders`
--

DROP TABLE IF EXISTS `cms_page_placeholders`;
/*!40101 SET @saved_cs_client     = @@character_set_client */;
/*!40101 SET character_set_client = utf8 */;
CREATE TABLE `cms_page_placeholders` (
  `id` int(11) NOT NULL AUTO_INCREMENT,
  `page_id` int(11) NOT NULL,
  `placeholder_id` int(11) NOT NULL,
  PRIMARY KEY (`id`),
  UNIQUE KEY `cms_page_placeholders_page_id_6a0df834_uniq` (`page_id`,`placeholder_id`),
  KEY `cms_page_placeholders_32d04bc7` (`page_id`),
  KEY `cms_page_placeholders_3e35d7b0` (`placeholder_id`)
) ENGINE=MyISAM AUTO_INCREMENT=36 DEFAULT CHARSET=latin1;
/*!40101 SET character_set_client = @saved_cs_client */;

--
-- Dumping data for table `cms_page_placeholders`
--

LOCK TABLES `cms_page_placeholders` WRITE;
/*!40000 ALTER TABLE `cms_page_placeholders` DISABLE KEYS */;
INSERT INTO `cms_page_placeholders` VALUES (6,4,6),(5,4,5),(4,4,4),(7,5,7),(8,6,8),(9,7,9),(10,8,10),(15,8,15),(17,13,17),(16,8,16),(18,14,18),(19,4,19),(20,6,20),(21,15,21),(22,15,22),(23,15,23),(24,16,24),(25,17,25),(26,18,26),(27,7,27),(28,19,28),(29,19,29),(30,20,30),(31,20,31),(32,20,32),(33,20,33),(34,20,34),(35,20,35);
/*!40000 ALTER TABLE `cms_page_placeholders` ENABLE KEYS */;
UNLOCK TABLES;

--
-- Table structure for table `cms_pagemoderator`
--

DROP TABLE IF EXISTS `cms_pagemoderator`;
/*!40101 SET @saved_cs_client     = @@character_set_client */;
/*!40101 SET character_set_client = utf8 */;
CREATE TABLE `cms_pagemoderator` (
  `moderate_page` tinyint(1) NOT NULL DEFAULT '0',
  `moderate_children` tinyint(1) NOT NULL DEFAULT '0',
  `page_id` int(11) NOT NULL,
  `user_id` int(11) NOT NULL,
  `id` int(11) NOT NULL AUTO_INCREMENT,
  `moderate_descendants` tinyint(1) NOT NULL DEFAULT '0',
  PRIMARY KEY (`id`),
  KEY `cms_pagemoderator_32d04bc7` (`page_id`),
  KEY `cms_pagemoderator_403f60f` (`user_id`)
) ENGINE=MyISAM DEFAULT CHARSET=latin1;
/*!40101 SET character_set_client = @saved_cs_client */;

--
-- Dumping data for table `cms_pagemoderator`
--

LOCK TABLES `cms_pagemoderator` WRITE;
/*!40000 ALTER TABLE `cms_pagemoderator` DISABLE KEYS */;
/*!40000 ALTER TABLE `cms_pagemoderator` ENABLE KEYS */;
UNLOCK TABLES;

--
-- Table structure for table `cms_pagemoderatorstate`
--

DROP TABLE IF EXISTS `cms_pagemoderatorstate`;
/*!40101 SET @saved_cs_client     = @@character_set_client */;
/*!40101 SET character_set_client = utf8 */;
CREATE TABLE `cms_pagemoderatorstate` (
  `created` datetime NOT NULL,
  `page_id` int(11) NOT NULL,
  `user_id` int(11) DEFAULT NULL,
  `action` varchar(3) DEFAULT NULL,
  `message` longtext NOT NULL,
  `id` int(11) NOT NULL AUTO_INCREMENT,
  PRIMARY KEY (`id`),
  KEY `cms_pagemoderatorstate_32d04bc7` (`page_id`),
  KEY `cms_pagemoderatorstate_403f60f` (`user_id`)
) ENGINE=MyISAM DEFAULT CHARSET=latin1;
/*!40101 SET character_set_client = @saved_cs_client */;

--
-- Dumping data for table `cms_pagemoderatorstate`
--

LOCK TABLES `cms_pagemoderatorstate` WRITE;
/*!40000 ALTER TABLE `cms_pagemoderatorstate` DISABLE KEYS */;
/*!40000 ALTER TABLE `cms_pagemoderatorstate` ENABLE KEYS */;
UNLOCK TABLES;

--
-- Table structure for table `cms_pagepermission`
--

DROP TABLE IF EXISTS `cms_pagepermission`;
/*!40101 SET @saved_cs_client     = @@character_set_client */;
/*!40101 SET character_set_client = utf8 */;
CREATE TABLE `cms_pagepermission` (
  `group_id` int(11) DEFAULT NULL,
  `can_publish` tinyint(1) NOT NULL DEFAULT '1',
  `page_id` int(11) DEFAULT NULL,
  `user_id` int(11) DEFAULT NULL,
  `id` int(11) NOT NULL AUTO_INCREMENT,
  `can_delete` tinyint(1) NOT NULL DEFAULT '1',
  `can_change_permissions` tinyint(1) NOT NULL DEFAULT '0',
  `can_moderate` tinyint(1) NOT NULL DEFAULT '1',
  `can_add` tinyint(1) NOT NULL DEFAULT '1',
  `grant_on` int(11) NOT NULL DEFAULT '5',
  `can_move_page` tinyint(1) NOT NULL DEFAULT '1',
  `can_change` tinyint(1) NOT NULL DEFAULT '1',
  `can_change_advanced_settings` tinyint(1) NOT NULL DEFAULT '0',
  PRIMARY KEY (`id`),
  KEY `cms_pagepermission_425ae3c4` (`group_id`),
  KEY `cms_pagepermission_32d04bc7` (`page_id`),
  KEY `cms_pagepermission_403f60f` (`user_id`)
) ENGINE=MyISAM DEFAULT CHARSET=latin1;
/*!40101 SET character_set_client = @saved_cs_client */;

--
-- Dumping data for table `cms_pagepermission`
--

LOCK TABLES `cms_pagepermission` WRITE;
/*!40000 ALTER TABLE `cms_pagepermission` DISABLE KEYS */;
/*!40000 ALTER TABLE `cms_pagepermission` ENABLE KEYS */;
UNLOCK TABLES;

--
-- Table structure for table `cms_pageuser`
--

DROP TABLE IF EXISTS `cms_pageuser`;
/*!40101 SET @saved_cs_client     = @@character_set_client */;
/*!40101 SET character_set_client = utf8 */;
CREATE TABLE `cms_pageuser` (
  `user_ptr_id` int(11) NOT NULL,
  `created_by_id` int(11) NOT NULL,
  PRIMARY KEY (`user_ptr_id`),
  KEY `cms_pageuser_4a21cf42` (`created_by_id`)
) ENGINE=MyISAM DEFAULT CHARSET=latin1;
/*!40101 SET character_set_client = @saved_cs_client */;

--
-- Dumping data for table `cms_pageuser`
--

LOCK TABLES `cms_pageuser` WRITE;
/*!40000 ALTER TABLE `cms_pageuser` DISABLE KEYS */;
/*!40000 ALTER TABLE `cms_pageuser` ENABLE KEYS */;
UNLOCK TABLES;

--
-- Table structure for table `cms_pageusergroup`
--

DROP TABLE IF EXISTS `cms_pageusergroup`;
/*!40101 SET @saved_cs_client     = @@character_set_client */;
/*!40101 SET character_set_client = utf8 */;
CREATE TABLE `cms_pageusergroup` (
  `group_ptr_id` int(11) NOT NULL,
  `created_by_id` int(11) NOT NULL,
  PRIMARY KEY (`group_ptr_id`),
  KEY `cms_pageusergroup_4a21cf42` (`created_by_id`)
) ENGINE=MyISAM DEFAULT CHARSET=latin1;
/*!40101 SET character_set_client = @saved_cs_client */;

--
-- Dumping data for table `cms_pageusergroup`
--

LOCK TABLES `cms_pageusergroup` WRITE;
/*!40000 ALTER TABLE `cms_pageusergroup` DISABLE KEYS */;
/*!40000 ALTER TABLE `cms_pageusergroup` ENABLE KEYS */;
UNLOCK TABLES;

--
-- Table structure for table `cms_placeholder`
--

DROP TABLE IF EXISTS `cms_placeholder`;
/*!40101 SET @saved_cs_client     = @@character_set_client */;
/*!40101 SET character_set_client = utf8 */;
CREATE TABLE `cms_placeholder` (
  `slot` varchar(50) NOT NULL,
  `id` int(11) NOT NULL AUTO_INCREMENT,
  `default_width` smallint(5) unsigned DEFAULT NULL,
  PRIMARY KEY (`id`),
  KEY `cms_placeholder_400badfd` (`slot`)
) ENGINE=MyISAM AUTO_INCREMENT=36 DEFAULT CHARSET=latin1;
/*!40101 SET character_set_client = @saved_cs_client */;

--
-- Dumping data for table `cms_placeholder`
--

LOCK TABLES `cms_placeholder` WRITE;
/*!40000 ALTER TABLE `cms_placeholder` DISABLE KEYS */;
INSERT INTO `cms_placeholder` VALUES ('content',5,NULL),('right_column',4,NULL),('footer',6,NULL),('content',7,NULL),('content',8,NULL),('content',9,NULL),('content',10,NULL),('listing_content',15,NULL),('content',17,NULL),('detail_content',16,NULL),('content',18,NULL),('mycontent',19,NULL),('mycontent',20,NULL),('content',21,NULL),('detail_content',22,NULL),('listing_content',23,NULL),('content',24,NULL),('content',25,NULL),('content',26,NULL),('people_generic_content',27,NULL),('content',28,NULL),('page_heading',29,NULL),('intro',30,NULL),('email',31,NULL),('post_and_phone',32,NULL),('visit',33,NULL),('social_media',34,NULL),('content',35,NULL);
/*!40000 ALTER TABLE `cms_placeholder` ENABLE KEYS */;
UNLOCK TABLES;

--
-- Table structure for table `cms_title`
--

DROP TABLE IF EXISTS `cms_title`;
/*!40101 SET @saved_cs_client     = @@character_set_client */;
/*!40101 SET character_set_client = utf8 */;
CREATE TABLE `cms_title` (
  `language` varchar(15) NOT NULL,
  `title` varchar(255) NOT NULL,
  `page_id` int(11) NOT NULL,
  `id` int(11) NOT NULL AUTO_INCREMENT,
  `path` varchar(255) NOT NULL,
  `creation_date` datetime NOT NULL DEFAULT '2011-04-08 16:35:13',
  `slug` varchar(255) NOT NULL,
  `has_url_overwrite` tinyint(1) NOT NULL DEFAULT '0',
  `application_urls` varchar(200) DEFAULT NULL,
  `redirect` varchar(255) DEFAULT NULL,
  `meta_keywords` varchar(255) DEFAULT NULL,
  `meta_description` longtext,
  `page_title` varchar(255) DEFAULT NULL,
  `menu_title` varchar(255) DEFAULT NULL,
  PRIMARY KEY (`id`),
  UNIQUE KEY `cms_title_page_id_175d922b_uniq` (`page_id`,`language`),
  KEY `cms_title_75853655` (`language`),
  KEY `cms_title_32d04bc7` (`page_id`),
  KEY `cms_title_6a8a34e2` (`path`),
  KEY `cms_title_56ae2a2a` (`slug`),
  KEY `cms_title_3d964e2e` (`has_url_overwrite`),
  KEY `cms_title_23b1fc68` (`application_urls`)
) ENGINE=MyISAM AUTO_INCREMENT=19 DEFAULT CHARSET=latin1;
/*!40101 SET character_set_client = @saved_cs_client */;

--
-- Dumping data for table `cms_title`
--

LOCK TABLES `cms_title` WRITE;
/*!40000 ALTER TABLE `cms_title` DISABLE KEYS */;
INSERT INTO `cms_title` VALUES ('en','Home',4,2,'home','2011-04-09 14:32:45','home',0,'HomeAppHook','','','','',''),('en','About us',5,3,'about-us','2011-04-12 12:03:38','about-us',0,'','','','','',''),('en','Uber Meta Parent',6,4,'uber-meta-parent','2011-04-12 12:37:01','uber-meta-parent',0,'','/home','','','',''),('en','People',7,5,'about-us/people','2011-04-12 13:09:11','people',0,'PeopleAppHook','','','','EFO - About Us - People',''),('en','Programmes',8,6,'programmes','2011-04-12 13:54:15','programmes',0,'ProgrammesAppHook','','','','',''),('en','Blog',14,12,'blog','2011-04-13 14:11:11','blog',0,'ZinniaApphook','','','','',''),('en','Footer Container',13,11,'footer-container','2011-04-13 10:26:26','footer-container',0,'','','','','',''),('en','Projects',15,13,'projects','2011-04-19 16:50:17','projects',0,'ProjectsAppHook','','','','',''),('en','How We Formed',16,14,'about-us/how-we-formed','2011-04-27 18:35:26','how-we-formed',0,'','','','','',''),('en','Our Strategy',17,15,'about-us/our-strategy','2011-04-27 18:36:04','our-strategy',0,'','','','','',''),('en','Why Solar',18,16,'about-us/why-solar','2011-04-27 18:37:52','why-solar',0,'','','','','',''),('en','Contribute',19,17,'contribute','2011-04-28 16:28:55','contribute',0,'','','','','',''),('en','Contact Us',20,18,'contact-us','2011-04-29 11:44:42','contact-us',0,'ContactAppHook','','','','','');
/*!40000 ALTER TABLE `cms_title` ENABLE KEYS */;
UNLOCK TABLES;

--
-- Table structure for table `cmsplugin_file`
--

DROP TABLE IF EXISTS `cmsplugin_file`;
/*!40101 SET @saved_cs_client     = @@character_set_client */;
/*!40101 SET character_set_client = utf8 */;
CREATE TABLE `cmsplugin_file` (
  `cmsplugin_ptr_id` int(11) NOT NULL,
  `file` varchar(100) NOT NULL,
  `title` varchar(255) DEFAULT NULL,
  UNIQUE KEY `cmsplugin_ptr_id` (`cmsplugin_ptr_id`)
) ENGINE=MyISAM DEFAULT CHARSET=latin1;
/*!40101 SET character_set_client = @saved_cs_client */;

--
-- Dumping data for table `cmsplugin_file`
--

LOCK TABLES `cmsplugin_file` WRITE;
/*!40000 ALTER TABLE `cmsplugin_file` DISABLE KEYS */;
/*!40000 ALTER TABLE `cmsplugin_file` ENABLE KEYS */;
UNLOCK TABLES;

--
-- Table structure for table `cmsplugin_googlemap`
--

DROP TABLE IF EXISTS `cmsplugin_googlemap`;
/*!40101 SET @saved_cs_client     = @@character_set_client */;
/*!40101 SET character_set_client = utf8 */;
CREATE TABLE `cmsplugin_googlemap` (
  `city` varchar(100) NOT NULL,
  `title` varchar(100) DEFAULT NULL,
  `cmsplugin_ptr_id` int(11) NOT NULL,
  `zoom` int(11) DEFAULT NULL,
  `content` varchar(255) DEFAULT NULL,
  `address` varchar(150) NOT NULL,
  `zipcode` varchar(30) NOT NULL,
  `lng` decimal(10,6) DEFAULT NULL,
  `lat` decimal(10,6) DEFAULT NULL,
  `route_planer` tinyint(1) NOT NULL DEFAULT '0',
  `route_planer_title` varchar(150) DEFAULT 'Calculate your fastest way to here',
  PRIMARY KEY (`cmsplugin_ptr_id`)
) ENGINE=MyISAM DEFAULT CHARSET=latin1;
/*!40101 SET character_set_client = @saved_cs_client */;

--
-- Dumping data for table `cmsplugin_googlemap`
--

LOCK TABLES `cmsplugin_googlemap` WRITE;
/*!40000 ALTER TABLE `cmsplugin_googlemap` DISABLE KEYS */;
/*!40000 ALTER TABLE `cmsplugin_googlemap` ENABLE KEYS */;
UNLOCK TABLES;

--
-- Table structure for table `cmsplugin_latestentriesplugin`
--

DROP TABLE IF EXISTS `cmsplugin_latestentriesplugin`;
/*!40101 SET @saved_cs_client     = @@character_set_client */;
/*!40101 SET character_set_client = utf8 */;
CREATE TABLE `cmsplugin_latestentriesplugin` (
  `cmsplugin_ptr_id` int(11) NOT NULL,
  `number_of_entries` int(11) NOT NULL DEFAULT '5',
  `template_to_render` varchar(250) NOT NULL,
  `subcategories` tinyint(1) NOT NULL,
  PRIMARY KEY (`cmsplugin_ptr_id`)
) ENGINE=MyISAM DEFAULT CHARSET=latin1;
/*!40101 SET character_set_client = @saved_cs_client */;

--
-- Dumping data for table `cmsplugin_latestentriesplugin`
--

LOCK TABLES `cmsplugin_latestentriesplugin` WRITE;
/*!40000 ALTER TABLE `cmsplugin_latestentriesplugin` DISABLE KEYS */;
/*!40000 ALTER TABLE `cmsplugin_latestentriesplugin` ENABLE KEYS */;
UNLOCK TABLES;

--
-- Table structure for table `cmsplugin_link`
--

DROP TABLE IF EXISTS `cmsplugin_link`;
/*!40101 SET @saved_cs_client     = @@character_set_client */;
/*!40101 SET character_set_client = utf8 */;
CREATE TABLE `cmsplugin_link` (
  `url` varchar(200) DEFAULT NULL,
  `cmsplugin_ptr_id` int(11) NOT NULL,
  `name` varchar(256) NOT NULL,
  `page_link_id` int(11) DEFAULT NULL,
  `mailto` varchar(75) DEFAULT NULL,
  UNIQUE KEY `cmsplugin_ptr_id` (`cmsplugin_ptr_id`),
  KEY `link_link_32d04bc7` (`page_link_id`)
) ENGINE=MyISAM DEFAULT CHARSET=latin1;
/*!40101 SET character_set_client = @saved_cs_client */;

--
-- Dumping data for table `cmsplugin_link`
--

LOCK TABLES `cmsplugin_link` WRITE;
/*!40000 ALTER TABLE `cmsplugin_link` DISABLE KEYS */;
/*!40000 ALTER TABLE `cmsplugin_link` ENABLE KEYS */;
UNLOCK TABLES;

--
-- Table structure for table `cmsplugin_picture`
--

DROP TABLE IF EXISTS `cmsplugin_picture`;
/*!40101 SET @saved_cs_client     = @@character_set_client */;
/*!40101 SET character_set_client = utf8 */;
CREATE TABLE `cmsplugin_picture` (
  `url` varchar(255) DEFAULT NULL,
  `image` varchar(100) NOT NULL,
  `cmsplugin_ptr_id` int(11) NOT NULL,
  `alt` varchar(255) DEFAULT NULL,
  `page_link_id` int(11) DEFAULT NULL,
  `float` varchar(10) DEFAULT NULL,
  `longdesc` varchar(255) NOT NULL DEFAULT '',
  UNIQUE KEY `cmsplugin_ptr_id` (`cmsplugin_ptr_id`),
  KEY `cmsplugin_picture_37c07cc5` (`page_link_id`)
) ENGINE=MyISAM DEFAULT CHARSET=latin1;
/*!40101 SET character_set_client = @saved_cs_client */;

--
-- Dumping data for table `cmsplugin_picture`
--

LOCK TABLES `cmsplugin_picture` WRITE;
/*!40000 ALTER TABLE `cmsplugin_picture` DISABLE KEYS */;
/*!40000 ALTER TABLE `cmsplugin_picture` ENABLE KEYS */;
UNLOCK TABLES;

--
-- Table structure for table `cmsplugin_randomentriesplugin`
--

DROP TABLE IF EXISTS `cmsplugin_randomentriesplugin`;
/*!40101 SET @saved_cs_client     = @@character_set_client */;
/*!40101 SET character_set_client = utf8 */;
CREATE TABLE `cmsplugin_randomentriesplugin` (
  `cmsplugin_ptr_id` int(11) NOT NULL,
  `number_of_entries` int(11) DEFAULT '5',
  `template_to_render` varchar(250) NOT NULL,
  PRIMARY KEY (`cmsplugin_ptr_id`)
) ENGINE=MyISAM DEFAULT CHARSET=latin1;
/*!40101 SET character_set_client = @saved_cs_client */;

--
-- Dumping data for table `cmsplugin_randomentriesplugin`
--

LOCK TABLES `cmsplugin_randomentriesplugin` WRITE;
/*!40000 ALTER TABLE `cmsplugin_randomentriesplugin` DISABLE KEYS */;
/*!40000 ALTER TABLE `cmsplugin_randomentriesplugin` ENABLE KEYS */;
UNLOCK TABLES;

--
-- Table structure for table `cmsplugin_selectedentriesplugin`
--

DROP TABLE IF EXISTS `cmsplugin_selectedentriesplugin`;
/*!40101 SET @saved_cs_client     = @@character_set_client */;
/*!40101 SET character_set_client = utf8 */;
CREATE TABLE `cmsplugin_selectedentriesplugin` (
  `cmsplugin_ptr_id` int(11) NOT NULL,
  `template_to_render` varchar(250) NOT NULL,
  PRIMARY KEY (`cmsplugin_ptr_id`)
) ENGINE=MyISAM DEFAULT CHARSET=latin1;
/*!40101 SET character_set_client = @saved_cs_client */;

--
-- Dumping data for table `cmsplugin_selectedentriesplugin`
--

LOCK TABLES `cmsplugin_selectedentriesplugin` WRITE;
/*!40000 ALTER TABLE `cmsplugin_selectedentriesplugin` DISABLE KEYS */;
/*!40000 ALTER TABLE `cmsplugin_selectedentriesplugin` ENABLE KEYS */;
UNLOCK TABLES;

--
-- Table structure for table `cmsplugin_snippetptr`
--

DROP TABLE IF EXISTS `cmsplugin_snippetptr`;
/*!40101 SET @saved_cs_client     = @@character_set_client */;
/*!40101 SET character_set_client = utf8 */;
CREATE TABLE `cmsplugin_snippetptr` (
  `cmsplugin_ptr_id` int(11) NOT NULL,
  `snippet_id` int(11) NOT NULL,
  UNIQUE KEY `cmsplugin_ptr_id` (`cmsplugin_ptr_id`),
  KEY `snippet_snippetptr_37e31bc4` (`snippet_id`)
) ENGINE=MyISAM DEFAULT CHARSET=latin1;
/*!40101 SET character_set_client = @saved_cs_client */;

--
-- Dumping data for table `cmsplugin_snippetptr`
--

LOCK TABLES `cmsplugin_snippetptr` WRITE;
/*!40000 ALTER TABLE `cmsplugin_snippetptr` DISABLE KEYS */;
/*!40000 ALTER TABLE `cmsplugin_snippetptr` ENABLE KEYS */;
UNLOCK TABLES;

--
-- Table structure for table `cmsplugin_text`
--

DROP TABLE IF EXISTS `cmsplugin_text`;
/*!40101 SET @saved_cs_client     = @@character_set_client */;
/*!40101 SET character_set_client = utf8 */;
CREATE TABLE `cmsplugin_text` (
  `body` longtext NOT NULL,
  `cmsplugin_ptr_id` int(11) NOT NULL,
  UNIQUE KEY `cmsplugin_ptr_id` (`cmsplugin_ptr_id`)
) ENGINE=MyISAM DEFAULT CHARSET=latin1;
/*!40101 SET character_set_client = @saved_cs_client */;

--
-- Dumping data for table `cmsplugin_text`
--

LOCK TABLES `cmsplugin_text` WRITE;
/*!40000 ALTER TABLE `cmsplugin_text` DISABLE KEYS */;
INSERT INTO `cmsplugin_text` VALUES ('<p>Some amazing text</p>',30),('<p><img src=\"../../../../../../site_media/media/files/images/vaccine-fridge.jpg\" alt=\"fridgey\" width=\"100\" height=\"100\" /></p>\r\n<p>&nbsp;</p>\r\n<p>bollix and big ones at that</p>',31),('<p>If you want to ask us any questions about specific projects please email us at <a title=\"Send EFO email\" href=\"mailto:info@energyforoppotunity.org\">info@energyforoppotunity.org</a></p>',32),('<p>bit of text that will appear on the programmes listing page</p>',24),('<div class=\"footnote\">\r\n<p class=\"p_small\">&copy; 2011 Energy For Opportunity</p>\r\n</div>',28),('',26),('<p>A bit of listing content</p>',27),('<h2>Why Solar?</h2>\r\n<p><img style=\"vertical-align: middle;\" title=\"Solar module\" src=\"/site_media/media/files/images/module-tiwai.jpg\" alt=\"Solar module from the Tiwai Island project\" width=\"965\" height=\"250\" /></p>\r\n<p>An estimated two billion people lack  direct access to electricity  networks, meaning that the twenty-four hour  electricity that is present  in all developed countries is a distant and  unobtainable luxury to  nearly a third of the world&rsquo;s population. It is  also now evident that  mass electrical supply through grid networks is no  longer a realistic  and feasible reality for much of the world&rsquo;s  population. Furthermore,  the worldwide threat of climate change is  becoming increasingly  apparent, as the international community realizes  the need to  dramatically change the way it is developing and living if  its impacts  are to be minimized. The promotion and dissemination of  solar power can  help to address the above, by providing innovative  energy solutions  for remote communities, while also reflecting a  development strategy  that is sensitive to climate change concerns.</p>\r\n<p style=\"text-align: justify;\">Small scale solar installation projects  offer a direct, safe and environmentally friendly way to provide modern  electricity to communities across West Africa. With solar, community  health clinics can have vaccine fridges, schools can hold night-classes,  individuals can listen to radios, water can be pumped for agriculture,  and households can be lit up; meanwhile burdens such as water and fuel  collecting are dramatically lighten. Solar power is an appropriate  technology to engage with and improve the livelihoods of West African  communities, while also being reflective of the global need to have a  development process which has a minimal impact on global environmental  commons. EFO&rsquo;s work with solar is thus a reflection of a development  strategy that is appreciative of both local and global concerns.</p>',33),('<h2>How We Formed</h2>\r\n<p>Energy For Opportunity&rsquo;s two founders first met while living and working  with Community Based Organizations in rural Uganda. This was an  experience that introduced them both to the unique challenges that the  African environment can present in the development and implementation of  community-driven sustainable projects. This initial collaboration led  to further opportunities in Sierra Leone and Liberia through work with  the Environmental Foundation for Africa, where they implemented a  large-scale solar electricity installation project in twelve schools and  health clinics in refugee affected areas across Liberia. This was soon  followed with further solar installations on Tiwai Island, an  eco-tourism and research site in the south-east of Sierra Leone.</p>\r\n<p><img style=\"display: block; margin-left: auto; margin-right: auto;\" title=\"Teaching In Uganda\" src=\"/site_media/media/files/images/teaching-uganda.jpg\" alt=\"EFO co-founder Simon Willans teaching in Uganda\" width=\"500\" height=\"375\" /></p>\r\n<p style=\"text-align: center;\"><em>EFO\'s Director conducting a training workshop in eastern Uganda</em></p>\r\n<p>The above projects were not only a great success, but also provided a  variety of learning experiences relating to the challenges and  opportunities that&nbsp; the implementation renewable energy projects in the  region could present. It was evident that renewable energy was being  heavily underutilized in the West Africa, a technology that could play a  major role in addressing deficit in energy supply that the majority of  the region&rsquo;s populace experience. Energy For Opportunity naturally grew  out of these experiences, the creation of an organization that aims to <em>effectively</em> and <em>efficiently</em> disseminate renewable energy to areas in Africa where the need is  greatest. The organization has continued to evolve as other partners  joined and contributed their experiences and areas of expertise.</p>',34),('<h2>Our Strategy</h2>\r\n<p>Energy For Opportunity&rsquo;s strategy is to develop innovative ways in which  to both promote and implement the use of renewable energy. The emphasis  therefore is not only on direct solar installation projects (in health  clinics, schools, community centers etc.), but also on solar training  for students in partnership with local education institutions and the  active promotion of the use of renewable energies in the offices and  projects of government bodies and international organizations. Thus the  objective is not just to deliver renewable electricity through projects,  but also instill a philosophy of renewable energy use across the  broader community.</p>\r\n<p><img style=\"display: block; margin-left: auto; margin-right: auto;\" title=\"Map of West Africa\" src=\"/site_media/media/files/images/west-africa-insert21-300x254.gif\" alt=\"Map of West Africa\" width=\"300\" height=\"254\" /></p>\r\n<p class=\"p_caption\" style=\"text-align: center;\"><em>Map of West Africa</em></p>\r\n<p style=\"text-align: justify;\">EFO focuses its work exclusively in West  Africa, a region where the need for alternative forms of energy is  greatest. It is a region that the United Nations ranks as having eleven  out of the twenty least developed countries in the world. Initial  projects are currently being developed with local partners in Sierra  Leone, Benin and Mali. The strategy being to establish long-term  partnerships, with EFO providing any necessary expertise while  increasing local technical capacity. This strategy is derived from EFO&rsquo;s  belief that any international organization working in a development  setting should be striving to make their services redundant; the  involvement of local partners is one key step in this process.</p>\r\n<p style=\"text-align: justify;\">Please utilize the links below if you wish to find out more information about our target countries:</p>\r\n<ul>\r\n<li><a title=\"Benin Development Profile\" href=\"/site_media/media/files/documents/sierra-leone-development-profile.pdf\" target=\"_blank\">Benin Development Profile</a></li>\r\n<li><a title=\"Mali Development Profile\" href=\"/site_media/media/files/documents/sierra-leone-development-profile.pdf\" target=\"_blank\">Mali Development Profile</a></li>\r\n<li><a title=\"Sierra Leone Development Profile\" href=\"/site_media/media/files/documents/sierra-leone-development-profile.pdf\" target=\"_blank\">Sierra Leone Development Profile</a></li>\r\n</ul>',37),('<h2>Donation FAQ:</h2>\r\n<p><strong><em>1. How much of my donation goes to actual projects?</em></strong>&nbsp;&nbsp; <em><strong></strong></em> <em><strong></strong></em></p>\r\n<p><em><strong>100%!!</strong></em>&nbsp;&nbsp; Every cent donated to us on this site  goes directly to the projects we support, so you can be sure that your  entire donation is providing renewable energy to communities in West  Africa. We cover all additional costs through funding organizations and contract work.</p>\r\n<p><strong><em>2. Do you keep a record of my bank/credit-card details?</em></strong></p>\r\n<p>No. In fact, we never see your bank account or credit card details. Your  transaction is processed securely through PayPal. We receive your  donation (gratefully!) but not your personal financial details.</p>\r\n<p><strong><em>3. Is my donation tax deductible?</em></strong></p>\r\n<p>Yes. But at the moment, we are registered as a charity only in Canada. Our charity number is: 80016 8551  RR0001<br /> Charity status in other countries is coming soon!</p>\r\n<p><strong><em>4. Can I donate in other currencies?</em></strong></p>\r\n<p>Yes. You can donate using a credit card in any currency you wish &ndash;  PayPal will convert it for you. If you are donating from a currency  different to the ones listed above, we recommend you use US dollars or  Canadian dollars.</p>\r\n<p><strong><em>5. Will you charge me forever for my monthly donation?</em></strong></p>\r\n<p>No. We will accept your donations for a maximum of 24 months, just in  case you need to put that money elsewhere (but we would love you to  renew after that time!). You can also cancel your monthly donation at any earlier time through PayPal.</p>',38),('<p>EFO benefits greatly from your contribution!</p>',39),('<h2>Email</h2>\r\n<p>You can email us at <a title=\"Send Email To Energy For Opportunity\" href=\"mailto:mail@energyforopportunity.org\">mail@energyforopportunity.org</a> or alternatively use the contact for below to send us an email directly:</p>',40),('<h2>Post</h2>\r\n<p>PO Box 1234, Station A<br /> Windsor, Ontario,<br /> Canada, N9A6P8</p>\r\n<h2>Phone</h2>\r\n<p>Canada: +1 (519) 817-5775<br /> Sierra Leone: +232 078 68436</p>',41),('<h2>Visit</h2>\r\n<p>4 Hospital Rd,<br /> Lakka, Freetown Peninsula,<br /> Sierra Leone</p>\r\n<p><iframe src=\"http://maps.google.com/maps?f=q&amp;source=s_q&amp;hl=en&amp;geocode=&amp;q=4+hospital+rd+lakka+sierra+leone&amp;aq=&amp;sll=8.403432,-13.264961&amp;sspn=0.279181,0.445976&amp;ie=UTF8&amp;ll=8.412772,-13.256378&amp;spn=0.059435,0.072956&amp;z=13&amp;output=embed\" width=\"425\" height=\"350\"></iframe><br /><small><a style=\"color: #0000ff; text-align: left;\" href=\"http://maps.google.com/maps?f=q&amp;source=embed&amp;hl=en&amp;geocode=&amp;q=4+hospital+rd+lakka+sierra+leone&amp;aq=&amp;sll=8.403432,-13.264961&amp;sspn=0.279181,0.445976&amp;ie=UTF8&amp;ll=8.412772,-13.256378&amp;spn=0.059435,0.072956&amp;z=13\">View Larger Map</a></small></p>',42),('<h2>Social Media</h2>\r\n<p>You can also follow the latest EFO related news and activities on social media or subscribe to our blog feed....</p>',44),('<h1>About Us</h1>\r\n<p><img style=\"display: block; margin-left: auto; margin-right: auto;\" title=\"EFO team members in Liberia\" src=\"/site_media/media/files/images/liberiawork.jpg\" alt=\"EFO team members in Liberia\" width=\"604\" height=\"453\" /></p>\r\n<p>Energy For Opportunity (EFO) is a not-for-profit organization working to  improve livelihoods in West Africa through the provision and  installation of clean, sustainable, photovoltaic, electricity-generating  infrastructure. It was established in 2008 by two individuals, Simon  Willans and Paul Munro, who had previously worked together on a number  of renewable&nbsp; energy projects in Sierra Leone, Liberia and Uganda. The  organization has continued to grow, as numerous other people have joined  the cause, helping EFO towards the achievement of its goals. The need  for EFO&rsquo;s work is clearly evident, with a large proportion of the  world&rsquo;s population lacking access to modern forms of electricity, a  problem that is particularly acute in West Africa, which is home to some  of the least developed regions in the world. EFO works directly with  local partners in its target countries to implement projects in four  main program areas: Health, Education, Skills Training and Livelihoods.  Projects are currently being developed in Sierra Leone, Benin and Mali,  while charity status for EFO is currently being sought in Canada and  Australia. Please use the links below if you wish to learn more about  us. We look forward to any ideas and support that you might be able to  offer us.</p>',29);
/*!40000 ALTER TABLE `cmsplugin_text` ENABLE KEYS */;
UNLOCK TABLES;

--
-- Table structure for table `django_admin_log`
--

DROP TABLE IF EXISTS `django_admin_log`;
/*!40101 SET @saved_cs_client     = @@character_set_client */;
/*!40101 SET character_set_client = utf8 */;
CREATE TABLE `django_admin_log` (
  `id` int(11) NOT NULL AUTO_INCREMENT,
  `action_time` datetime NOT NULL,
  `user_id` int(11) NOT NULL,
  `content_type_id` int(11) DEFAULT NULL,
  `object_id` longtext,
  `object_repr` varchar(200) NOT NULL,
  `action_flag` smallint(5) unsigned NOT NULL,
  `change_message` longtext NOT NULL,
  PRIMARY KEY (`id`),
  KEY `django_admin_log_403f60f` (`user_id`),
  KEY `django_admin_log_1bb8f392` (`content_type_id`)
) ENGINE=MyISAM AUTO_INCREMENT=147 DEFAULT CHARSET=latin1;
/*!40101 SET character_set_client = @saved_cs_client */;

--
-- Dumping data for table `django_admin_log`
--

LOCK TABLES `django_admin_log` WRITE;
/*!40000 ALTER TABLE `django_admin_log` DISABLE KEYS */;
INSERT INTO `django_admin_log` VALUES (1,'2011-04-09 14:31:56',1,39,'3','Home',1,''),(2,'2011-04-09 14:32:07',1,39,'3','Home',3,''),(3,'2011-04-09 14:32:15',1,39,'2','',3,''),(4,'2011-04-09 14:32:19',1,39,'1','',3,''),(5,'2011-04-09 14:32:45',1,39,'4','Home',1,''),(6,'2011-04-09 14:33:42',1,39,'4','Home',2,'Changed published, in_navigation and moderator_state.'),(7,'2011-04-11 17:41:26',1,39,'4','Home',2,'Changed template, language and moderator_state.'),(8,'2011-04-12 12:03:38',1,39,'5','About us',1,''),(9,'2011-04-12 12:06:19',1,39,'5','About us',2,'Changed published, in_navigation, language and moderator_state.'),(10,'2011-04-12 12:33:25',1,39,'4','Home',2,'Changed in_navigation, language and moderator_state.'),(11,'2011-04-12 12:37:01',1,39,'6','Uber Parent Meta',1,''),(12,'2011-04-12 12:37:13',1,39,'6','Uber Parent Meta',2,'Changed language and moderator_state.'),(13,'2011-04-12 12:42:42',1,39,'6','Uber Parent Meta',2,'Changed title, slug, language and moderator_state.'),(14,'2011-04-12 13:09:11',1,39,'7','People',1,''),(15,'2011-04-12 13:09:23',1,39,'7','People',2,'Changed published, in_navigation, language and moderator_state.'),(16,'2011-04-12 13:49:48',1,39,'5','About us',2,'Changed reverse_id, language and moderator_state.'),(17,'2011-04-12 13:54:16',1,39,'8','projects',1,''),(18,'2011-04-12 13:54:50',1,39,'9','health',1,''),(19,'2011-04-12 13:55:03',1,39,'9','health',2,'Changed published, in_navigation, language and moderator_state.'),(20,'2011-04-12 13:55:24',1,39,'8','projects',2,'Changed published, in_navigation, language and moderator_state.'),(21,'2011-04-12 13:57:48',1,39,'10','Education',1,''),(22,'2011-04-12 13:58:09',1,39,'10','Education',2,'Changed published, in_navigation, language and moderator_state.'),(23,'2011-04-12 16:24:52',1,39,'9','health',3,''),(24,'2011-04-12 16:25:02',1,39,'10','Education',3,''),(25,'2011-04-12 16:25:36',1,39,'8','projects',2,'Changed title, slug, language and moderator_state.'),(26,'2011-04-12 16:29:43',1,63,'1','Health',1,''),(27,'2011-04-12 16:40:57',1,39,'8','Programmes',2,'Changed navigation_extenders, language and moderator_state.'),(28,'2011-04-12 17:25:53',1,39,'8','Programmes',2,'Changed navigation_extenders, language and moderator_state.'),(29,'2011-04-12 17:58:05',1,39,'8','Programmes',2,'Changed application_urls, language and moderator_state.'),(30,'2011-04-12 18:41:22',1,63,'2','Education',1,''),(31,'2011-04-12 19:14:04',1,39,'11','programmes info',1,''),(32,'2011-04-12 19:14:50',1,39,'11','programmes info',2,'Changed published, language and moderator_state.'),(33,'2011-04-12 19:16:02',1,39,'11','programmes info',2,'Changed reverse_id, language and moderator_state.'),(34,'2011-04-12 19:18:32',1,39,'8','Programmes',2,'Changed language and moderator_state.'),(35,'2011-04-13 08:40:37',1,39,'8','Programmes',2,'Changed reverse_id, language and moderator_state.'),(36,'2011-04-13 08:47:07',1,39,'11','programmes info',3,''),(37,'2011-04-13 08:47:30',1,39,'12','Programme Detail',1,''),(38,'2011-04-13 08:47:48',1,39,'12','Programme Detail',2,'Changed published, reverse_id, language and moderator_state.'),(39,'2011-04-13 09:32:33',1,39,'8','Programmes',2,'Changed language and moderator_state.'),(40,'2011-04-13 09:43:51',1,39,'8','Programmes',2,'Changed template, language and moderator_state.'),(41,'2011-04-13 09:53:09',1,39,'12','Programme Detail',3,''),(42,'2011-04-13 10:26:26',1,39,'13','Footer Container',1,''),(43,'2011-04-13 12:01:30',1,39,'13','Footer Container',2,'Changed reverse_id, language and moderator_state.'),(44,'2011-04-13 14:11:11',1,39,'14','Blog',1,''),(45,'2011-04-13 14:11:31',1,39,'14','Blog',2,'Changed application_urls, language and moderator_state.'),(46,'2011-04-13 14:14:35',1,39,'14','Blog',2,'Changed published, in_navigation, language and moderator_state.'),(47,'2011-04-13 19:17:03',1,68,'1','The Story of  A Fridge: draft',1,''),(48,'2011-04-13 19:58:33',1,68,'1','The Story of  A Fridge: published',2,'No fields changed.'),(49,'2011-04-14 09:22:04',1,39,'14','Blog',2,'Changed navigation_extenders, language and moderator_state.'),(50,'2011-04-14 10:17:21',1,39,'14','Blog',2,'Changed navigation_extenders, language and moderator_state.'),(51,'2011-04-14 10:33:33',1,39,'14','Blog',2,'Changed language and moderator_state.'),(52,'2011-04-14 10:45:32',1,39,'14','Blog',2,'Changed navigation_extenders, language and moderator_state.'),(53,'2011-04-14 10:47:48',1,39,'14','Blog',2,'Changed navigation_extenders, language and moderator_state.'),(54,'2011-04-14 11:14:43',1,39,'14','Blog',2,'Changed navigation_extenders, language and moderator_state.'),(55,'2011-04-14 11:23:03',1,39,'14','Blog',2,'Changed navigation_extenders, language and moderator_state.'),(56,'2011-04-14 11:24:18',1,39,'14','Blog',2,'Changed navigation_extenders, language and moderator_state.'),(57,'2011-04-14 11:25:52',1,67,'1','health',1,''),(58,'2011-04-14 11:25:57',1,68,'1','The Story of  A Fridge: published',2,'Changed categories.'),(59,'2011-04-14 13:15:59',1,39,'14','Blog',2,'Changed navigation_extenders, language and moderator_state.'),(60,'2011-04-14 16:11:43',1,67,'2','education',1,''),(61,'2011-04-14 18:35:15',1,39,'4','Home',2,'Changed language and moderator_state.'),(62,'2011-04-15 10:39:25',1,39,'4','Home',2,'Changed language and moderator_state.'),(63,'2011-04-15 10:42:31',1,39,'4','Home',2,'Changed language and moderator_state.'),(64,'2011-04-15 10:48:39',1,39,'4','Home',2,'Changed language and moderator_state.'),(65,'2011-04-15 13:05:20',1,56,'1','example.com (home)',1,''),(66,'2011-04-15 13:19:10',1,57,'1','example.com (home)',1,''),(67,'2011-04-15 13:39:25',1,57,'1','example.com (home)',2,'Added feature \"Health\".'),(68,'2011-04-15 14:19:47',1,57,'1','example.com (home)',2,'Changed active for feature \"Health\".'),(69,'2011-04-15 14:28:21',1,39,'4','Home',2,'Changed application_urls, language and moderator_state.'),(70,'2011-04-15 15:59:06',1,63,'2','Education',2,'Added programme image \"/site_media/media/files/images/solar-sinje-roof.jpg\".'),(71,'2011-04-15 16:01:28',1,57,'1','example.com (home)',2,'Changed object_id for feature \"Education\".'),(72,'2011-04-15 18:23:30',1,55,'1','files/images/vaccine-fridge.jpg',2,'Changed image.'),(73,'2011-04-15 18:28:12',1,63,'1','Health',2,'Added programme image \"files/images/solar-sinje-roof.jpg\".'),(74,'2011-04-15 18:29:30',1,57,'1','example.com (home)',2,'Added feature \"Health\".'),(75,'2011-04-15 18:29:53',1,57,'1','example.com (home)',2,'Changed active for feature \"Health\".'),(76,'2011-04-16 11:59:27',1,63,'2','Education',2,'Changed summary and spiele. Added programme image \"files/images/smaller_006.jpg\". Changed caption for programme image \"files/images/vaccine-fridge.jpg\".'),(77,'2011-04-19 14:28:32',1,63,'2','Education',2,'Changed caption for programme image \"files/images/vaccine-fridge.jpg\". Changed caption for programme image \"files/images/smaller_006.jpg\".'),(78,'2011-04-19 16:17:20',1,63,'2','Education',2,'Changed summary.'),(79,'2011-04-19 16:44:12',1,60,'1','ProjectLocation object',1,''),(80,'2011-04-19 16:46:07',1,61,'1','Solar power for Kamakwie Secondary School',1,''),(81,'2011-04-19 16:49:28',1,61,'1','Solar power for Kamakwie Secondary School',2,'Changed spiele.'),(82,'2011-04-19 16:50:17',1,39,'15','Projects',1,''),(83,'2011-04-20 08:10:27',1,39,'15','Projects',2,'Changed published, in_navigation, template, language and moderator_state.'),(84,'2011-04-20 08:10:50',1,39,'15','Projects',2,'Changed navigation_extenders, application_urls, language and moderator_state.'),(85,'2011-04-27 11:45:30',1,61,'1','Solar power for Kamakwie Secondary School',2,'Added project image \"files/images/inveno-makeni.jpg\".'),(86,'2011-04-27 16:29:49',1,8,'1','Programme Staff',1,''),(87,'2011-04-27 16:30:29',1,9,'1','dan.peade@gmail.com',2,'Changed first_name, last_name and groups. Changed biography and avatar for profile \"Dan Peade\".'),(88,'2011-04-27 16:53:24',1,39,'7','People',2,'Changed application_urls, language and moderator_state.'),(89,'2011-04-27 18:16:44',1,8,'2','Australian Directors',1,''),(90,'2011-04-27 18:20:00',1,9,'2','Christiansen-Ame',1,''),(91,'2011-04-27 18:35:26',1,39,'16','How We Formed',1,''),(92,'2011-04-27 18:35:39',1,39,'16','How We Formed',2,'Changed published, in_navigation, language and moderator_state.'),(93,'2011-04-27 18:36:04',1,39,'17','Our Strategy',1,''),(94,'2011-04-27 18:36:39',1,39,'17','Our Strategy',2,'Changed published, in_navigation, language and moderator_state.'),(95,'2011-04-27 18:37:52',1,39,'18','Why Solar',1,''),(96,'2011-04-27 18:38:11',1,39,'18','Why Solar',2,'Changed published, in_navigation, language and moderator_state.'),(97,'2011-04-28 14:21:20',1,9,'1','dan.peade@gmail.com',2,'Changed groups.'),(98,'2011-04-28 15:25:06',1,61,'2','Solar power for Orphans in Kamawkie',1,''),(99,'2011-04-28 16:09:54',1,61,'1','Solar power for Kamakwie Secondary School',2,'Changed programme.'),(100,'2011-04-28 16:28:55',1,39,'19','Contribute',1,''),(101,'2011-04-28 16:39:00',1,39,'19','Contribute',2,'Changed published, in_navigation, language and moderator_state.'),(102,'2011-04-28 17:07:04',1,39,'19','Contribute',2,'Changed template, language and moderator_state.'),(103,'2011-04-28 17:40:49',1,61,'2','Solar power for Orphans in Kamawkie',2,'Added project image \"files/images/playingfootball.jpg\".'),(104,'2011-04-29 11:44:42',1,39,'20','Contact Us',1,''),(105,'2011-04-29 12:00:25',1,39,'20','Contact Us',2,'Changed published, in_navigation, language and moderator_state.'),(106,'2011-04-29 14:34:22',1,39,'20','Contact Us',2,'Changed application_urls, language and moderator_state.'),(107,'2011-04-29 15:24:18',1,39,'20','Contact Us',2,'Changed language and moderator_state.'),(108,'2011-04-30 12:26:58',1,9,'3','Willans-Simon',1,''),(109,'2011-04-30 12:29:07',1,9,'4','Munro-Paul',1,''),(110,'2011-04-30 12:30:26',1,9,'5','Jalloh-Chernor-Marju',1,''),(111,'2011-04-30 12:31:59',1,9,'6','Kabba-Turay-Mohamed',1,''),(112,'2011-04-30 12:32:53',1,8,'3','Canadian Directors',1,''),(113,'2011-04-30 12:33:37',1,9,'7','Munro-Robert',1,''),(114,'2011-04-30 12:44:08',1,9,'8','Krysa-Mike',1,''),(115,'2011-04-30 12:47:34',1,9,'9','Krajcovic-Linda',1,''),(116,'2011-04-30 12:49:35',1,9,'10','Jones-Kevin',1,''),(117,'2011-04-30 12:51:09',1,9,'11','Willans-Matthew',1,''),(118,'2011-04-30 12:53:29',1,9,'12','Grzonkowski-Peter',1,''),(119,'2011-04-30 12:54:51',1,9,'13','Moran-Sean',1,''),(120,'2011-04-30 12:55:54',1,9,'14','Johns-Will',1,''),(121,'2011-04-30 12:57:15',1,9,'15','Munro-Jim',1,''),(122,'2011-04-30 12:58:20',1,9,'2','Christiansen-Ame',2,'Changed profession, biography and avatar for profile \"Ame Christiansen\".'),(123,'2011-04-30 13:02:48',1,9,'3','Willans-Simon',2,'Changed date_joined.'),(124,'2011-04-30 13:08:05',1,39,'7','People',2,'Changed page_title, language and moderator_state.'),(125,'2011-05-01 21:35:52',1,63,'2','Education',2,'Changed summary, needs, objectives, activities, long_term_impact, funding_info and how_to_help.'),(126,'2011-05-01 21:43:24',1,63,'3','Skills Training',1,''),(127,'2011-05-01 21:49:38',1,63,'3','Skills Training',2,'Added programme image \"files/images/programmes/skills_training/students-at-work.jpg\". Added programme image \"files/images/programmes/skills_training/freeman-leading-training.jpg\". Added programme image \"files/images/programmes/skills_training/class-picture.jpg\".'),(128,'2011-05-01 22:03:44',1,63,'4','Development and Livelihoods',1,''),(129,'2011-05-01 22:26:03',1,63,'2','Education',2,'Added programme image \"files/images/programmes/education/kamabai-sss-1-300x225.jpg\". Changed image, caption and summary for programme image \"files/images/programmes/education/primary-school2.jpg\". Changed image and caption for programme image \"files/images/programmes/education/kss2.jpg\".'),(130,'2011-05-01 22:45:02',1,63,'1','Health',2,'Changed summary, needs, objectives, activities, long_term_impact, funding_info and how_to_help. Added programme image \"files/images/programmes/health/vaccine-fridge.jpg\". Added programme image \"files/images/programmes/health/health-centre-300x225.jpg\". Changed image, caption and summary for programme image \"files/images/programmes/health/solar-sinje-roof-300x224.jpg\".'),(131,'2011-05-01 22:46:18',1,63,'4','Livelihoods',2,'Changed name.'),(132,'2011-05-02 10:16:38',1,63,'4','Livelihoods',2,'Changed how_to_help.'),(133,'2011-05-02 10:17:58',1,63,'3','Skills Training',2,'Changed how_to_help.'),(134,'2011-05-02 10:18:17',1,63,'2','Education',2,'Changed how_to_help.'),(135,'2011-05-02 10:18:57',1,63,'1','Health',2,'Changed how_to_help.'),(136,'2011-05-02 10:34:03',1,68,'1','The Story of  A Fridge: published',3,''),(137,'2011-05-02 10:41:25',1,67,'2','education',3,''),(138,'2011-05-02 10:41:25',1,67,'1','health',3,''),(139,'2011-05-02 10:41:25',1,67,'4','Uncategorized',3,''),(140,'2011-05-02 10:41:25',1,67,'5','Website',3,''),(141,'2011-05-02 20:33:49',1,39,'6','Uber Meta Parent',2,'Changed redirect, language and moderator_state.'),(142,'2011-05-02 21:12:15',1,8,'4','Site Editor',1,''),(143,'2011-05-02 21:14:40',1,9,'1','dan.peade@gmail.com',2,'No fields changed.'),(144,'2011-05-02 21:16:30',1,9,'2','Christiansen-Ame',2,'Changed is_superuser and groups.'),(145,'2011-05-02 21:23:05',1,8,'4','Site Editor',2,'Changed permissions.'),(146,'2011-05-03 12:37:25',2,57,'1','example.com (home)',2,'Changed feature_summary for feature \"Education\". Changed feature_summary for feature \"Health\".');
/*!40000 ALTER TABLE `django_admin_log` ENABLE KEYS */;
UNLOCK TABLES;

--
-- Table structure for table `django_comment_flags`
--

DROP TABLE IF EXISTS `django_comment_flags`;
/*!40101 SET @saved_cs_client     = @@character_set_client */;
/*!40101 SET character_set_client = utf8 */;
CREATE TABLE `django_comment_flags` (
  `id` int(11) NOT NULL AUTO_INCREMENT,
  `user_id` int(11) NOT NULL,
  `comment_id` int(11) NOT NULL,
  `flag` varchar(30) NOT NULL,
  `flag_date` datetime NOT NULL,
  PRIMARY KEY (`id`),
  UNIQUE KEY `user_id` (`user_id`,`comment_id`,`flag`),
  KEY `django_comment_flags_403f60f` (`user_id`),
  KEY `django_comment_flags_64c238ac` (`comment_id`),
  KEY `django_comment_flags_111c90f9` (`flag`)
) ENGINE=MyISAM DEFAULT CHARSET=latin1;
/*!40101 SET character_set_client = @saved_cs_client */;

--
-- Dumping data for table `django_comment_flags`
--

LOCK TABLES `django_comment_flags` WRITE;
/*!40000 ALTER TABLE `django_comment_flags` DISABLE KEYS */;
/*!40000 ALTER TABLE `django_comment_flags` ENABLE KEYS */;
UNLOCK TABLES;

--
-- Table structure for table `django_comments`
--

DROP TABLE IF EXISTS `django_comments`;
/*!40101 SET @saved_cs_client     = @@character_set_client */;
/*!40101 SET character_set_client = utf8 */;
CREATE TABLE `django_comments` (
  `id` int(11) NOT NULL AUTO_INCREMENT,
  `content_type_id` int(11) NOT NULL,
  `object_pk` longtext NOT NULL,
  `site_id` int(11) NOT NULL,
  `user_id` int(11) DEFAULT NULL,
  `user_name` varchar(50) NOT NULL,
  `user_email` varchar(75) NOT NULL,
  `user_url` varchar(200) NOT NULL,
  `comment` longtext NOT NULL,
  `submit_date` datetime NOT NULL,
  `ip_address` char(15) DEFAULT NULL,
  `is_public` tinyint(1) NOT NULL,
  `is_removed` tinyint(1) NOT NULL,
  PRIMARY KEY (`id`),
  KEY `django_comments_1bb8f392` (`content_type_id`),
  KEY `django_comments_6223029` (`site_id`),
  KEY `django_comments_403f60f` (`user_id`)
) ENGINE=MyISAM AUTO_INCREMENT=3 DEFAULT CHARSET=latin1;
/*!40101 SET character_set_client = @saved_cs_client */;

--
-- Dumping data for table `django_comments`
--

LOCK TABLES `django_comments` WRITE;
/*!40000 ALTER TABLE `django_comments` DISABLE KEYS */;
INSERT INTO `django_comments` VALUES (1,68,'1',1,1,'hooliganpeae','hooliganpeade@yahoo.com','','fascinatin article','2011-04-14 16:25:14','127.0.0.1',1,0),(2,68,'1',1,1,'danny bo','hooliganpeade@yahoo.com','','really amaing article this','2011-04-14 16:27:07','127.0.0.1',1,0);
/*!40000 ALTER TABLE `django_comments` ENABLE KEYS */;
UNLOCK TABLES;

--
-- Table structure for table `django_content_type`
--

DROP TABLE IF EXISTS `django_content_type`;
/*!40101 SET @saved_cs_client     = @@character_set_client */;
/*!40101 SET character_set_client = utf8 */;
CREATE TABLE `django_content_type` (
  `id` int(11) NOT NULL AUTO_INCREMENT,
  `name` varchar(100) NOT NULL,
  `app_label` varchar(100) NOT NULL,
  `model` varchar(100) NOT NULL,
  PRIMARY KEY (`id`),
  UNIQUE KEY `app_label` (`app_label`,`model`)
) ENGINE=MyISAM AUTO_INCREMENT=74 DEFAULT CHARSET=latin1;
/*!40101 SET character_set_client = @saved_cs_client */;

--
-- Dumping data for table `django_content_type`
--

LOCK TABLES `django_content_type` WRITE;
/*!40000 ALTER TABLE `django_content_type` DISABLE KEYS */;
INSERT INTO `django_content_type` VALUES (1,'notice type','notification','noticetype'),(2,'notice setting','notification','noticesetting'),(3,'notice','notification','notice'),(4,'notice queue batch','notification','noticequeuebatch'),(5,'observed item','notification','observeditem'),(6,'log entry','admin','logentry'),(7,'permission','auth','permission'),(8,'group','auth','group'),(9,'user','auth','user'),(10,'message','auth','message'),(11,'comment','comments','comment'),(12,'comment flag','comments','commentflag'),(13,'content type','contenttypes','contenttype'),(14,'session','sessions','session'),(15,'site','sites','site'),(16,'message','mailer','message'),(17,'don\'t send entry','mailer','dontsendentry'),(18,'message log','mailer','messagelog'),(19,'e-mail address','emailconfirmation','emailaddress'),(20,'e-mail confirmation','emailconfirmation','emailconfirmation'),(21,'announcement','announcements','announcement'),(22,'kv store','thumbnail','kvstore'),(23,'view tracker','popularity','viewtracker'),(24,'migration history','south','migrationhistory'),(25,'Tag','taggit','tag'),(26,'Tagged Item','taggit','taggeditem'),(27,'account','account','account'),(28,'other service info','account','otherserviceinfo'),(29,'password reset','account','passwordreset'),(30,'profile','profiles','profile'),(31,'nonce','django_openid','nonce'),(32,'association','django_openid','association'),(33,'user openid association','django_openid','useropenidassociation'),(34,'queue','mailchimp','queue'),(35,'Mailchimp Log','mailchimp','campaign'),(36,'reciever','mailchimp','reciever'),(37,'placeholder','cms','placeholder'),(38,'cms plugin','cms','cmsplugin'),(39,'page','cms','page'),(40,'PageModerator','cms','pagemoderator'),(41,'Page moderator state','cms','pagemoderatorstate'),(42,'Page global permission','cms','globalpagepermission'),(43,'Page permission','cms','pagepermission'),(44,'User (page)','cms','pageuser'),(45,'User group (page)','cms','pageusergroup'),(46,'title','cms','title'),(47,'picture','picture','picture'),(48,'text','text','text'),(49,'Snippet','snippet','snippet'),(50,'Snippet','snippet','snippetptr'),(51,'link','link','link'),(52,'google map','googlemap','googlemap'),(53,'file','file','file'),(54,'cache key','menus','cachekey'),(55,'image','images','image'),(56,'site feature area','features','sitefeaturearea'),(57,'feature set','features','featureset'),(58,'feature','features','feature'),(59,'feature schedule','features','featureschedule'),(60,'project location','projects','projectlocation'),(61,'project','projects','project'),(62,'project image','projects','projectimage'),(63,'programme','programmes','programme'),(64,'programme image','programmes','programmeimage'),(65,'tag','tagging','tag'),(66,'tagged item','tagging','taggeditem'),(67,'category','zinnia','category'),(68,'entry','zinnia','entry'),(69,'author','zinnia','author'),(70,'latest entries plugin','plugins','latestentriesplugin'),(71,'selected entries plugin','plugins','selectedentriesplugin'),(72,'random entries plugin','plugins','randomentriesplugin'),(73,'contact message','membrete','message');
/*!40000 ALTER TABLE `django_content_type` ENABLE KEYS */;
UNLOCK TABLES;

--
-- Table structure for table `django_openid_association`
--

DROP TABLE IF EXISTS `django_openid_association`;
/*!40101 SET @saved_cs_client     = @@character_set_client */;
/*!40101 SET character_set_client = utf8 */;
CREATE TABLE `django_openid_association` (
  `id` int(11) NOT NULL AUTO_INCREMENT,
  `server_url` longtext NOT NULL,
  `handle` varchar(255) NOT NULL,
  `secret` longtext NOT NULL,
  `issued` int(11) NOT NULL,
  `lifetime` int(11) NOT NULL,
  `assoc_type` longtext NOT NULL,
  PRIMARY KEY (`id`)
) ENGINE=MyISAM DEFAULT CHARSET=latin1;
/*!40101 SET character_set_client = @saved_cs_client */;

--
-- Dumping data for table `django_openid_association`
--

LOCK TABLES `django_openid_association` WRITE;
/*!40000 ALTER TABLE `django_openid_association` DISABLE KEYS */;
/*!40000 ALTER TABLE `django_openid_association` ENABLE KEYS */;
UNLOCK TABLES;

--
-- Table structure for table `django_openid_nonce`
--

DROP TABLE IF EXISTS `django_openid_nonce`;
/*!40101 SET @saved_cs_client     = @@character_set_client */;
/*!40101 SET character_set_client = utf8 */;
CREATE TABLE `django_openid_nonce` (
  `id` int(11) NOT NULL AUTO_INCREMENT,
  `server_url` varchar(255) NOT NULL,
  `timestamp` int(11) NOT NULL,
  `salt` varchar(40) NOT NULL,
  PRIMARY KEY (`id`)
) ENGINE=MyISAM DEFAULT CHARSET=latin1;
/*!40101 SET character_set_client = @saved_cs_client */;

--
-- Dumping data for table `django_openid_nonce`
--

LOCK TABLES `django_openid_nonce` WRITE;
/*!40000 ALTER TABLE `django_openid_nonce` DISABLE KEYS */;
/*!40000 ALTER TABLE `django_openid_nonce` ENABLE KEYS */;
UNLOCK TABLES;

--
-- Table structure for table `django_openid_useropenidassociation`
--

DROP TABLE IF EXISTS `django_openid_useropenidassociation`;
/*!40101 SET @saved_cs_client     = @@character_set_client */;
/*!40101 SET character_set_client = utf8 */;
CREATE TABLE `django_openid_useropenidassociation` (
  `id` int(11) NOT NULL AUTO_INCREMENT,
  `user_id` int(11) NOT NULL,
  `openid` varchar(255) NOT NULL,
  `created` datetime NOT NULL,
  PRIMARY KEY (`id`),
  KEY `django_openid_useropenidassociation_403f60f` (`user_id`)
) ENGINE=MyISAM DEFAULT CHARSET=latin1;
/*!40101 SET character_set_client = @saved_cs_client */;

--
-- Dumping data for table `django_openid_useropenidassociation`
--

LOCK TABLES `django_openid_useropenidassociation` WRITE;
/*!40000 ALTER TABLE `django_openid_useropenidassociation` DISABLE KEYS */;
/*!40000 ALTER TABLE `django_openid_useropenidassociation` ENABLE KEYS */;
UNLOCK TABLES;

--
-- Table structure for table `django_session`
--

DROP TABLE IF EXISTS `django_session`;
/*!40101 SET @saved_cs_client     = @@character_set_client */;
/*!40101 SET character_set_client = utf8 */;
CREATE TABLE `django_session` (
  `session_key` varchar(40) NOT NULL,
  `session_data` longtext NOT NULL,
  `expire_date` datetime NOT NULL,
  PRIMARY KEY (`session_key`)
) ENGINE=MyISAM DEFAULT CHARSET=latin1;
/*!40101 SET character_set_client = @saved_cs_client */;

--
-- Dumping data for table `django_session`
--

LOCK TABLES `django_session` WRITE;
/*!40000 ALTER TABLE `django_session` DISABLE KEYS */;
INSERT INTO `django_session` VALUES ('4b5da21463b4ed80d5d7c466d24b9cfd','gAJ9cQEoVQp0ZXN0Y29va2llcQJVBndvcmtlZHEDVQ9kamFuZ29fbGFuZ3VhZ2VxBFgCAAAAZW5x\nBXUuNWNkZmVkMzJmNWE4M2UwNTUzNzFlODIyZjI4ZDk5NDU=\n','2011-04-23 13:52:06'),('0561d4d73d89e8e95e13ac39fc67a6e8','gAJ9cQEoVQ5jbXNfYWRtaW5fc2l0ZXECigEBVRJfYXV0aF91c2VyX2JhY2tlbmRxA1UscHJvZmls\nZXMuYXV0aF9iYWNrZW5kcy5BdXRoZW50aWNhdGlvbkJhY2tlbmRxBFUPZGphbmdvX2xhbmd1YWdl\ncQVYAgAAAGVucQZVDV9hdXRoX3VzZXJfaWRxB4oBAXUuMzE2MmRmZjJiNjZiZjMxMmRkOWNiOTM1\nZjY1NjhkNDU=\n','2011-04-23 13:47:58'),('70c6f270c47d9568298f7d589bfa5a63','gAJ9cQEuODg5NGJhOWQzMjZmMDY0NDk0Y2I5OTFiYzA5YWVlZWY=\n','2011-04-23 13:52:28'),('b08146d2a88adaefbe90068df90836bc','gAJ9cQEoVQ5jbXNfYWRtaW5fc2l0ZXECigEBVQ1fYXV0aF91c2VyX2lkcQOKAQFVEl9hdXRoX3Vz\nZXJfYmFja2VuZHEEVSxwcm9maWxlcy5hdXRoX2JhY2tlbmRzLkF1dGhlbnRpY2F0aW9uQmFja2Vu\nZHEFVQhjbXNfZWRpdHEGiFUPZGphbmdvX2xhbmd1YWdlcQdYAgAAAGVucQh1LjQxNGI1MWE3ZmRk\nZjNlOWQ4ZTc3M2EyOTZhNWZhODc3\n','2011-04-24 08:23:22'),('ca91b1555860e389ca90e70fa21ff875','gAJ9cQEuODg5NGJhOWQzMjZmMDY0NDk0Y2I5OTFiYzA5YWVlZWY=\n','2011-04-24 09:00:15'),('a76769d150a4c08006a56de41eea067b','gAJ9cQEoVQ1fYXV0aF91c2VyX2lkcQKKAQFVD2RqYW5nb19sYW5ndWFnZXEDWAIAAABlbnEEVRJf\nYXV0aF91c2VyX2JhY2tlbmRxBVUscHJvZmlsZXMuYXV0aF9iYWNrZW5kcy5BdXRoZW50aWNhdGlv\nbkJhY2tlbmRxBnUuMDJlNzQ2MzU3MDg4YzlkMGJmNzkzZGQ0OTg0MWU0NDc=\n','2011-04-23 18:37:30'),('e587ca7ac2e3f11eba391b24875333d0','gAJ9cQEoVQ1fYXV0aF91c2VyX2lkcQKKAQFVD2RqYW5nb19sYW5ndWFnZXEDWAIAAABlbnEEVRJf\nYXV0aF91c2VyX2JhY2tlbmRxBVUscHJvZmlsZXMuYXV0aF9iYWNrZW5kcy5BdXRoZW50aWNhdGlv\nbkJhY2tlbmRxBnUuMDJlNzQ2MzU3MDg4YzlkMGJmNzkzZGQ0OTg0MWU0NDc=\n','2011-04-24 14:39:10'),('205398af8ae3e13c0ae5a7cdb213fb72','gAJ9cQEoVQ5jbXNfYWRtaW5fc2l0ZXECigEBVQhjbXNfZWRpdHEDiFUNX2F1dGhfdXNlcl9pZHEE\nigEBVRJfYXV0aF91c2VyX2JhY2tlbmRxBVUscHJvZmlsZXMuYXV0aF9iYWNrZW5kcy5BdXRoZW50\naWNhdGlvbkJhY2tlbmRxBlUPZGphbmdvX2xhbmd1YWdlcQdYAgAAAGVucQh1LjMwMDgyNTRkODMy\nNGM2ZWNjNTc4ZjU4ZjI2ZjIxYzZi\n','2011-05-04 08:53:33'),('b188a22f5f121e6774af5eff556bd717','gAJ9cQEoVQ1fYXV0aF91c2VyX2lkcQKKAQJVD2RqYW5nb19sYW5ndWFnZXEDWAIAAABlbnEEVRJf\nYXV0aF91c2VyX2JhY2tlbmRxBVUscHJvZmlsZXMuYXV0aF9iYWNrZW5kcy5BdXRoZW50aWNhdGlv\nbkJhY2tlbmRxBnUuZWRhMjBiNDQ5YmFlMWEwMDNkMTllZWUzMDIxMGViM2Q=\n','2011-05-16 21:43:00'),('777eb1e760a24f3f1a9e91f8a331030d','gAJ9cQEuODg5NGJhOWQzMjZmMDY0NDk0Y2I5OTFiYzA5YWVlZWY=\n','2011-05-17 12:38:03'),('864716c02a3000352593128a273c437b','gAJ9cQEuODg5NGJhOWQzMjZmMDY0NDk0Y2I5OTFiYzA5YWVlZWY=\n','2011-05-17 12:38:43'),('409b3009c1552edac52643944cf913ec','gAJ9cQFVD2RqYW5nb19sYW5ndWFnZXECWAIAAABlbnEDcy42YzA4Njk4OGVlYjAxNTY0ZjNkZTEw\nOWY4N2Y2ZjY0OQ==\n','2011-05-18 11:44:21'),('40943979103e6886c23abe635fef73a8','gAJ9cQFVD2RqYW5nb19sYW5ndWFnZXECWAIAAABlbnEDcy42YzA4Njk4OGVlYjAxNTY0ZjNkZTEw\nOWY4N2Y2ZjY0OQ==\n','2011-05-18 09:01:03');
/*!40000 ALTER TABLE `django_session` ENABLE KEYS */;
UNLOCK TABLES;

--
-- Table structure for table `django_site`
--

DROP TABLE IF EXISTS `django_site`;
/*!40101 SET @saved_cs_client     = @@character_set_client */;
/*!40101 SET character_set_client = utf8 */;
CREATE TABLE `django_site` (
  `id` int(11) NOT NULL AUTO_INCREMENT,
  `domain` varchar(100) NOT NULL,
  `name` varchar(50) NOT NULL,
  PRIMARY KEY (`id`)
) ENGINE=MyISAM AUTO_INCREMENT=2 DEFAULT CHARSET=latin1;
/*!40101 SET character_set_client = @saved_cs_client */;

--
-- Dumping data for table `django_site`
--

LOCK TABLES `django_site` WRITE;
/*!40000 ALTER TABLE `django_site` DISABLE KEYS */;
INSERT INTO `django_site` VALUES (1,'example.com','example.com');
/*!40000 ALTER TABLE `django_site` ENABLE KEYS */;
UNLOCK TABLES;

--
-- Table structure for table `emailconfirmation_emailaddress`
--

DROP TABLE IF EXISTS `emailconfirmation_emailaddress`;
/*!40101 SET @saved_cs_client     = @@character_set_client */;
/*!40101 SET character_set_client = utf8 */;
CREATE TABLE `emailconfirmation_emailaddress` (
  `id` int(11) NOT NULL AUTO_INCREMENT,
  `user_id` int(11) NOT NULL,
  `email` varchar(75) NOT NULL,
  `verified` tinyint(1) NOT NULL,
  `primary` tinyint(1) NOT NULL,
  PRIMARY KEY (`id`),
  UNIQUE KEY `user_id` (`user_id`,`email`),
  KEY `emailconfirmation_emailaddress_403f60f` (`user_id`)
) ENGINE=MyISAM AUTO_INCREMENT=2 DEFAULT CHARSET=latin1;
/*!40101 SET character_set_client = @saved_cs_client */;

--
-- Dumping data for table `emailconfirmation_emailaddress`
--

LOCK TABLES `emailconfirmation_emailaddress` WRITE;
/*!40000 ALTER TABLE `emailconfirmation_emailaddress` DISABLE KEYS */;
INSERT INTO `emailconfirmation_emailaddress` VALUES (1,1,'dan.peade@gmail.com',1,1);
/*!40000 ALTER TABLE `emailconfirmation_emailaddress` ENABLE KEYS */;
UNLOCK TABLES;

--
-- Table structure for table `emailconfirmation_emailconfirmation`
--

DROP TABLE IF EXISTS `emailconfirmation_emailconfirmation`;
/*!40101 SET @saved_cs_client     = @@character_set_client */;
/*!40101 SET character_set_client = utf8 */;
CREATE TABLE `emailconfirmation_emailconfirmation` (
  `id` int(11) NOT NULL AUTO_INCREMENT,
  `email_address_id` int(11) NOT NULL,
  `sent` datetime NOT NULL,
  `confirmation_key` varchar(40) NOT NULL,
  PRIMARY KEY (`id`),
  KEY `emailconfirmation_emailconfirmation_1df9fea4` (`email_address_id`)
) ENGINE=MyISAM DEFAULT CHARSET=latin1;
/*!40101 SET character_set_client = @saved_cs_client */;

--
-- Dumping data for table `emailconfirmation_emailconfirmation`
--

LOCK TABLES `emailconfirmation_emailconfirmation` WRITE;
/*!40000 ALTER TABLE `emailconfirmation_emailconfirmation` DISABLE KEYS */;
/*!40000 ALTER TABLE `emailconfirmation_emailconfirmation` ENABLE KEYS */;
UNLOCK TABLES;

--
-- Table structure for table `features_feature`
--

DROP TABLE IF EXISTS `features_feature`;
/*!40101 SET @saved_cs_client     = @@character_set_client */;
/*!40101 SET character_set_client = utf8 */;
CREATE TABLE `features_feature` (
  `id` int(11) NOT NULL AUTO_INCREMENT,
  `feature_set_id` int(11) DEFAULT NULL,
  `content_type_id` int(11) NOT NULL,
  `object_id` int(10) unsigned NOT NULL,
  `active` tinyint(1) NOT NULL,
  `feature_summary` varchar(200) NOT NULL,
  `order` int(10) unsigned DEFAULT NULL,
  PRIMARY KEY (`id`),
  KEY `features_feature_50806fc4` (`feature_set_id`),
  KEY `features_feature_1bb8f392` (`content_type_id`)
) ENGINE=MyISAM AUTO_INCREMENT=3 DEFAULT CHARSET=latin1;
/*!40101 SET character_set_client = @saved_cs_client */;

--
-- Dumping data for table `features_feature`
--

LOCK TABLES `features_feature` WRITE;
/*!40000 ALTER TABLE `features_feature` DISABLE KEYS */;
INSERT INTO `features_feature` VALUES (1,1,63,2,1,'A secondary school about to receive power from a project run under EFO\'s education programme. ',NULL),(2,1,63,1,1,'The founders working on a roof of a Liberian hospital as part of the EFO health programme.',NULL);
/*!40000 ALTER TABLE `features_feature` ENABLE KEYS */;
UNLOCK TABLES;

--
-- Table structure for table `features_featureschedule`
--

DROP TABLE IF EXISTS `features_featureschedule`;
/*!40101 SET @saved_cs_client     = @@character_set_client */;
/*!40101 SET character_set_client = utf8 */;
CREATE TABLE `features_featureschedule` (
  `id` int(11) NOT NULL AUTO_INCREMENT,
  `start_date_time` datetime NOT NULL,
  `end_date_time` datetime NOT NULL,
  PRIMARY KEY (`id`)
) ENGINE=MyISAM DEFAULT CHARSET=latin1;
/*!40101 SET character_set_client = @saved_cs_client */;

--
-- Dumping data for table `features_featureschedule`
--

LOCK TABLES `features_featureschedule` WRITE;
/*!40000 ALTER TABLE `features_featureschedule` DISABLE KEYS */;
/*!40000 ALTER TABLE `features_featureschedule` ENABLE KEYS */;
UNLOCK TABLES;

--
-- Table structure for table `features_featureset`
--

DROP TABLE IF EXISTS `features_featureset`;
/*!40101 SET @saved_cs_client     = @@character_set_client */;
/*!40101 SET character_set_client = utf8 */;
CREATE TABLE `features_featureset` (
  `id` int(11) NOT NULL AUTO_INCREMENT,
  `site_feature_area_id` int(11) DEFAULT NULL,
  PRIMARY KEY (`id`),
  KEY `features_featureset_6625e811` (`site_feature_area_id`)
) ENGINE=MyISAM AUTO_INCREMENT=2 DEFAULT CHARSET=latin1;
/*!40101 SET character_set_client = @saved_cs_client */;

--
-- Dumping data for table `features_featureset`
--

LOCK TABLES `features_featureset` WRITE;
/*!40000 ALTER TABLE `features_featureset` DISABLE KEYS */;
INSERT INTO `features_featureset` VALUES (1,1);
/*!40000 ALTER TABLE `features_featureset` ENABLE KEYS */;
UNLOCK TABLES;

--
-- Table structure for table `features_sitefeaturearea`
--

DROP TABLE IF EXISTS `features_sitefeaturearea`;
/*!40101 SET @saved_cs_client     = @@character_set_client */;
/*!40101 SET character_set_client = utf8 */;
CREATE TABLE `features_sitefeaturearea` (
  `id` int(11) NOT NULL AUTO_INCREMENT,
  `site_id` int(11) DEFAULT NULL,
  `area` varchar(50) NOT NULL,
  PRIMARY KEY (`id`),
  UNIQUE KEY `site_id` (`site_id`,`area`),
  KEY `features_sitefeaturearea_6223029` (`site_id`)
) ENGINE=MyISAM AUTO_INCREMENT=2 DEFAULT CHARSET=latin1;
/*!40101 SET character_set_client = @saved_cs_client */;

--
-- Dumping data for table `features_sitefeaturearea`
--

LOCK TABLES `features_sitefeaturearea` WRITE;
/*!40000 ALTER TABLE `features_sitefeaturearea` DISABLE KEYS */;
INSERT INTO `features_sitefeaturearea` VALUES (1,1,'home');
/*!40000 ALTER TABLE `features_sitefeaturearea` ENABLE KEYS */;
UNLOCK TABLES;

--
-- Table structure for table `images_image`
--

DROP TABLE IF EXISTS `images_image`;
/*!40101 SET @saved_cs_client     = @@character_set_client */;
/*!40101 SET character_set_client = utf8 */;
CREATE TABLE `images_image` (
  `id` int(11) NOT NULL AUTO_INCREMENT,
  `slug` varchar(250) NOT NULL,
  `created` datetime NOT NULL,
  `modified` datetime NOT NULL,
  `created_by_id` int(11) DEFAULT NULL,
  `modified_by_id` int(11) DEFAULT NULL,
  `slide_show` tinyint(1) NOT NULL,
  `image` varchar(200) DEFAULT NULL,
  `caption` longtext NOT NULL,
  `photographer` varchar(200) NOT NULL,
  `order` smallint(5) unsigned DEFAULT NULL,
  `feature` tinyint(1) NOT NULL,
  `summary` tinyint(1) NOT NULL,
  PRIMARY KEY (`id`),
  UNIQUE KEY `slug` (`slug`),
  KEY `images_image_4a21cf42` (`created_by_id`),
  KEY `images_image_6162aa58` (`modified_by_id`)
) ENGINE=MyISAM AUTO_INCREMENT=17 DEFAULT CHARSET=latin1;
/*!40101 SET character_set_client = @saved_cs_client */;

--
-- Dumping data for table `images_image`
--

LOCK TABLES `images_image` WRITE;
/*!40000 ALTER TABLE `images_image` DISABLE KEYS */;
INSERT INTO `images_image` VALUES (1,'primary-school-with-efo-installed-power','2011-04-15 15:59:06','2011-05-01 22:26:02',NULL,NULL,1,'files/images/programmes/education/primary-school2.jpg','Primary school with EFO installed power','',NULL,0,1),(2,'the-efo-founders-on-the-roof-of-a-health-centre-in-liberia','2011-04-15 18:28:12','2011-05-01 22:45:02',NULL,NULL,1,'files/images/programmes/health/solar-sinje-roof-300x224.jpg','The EFO founders on the roof of a health centre in Liberia','',NULL,0,1),(4,'the-panels-at-the-school','2011-04-19 16:46:07','2011-04-19 16:46:07',NULL,NULL,1,'files/images/kamakwie-school.jpg','The panels at the school','',NULL,1,1),(3,'kamakwie-secondary-school-has-a-computer-lab-powered-by-an-efo-installed-system','2011-04-16 11:59:27','2011-05-01 22:26:03',NULL,NULL,1,'files/images/programmes/education/kss2.jpg','Kamakwie Secondary School has a computer lab powered by an EFO installed system','',NULL,0,1),(5,'mohamed-on-the-roof','2011-04-27 11:45:30','2011-04-27 11:45:30',NULL,NULL,1,'files/images/inveno-makeni.jpg','Mohamed on the roof','',NULL,0,0),(6,'the-orphanage-at-kamakwie','2011-04-28 15:25:06','2011-04-28 15:25:06',NULL,NULL,1,'files/images/kamakwieorph.jpg','The orphanage at Kamakwie','',NULL,1,1),(7,'playing-football-at-the-school','2011-04-28 17:40:48','2011-04-28 17:40:48',NULL,NULL,1,'files/images/playingfootball.jpg','Playing football at the school','',NULL,0,0),(8,'students-at-work','2011-05-01 21:49:38','2011-05-01 21:49:38',NULL,NULL,1,'files/images/programmes/skills_training/students-at-work.jpg','Students at work','',NULL,0,1),(9,'an-efo-training-course-in-session','2011-05-01 21:49:38','2011-05-01 21:49:38',NULL,NULL,1,'files/images/programmes/skills_training/freeman-leading-training.jpg','An EFO training course in session','',NULL,0,0),(10,'a-graduating-class','2011-05-01 21:49:38','2011-05-01 21:49:38',NULL,NULL,1,'files/images/programmes/skills_training/class-picture.jpg','A graduating class','',NULL,0,0),(11,'street-light-kambama-sierra-leone','2011-05-01 22:03:44','2011-05-01 22:03:44',NULL,NULL,1,'files/images/programmes/community_development/water-pump-light1.jpg','Street Light - Kambama, Sierra Leone','',NULL,0,1),(12,'water-pump-light-kambama-sierra-leone','2011-05-01 22:03:44','2011-05-01 22:03:44',NULL,NULL,1,'files/images/programmes/community_development/street-light2.jpg','Water Pump Light - Kambama, Sierra Leone','',NULL,0,0),(13,'thrive-energy-kiosk-india','2011-05-01 22:03:44','2011-05-01 22:03:44',NULL,NULL,1,'files/images/programmes/community_development/charging-station-thrive2.jpg','THRIVE Energy Kiosk - India ','',NULL,0,0),(14,'another-photo-of-kamakwie-secondary-school','2011-05-01 22:26:03','2011-05-01 22:26:03',NULL,NULL,1,'files/images/programmes/education/kamabai-sss-1-300x225.jpg','Another photo of Kamakwie Secondary School','',NULL,0,0),(15,'a-vaccine-fridge-in-a-health-centre','2011-05-01 22:45:02','2011-05-01 22:45:02',NULL,NULL,1,'files/images/programmes/health/vaccine-fridge.jpg','A vaccine fridge in a health centre','',NULL,0,0),(16,'a-health-centre','2011-05-01 22:45:02','2011-05-01 22:45:02',NULL,NULL,1,'files/images/programmes/health/health-centre-300x225.jpg','A health centre','',NULL,0,0);
/*!40000 ALTER TABLE `images_image` ENABLE KEYS */;
UNLOCK TABLES;

--
-- Table structure for table `mailchimp_campaign`
--

DROP TABLE IF EXISTS `mailchimp_campaign`;
/*!40101 SET @saved_cs_client     = @@character_set_client */;
/*!40101 SET character_set_client = utf8 */;
CREATE TABLE `mailchimp_campaign` (
  `content` longtext NOT NULL,
  `sent_date` datetime NOT NULL,
  `id` int(11) NOT NULL AUTO_INCREMENT,
  `name` varchar(255) NOT NULL,
  `campaign_id` varchar(50) NOT NULL,
  `object_id` int(10) unsigned DEFAULT NULL,
  `content_type_id` int(11) DEFAULT NULL,
  `extra_info` longtext,
  PRIMARY KEY (`id`),
  KEY `mailchimp_campaign_1bb8f392` (`content_type_id`)
) ENGINE=MyISAM DEFAULT CHARSET=latin1;
/*!40101 SET character_set_client = @saved_cs_client */;

--
-- Dumping data for table `mailchimp_campaign`
--

LOCK TABLES `mailchimp_campaign` WRITE;
/*!40000 ALTER TABLE `mailchimp_campaign` DISABLE KEYS */;
/*!40000 ALTER TABLE `mailchimp_campaign` ENABLE KEYS */;
UNLOCK TABLES;

--
-- Table structure for table `mailchimp_queue`
--

DROP TABLE IF EXISTS `mailchimp_queue`;
/*!40101 SET @saved_cs_client     = @@character_set_client */;
/*!40101 SET character_set_client = utf8 */;
CREATE TABLE `mailchimp_queue` (
  `type_opts` longtext NOT NULL,
  `segment_options_all` tinyint(1) NOT NULL DEFAULT '0',
  `id` int(11) NOT NULL AUTO_INCREMENT,
  `contents` longtext NOT NULL,
  `subject` varchar(255) NOT NULL,
  `campaign_type` varchar(50) NOT NULL,
  `authenticate` tinyint(1) NOT NULL DEFAULT '0',
  `title` varchar(255) DEFAULT NULL,
  `from_email` varchar(75) NOT NULL,
  `segment_options` tinyint(1) NOT NULL DEFAULT '0',
  `list_id` varchar(50) NOT NULL,
  `auto_tweet` tinyint(1) NOT NULL DEFAULT '0',
  `from_name` varchar(255) NOT NULL,
  `folder_id` varchar(50) DEFAULT NULL,
  `generate_text` tinyint(1) NOT NULL DEFAULT '0',
  `to_email` varchar(75) NOT NULL,
  `tracking_text_clicks` tinyint(1) NOT NULL DEFAULT '0',
  `auto_footer` tinyint(1) NOT NULL DEFAULT '0',
  `tracking_html_clicks` tinyint(1) NOT NULL DEFAULT '1',
  `google_analytics` varchar(100) DEFAULT NULL,
  `segment_options_conditions` longtext NOT NULL,
  `template_id` int(10) unsigned NOT NULL,
  `tracking_opens` tinyint(1) NOT NULL DEFAULT '1',
  `object_id` int(10) unsigned DEFAULT NULL,
  `content_type_id` int(11) DEFAULT NULL,
  `locked` tinyint(1) NOT NULL DEFAULT '0',
  `extra_info` longtext,
  PRIMARY KEY (`id`),
  KEY `mailchimp_queue_1bb8f392` (`content_type_id`)
) ENGINE=MyISAM DEFAULT CHARSET=latin1;
/*!40101 SET character_set_client = @saved_cs_client */;

--
-- Dumping data for table `mailchimp_queue`
--

LOCK TABLES `mailchimp_queue` WRITE;
/*!40000 ALTER TABLE `mailchimp_queue` DISABLE KEYS */;
/*!40000 ALTER TABLE `mailchimp_queue` ENABLE KEYS */;
UNLOCK TABLES;

--
-- Table structure for table `mailchimp_reciever`
--

DROP TABLE IF EXISTS `mailchimp_reciever`;
/*!40101 SET @saved_cs_client     = @@character_set_client */;
/*!40101 SET character_set_client = utf8 */;
CREATE TABLE `mailchimp_reciever` (
  `id` int(11) NOT NULL AUTO_INCREMENT,
  `campaign_id` int(11) NOT NULL,
  `email` varchar(75) NOT NULL,
  PRIMARY KEY (`id`),
  KEY `mailchimp_reciever_702b94e6` (`campaign_id`)
) ENGINE=MyISAM DEFAULT CHARSET=latin1;
/*!40101 SET character_set_client = @saved_cs_client */;

--
-- Dumping data for table `mailchimp_reciever`
--

LOCK TABLES `mailchimp_reciever` WRITE;
/*!40000 ALTER TABLE `mailchimp_reciever` DISABLE KEYS */;
/*!40000 ALTER TABLE `mailchimp_reciever` ENABLE KEYS */;
UNLOCK TABLES;

--
-- Table structure for table `mailer_dontsendentry`
--

DROP TABLE IF EXISTS `mailer_dontsendentry`;
/*!40101 SET @saved_cs_client     = @@character_set_client */;
/*!40101 SET character_set_client = utf8 */;
CREATE TABLE `mailer_dontsendentry` (
  `id` int(11) NOT NULL AUTO_INCREMENT,
  `to_address` varchar(75) NOT NULL,
  `when_added` datetime NOT NULL,
  PRIMARY KEY (`id`)
) ENGINE=MyISAM DEFAULT CHARSET=latin1;
/*!40101 SET character_set_client = @saved_cs_client */;

--
-- Dumping data for table `mailer_dontsendentry`
--

LOCK TABLES `mailer_dontsendentry` WRITE;
/*!40000 ALTER TABLE `mailer_dontsendentry` DISABLE KEYS */;
/*!40000 ALTER TABLE `mailer_dontsendentry` ENABLE KEYS */;
UNLOCK TABLES;

--
-- Table structure for table `mailer_message`
--

DROP TABLE IF EXISTS `mailer_message`;
/*!40101 SET @saved_cs_client     = @@character_set_client */;
/*!40101 SET character_set_client = utf8 */;
CREATE TABLE `mailer_message` (
  `id` int(11) NOT NULL AUTO_INCREMENT,
  `message_data` longtext NOT NULL,
  `when_added` datetime NOT NULL,
  `priority` varchar(1) NOT NULL,
  PRIMARY KEY (`id`)
) ENGINE=MyISAM DEFAULT CHARSET=latin1;
/*!40101 SET character_set_client = @saved_cs_client */;

--
-- Dumping data for table `mailer_message`
--

LOCK TABLES `mailer_message` WRITE;
/*!40000 ALTER TABLE `mailer_message` DISABLE KEYS */;
/*!40000 ALTER TABLE `mailer_message` ENABLE KEYS */;
UNLOCK TABLES;

--
-- Table structure for table `mailer_messagelog`
--

DROP TABLE IF EXISTS `mailer_messagelog`;
/*!40101 SET @saved_cs_client     = @@character_set_client */;
/*!40101 SET character_set_client = utf8 */;
CREATE TABLE `mailer_messagelog` (
  `id` int(11) NOT NULL AUTO_INCREMENT,
  `message_data` longtext NOT NULL,
  `when_added` datetime NOT NULL,
  `priority` varchar(1) NOT NULL,
  `when_attempted` datetime NOT NULL,
  `result` varchar(1) NOT NULL,
  `log_message` longtext NOT NULL,
  PRIMARY KEY (`id`)
) ENGINE=MyISAM DEFAULT CHARSET=latin1;
/*!40101 SET character_set_client = @saved_cs_client */;

--
-- Dumping data for table `mailer_messagelog`
--

LOCK TABLES `mailer_messagelog` WRITE;
/*!40000 ALTER TABLE `mailer_messagelog` DISABLE KEYS */;
/*!40000 ALTER TABLE `mailer_messagelog` ENABLE KEYS */;
UNLOCK TABLES;

--
-- Table structure for table `membrete_message`
--

DROP TABLE IF EXISTS `membrete_message`;
/*!40101 SET @saved_cs_client     = @@character_set_client */;
/*!40101 SET character_set_client = utf8 */;
CREATE TABLE `membrete_message` (
  `id` int(11) NOT NULL AUTO_INCREMENT,
  `name` varchar(80) NOT NULL,
  `company` varchar(80) NOT NULL,
  `mail` varchar(75) NOT NULL,
  `phone` varchar(30) NOT NULL,
  `website` varchar(200) NOT NULL,
  `datetime` datetime NOT NULL,
  `subject` varchar(256) NOT NULL,
  `message` longtext NOT NULL,
  `sent` tinyint(1) NOT NULL,
  PRIMARY KEY (`id`)
) ENGINE=MyISAM AUTO_INCREMENT=2 DEFAULT CHARSET=latin1;
/*!40101 SET character_set_client = @saved_cs_client */;

--
-- Dumping data for table `membrete_message`
--

LOCK TABLES `membrete_message` WRITE;
/*!40000 ALTER TABLE `membrete_message` DISABLE KEYS */;
INSERT INTO `membrete_message` VALUES (1,'dan','','dan.peade@gmail.com','','','2011-04-29 15:59:47','Yo Yo','Hey thar',1);
/*!40000 ALTER TABLE `membrete_message` ENABLE KEYS */;
UNLOCK TABLES;

--
-- Table structure for table `menus_cachekey`
--

DROP TABLE IF EXISTS `menus_cachekey`;
/*!40101 SET @saved_cs_client     = @@character_set_client */;
/*!40101 SET character_set_client = utf8 */;
CREATE TABLE `menus_cachekey` (
  `id` int(11) NOT NULL AUTO_INCREMENT,
  `language` varchar(255) NOT NULL,
  `site` int(10) unsigned NOT NULL,
  `key` varchar(255) NOT NULL,
  PRIMARY KEY (`id`)
) ENGINE=MyISAM AUTO_INCREMENT=236 DEFAULT CHARSET=latin1;
/*!40101 SET character_set_client = @saved_cs_client */;

--
-- Dumping data for table `menus_cachekey`
--

LOCK TABLES `menus_cachekey` WRITE;
/*!40000 ALTER TABLE `menus_cachekey` DISABLE KEYS */;
INSERT INTO `menus_cachekey` VALUES (230,'en-us',1,'cms-menu_nodes_en-us_1'),(229,'en-us',1,'cms-menu_nodes_en-us_1'),(231,'en-us',1,'cms-menu_nodes_en-us_1'),(232,'en-us',1,'cms-menu_nodes_en-us_1'),(233,'en-us',1,'cms-menu_nodes_en-us_1'),(234,'en-us',1,'cms-menu_nodes_en-us_1'),(235,'en-us',1,'cms-menu_nodes_en-us_1');
/*!40000 ALTER TABLE `menus_cachekey` ENABLE KEYS */;
UNLOCK TABLES;

--
-- Table structure for table `notification_notice`
--

DROP TABLE IF EXISTS `notification_notice`;
/*!40101 SET @saved_cs_client     = @@character_set_client */;
/*!40101 SET character_set_client = utf8 */;
CREATE TABLE `notification_notice` (
  `id` int(11) NOT NULL AUTO_INCREMENT,
  `recipient_id` int(11) NOT NULL,
  `sender_id` int(11) DEFAULT NULL,
  `message` longtext NOT NULL,
  `notice_type_id` int(11) NOT NULL,
  `added` datetime NOT NULL,
  `unseen` tinyint(1) NOT NULL,
  `archived` tinyint(1) NOT NULL,
  `on_site` tinyint(1) NOT NULL,
  PRIMARY KEY (`id`),
  KEY `notification_notice_32f69dc` (`recipient_id`),
  KEY `notification_notice_6fe0a617` (`sender_id`),
  KEY `notification_notice_d734034` (`notice_type_id`)
) ENGINE=MyISAM DEFAULT CHARSET=latin1;
/*!40101 SET character_set_client = @saved_cs_client */;

--
-- Dumping data for table `notification_notice`
--

LOCK TABLES `notification_notice` WRITE;
/*!40000 ALTER TABLE `notification_notice` DISABLE KEYS */;
/*!40000 ALTER TABLE `notification_notice` ENABLE KEYS */;
UNLOCK TABLES;

--
-- Table structure for table `notification_noticequeuebatch`
--

DROP TABLE IF EXISTS `notification_noticequeuebatch`;
/*!40101 SET @saved_cs_client     = @@character_set_client */;
/*!40101 SET character_set_client = utf8 */;
CREATE TABLE `notification_noticequeuebatch` (
  `id` int(11) NOT NULL AUTO_INCREMENT,
  `pickled_data` longtext NOT NULL,
  PRIMARY KEY (`id`)
) ENGINE=MyISAM DEFAULT CHARSET=latin1;
/*!40101 SET character_set_client = @saved_cs_client */;

--
-- Dumping data for table `notification_noticequeuebatch`
--

LOCK TABLES `notification_noticequeuebatch` WRITE;
/*!40000 ALTER TABLE `notification_noticequeuebatch` DISABLE KEYS */;
/*!40000 ALTER TABLE `notification_noticequeuebatch` ENABLE KEYS */;
UNLOCK TABLES;

--
-- Table structure for table `notification_noticesetting`
--

DROP TABLE IF EXISTS `notification_noticesetting`;
/*!40101 SET @saved_cs_client     = @@character_set_client */;
/*!40101 SET character_set_client = utf8 */;
CREATE TABLE `notification_noticesetting` (
  `id` int(11) NOT NULL AUTO_INCREMENT,
  `user_id` int(11) NOT NULL,
  `notice_type_id` int(11) NOT NULL,
  `medium` varchar(1) NOT NULL,
  `send` tinyint(1) NOT NULL,
  PRIMARY KEY (`id`),
  UNIQUE KEY `user_id` (`user_id`,`notice_type_id`,`medium`),
  KEY `notification_noticesetting_403f60f` (`user_id`),
  KEY `notification_noticesetting_d734034` (`notice_type_id`)
) ENGINE=MyISAM DEFAULT CHARSET=latin1;
/*!40101 SET character_set_client = @saved_cs_client */;

--
-- Dumping data for table `notification_noticesetting`
--

LOCK TABLES `notification_noticesetting` WRITE;
/*!40000 ALTER TABLE `notification_noticesetting` DISABLE KEYS */;
/*!40000 ALTER TABLE `notification_noticesetting` ENABLE KEYS */;
UNLOCK TABLES;

--
-- Table structure for table `notification_noticetype`
--

DROP TABLE IF EXISTS `notification_noticetype`;
/*!40101 SET @saved_cs_client     = @@character_set_client */;
/*!40101 SET character_set_client = utf8 */;
CREATE TABLE `notification_noticetype` (
  `id` int(11) NOT NULL AUTO_INCREMENT,
  `label` varchar(40) NOT NULL,
  `display` varchar(50) NOT NULL,
  `description` varchar(100) NOT NULL,
  `default` int(11) NOT NULL,
  PRIMARY KEY (`id`)
) ENGINE=MyISAM AUTO_INCREMENT=2 DEFAULT CHARSET=latin1;
/*!40101 SET character_set_client = @saved_cs_client */;

--
-- Dumping data for table `notification_noticetype`
--

LOCK TABLES `notification_noticetype` WRITE;
/*!40000 ALTER TABLE `notification_noticetype` DISABLE KEYS */;
INSERT INTO `notification_noticetype` VALUES (1,'announcement','Announcement','you have received an announcement',2);
/*!40000 ALTER TABLE `notification_noticetype` ENABLE KEYS */;
UNLOCK TABLES;

--
-- Table structure for table `notification_observeditem`
--

DROP TABLE IF EXISTS `notification_observeditem`;
/*!40101 SET @saved_cs_client     = @@character_set_client */;
/*!40101 SET character_set_client = utf8 */;
CREATE TABLE `notification_observeditem` (
  `id` int(11) NOT NULL AUTO_INCREMENT,
  `user_id` int(11) NOT NULL,
  `content_type_id` int(11) NOT NULL,
  `object_id` int(10) unsigned NOT NULL,
  `notice_type_id` int(11) NOT NULL,
  `added` datetime NOT NULL,
  `signal` longtext NOT NULL,
  PRIMARY KEY (`id`),
  KEY `notification_observeditem_403f60f` (`user_id`),
  KEY `notification_observeditem_1bb8f392` (`content_type_id`),
  KEY `notification_observeditem_d734034` (`notice_type_id`)
) ENGINE=MyISAM DEFAULT CHARSET=latin1;
/*!40101 SET character_set_client = @saved_cs_client */;

--
-- Dumping data for table `notification_observeditem`
--

LOCK TABLES `notification_observeditem` WRITE;
/*!40000 ALTER TABLE `notification_observeditem` DISABLE KEYS */;
/*!40000 ALTER TABLE `notification_observeditem` ENABLE KEYS */;
UNLOCK TABLES;

--
-- Table structure for table `plugins_latestentriesplugin_authors`
--

DROP TABLE IF EXISTS `plugins_latestentriesplugin_authors`;
/*!40101 SET @saved_cs_client     = @@character_set_client */;
/*!40101 SET character_set_client = utf8 */;
CREATE TABLE `plugins_latestentriesplugin_authors` (
  `id` int(11) NOT NULL AUTO_INCREMENT,
  `latestentriesplugin_id` int(11) NOT NULL,
  `user_id` int(11) NOT NULL,
  PRIMARY KEY (`id`),
  UNIQUE KEY `plugins_latestentriesplugi_latestentriesplugin_id_2812b839_uniq` (`latestentriesplugin_id`,`user_id`),
  KEY `plugins_latestentriesplugin_authors_7ca27b87` (`latestentriesplugin_id`),
  KEY `plugins_latestentriesplugin_authors_403f60f` (`user_id`)
) ENGINE=MyISAM DEFAULT CHARSET=latin1;
/*!40101 SET character_set_client = @saved_cs_client */;

--
-- Dumping data for table `plugins_latestentriesplugin_authors`
--

LOCK TABLES `plugins_latestentriesplugin_authors` WRITE;
/*!40000 ALTER TABLE `plugins_latestentriesplugin_authors` DISABLE KEYS */;
/*!40000 ALTER TABLE `plugins_latestentriesplugin_authors` ENABLE KEYS */;
UNLOCK TABLES;

--
-- Table structure for table `plugins_latestentriesplugin_categories`
--

DROP TABLE IF EXISTS `plugins_latestentriesplugin_categories`;
/*!40101 SET @saved_cs_client     = @@character_set_client */;
/*!40101 SET character_set_client = utf8 */;
CREATE TABLE `plugins_latestentriesplugin_categories` (
  `id` int(11) NOT NULL AUTO_INCREMENT,
  `latestentriesplugin_id` int(11) NOT NULL,
  `category_id` int(11) NOT NULL,
  PRIMARY KEY (`id`),
  UNIQUE KEY `plugins_latestentriesplugi_latestentriesplugin_id_27ecb393_uniq` (`latestentriesplugin_id`,`category_id`),
  KEY `plugins_latestentriesplugin_categories_7ca27b87` (`latestentriesplugin_id`),
  KEY `plugins_latestentriesplugin_categories_42dc49bc` (`category_id`)
) ENGINE=MyISAM DEFAULT CHARSET=latin1;
/*!40101 SET character_set_client = @saved_cs_client */;

--
-- Dumping data for table `plugins_latestentriesplugin_categories`
--

LOCK TABLES `plugins_latestentriesplugin_categories` WRITE;
/*!40000 ALTER TABLE `plugins_latestentriesplugin_categories` DISABLE KEYS */;
/*!40000 ALTER TABLE `plugins_latestentriesplugin_categories` ENABLE KEYS */;
UNLOCK TABLES;

--
-- Table structure for table `plugins_latestentriesplugin_tags`
--

DROP TABLE IF EXISTS `plugins_latestentriesplugin_tags`;
/*!40101 SET @saved_cs_client     = @@character_set_client */;
/*!40101 SET character_set_client = utf8 */;
CREATE TABLE `plugins_latestentriesplugin_tags` (
  `id` int(11) NOT NULL AUTO_INCREMENT,
  `latestentriesplugin_id` int(11) NOT NULL,
  `tag_id` int(11) NOT NULL,
  PRIMARY KEY (`id`),
  UNIQUE KEY `plugins_latestentriesplugi_latestentriesplugin_id_655b40d9_uniq` (`latestentriesplugin_id`,`tag_id`),
  KEY `plugins_latestentriesplugin_tags_7ca27b87` (`latestentriesplugin_id`),
  KEY `plugins_latestentriesplugin_tags_3747b463` (`tag_id`)
) ENGINE=MyISAM DEFAULT CHARSET=latin1;
/*!40101 SET character_set_client = @saved_cs_client */;

--
-- Dumping data for table `plugins_latestentriesplugin_tags`
--

LOCK TABLES `plugins_latestentriesplugin_tags` WRITE;
/*!40000 ALTER TABLE `plugins_latestentriesplugin_tags` DISABLE KEYS */;
/*!40000 ALTER TABLE `plugins_latestentriesplugin_tags` ENABLE KEYS */;
UNLOCK TABLES;

--
-- Table structure for table `plugins_selectedentriesplugin_entries`
--

DROP TABLE IF EXISTS `plugins_selectedentriesplugin_entries`;
/*!40101 SET @saved_cs_client     = @@character_set_client */;
/*!40101 SET character_set_client = utf8 */;
CREATE TABLE `plugins_selectedentriesplugin_entries` (
  `id` int(11) NOT NULL AUTO_INCREMENT,
  `selectedentriesplugin_id` int(11) NOT NULL,
  `entry_id` int(11) NOT NULL,
  PRIMARY KEY (`id`),
  UNIQUE KEY `plugins_selectedentriesp_selectedentriesplugin_id_1d8f90c3_uniq` (`selectedentriesplugin_id`,`entry_id`),
  KEY `plugins_selectedentriesplugin_entries_2b4c2af` (`selectedentriesplugin_id`),
  KEY `plugins_selectedentriesplugin_entries_38a62041` (`entry_id`)
) ENGINE=MyISAM DEFAULT CHARSET=latin1;
/*!40101 SET character_set_client = @saved_cs_client */;

--
-- Dumping data for table `plugins_selectedentriesplugin_entries`
--

LOCK TABLES `plugins_selectedentriesplugin_entries` WRITE;
/*!40000 ALTER TABLE `plugins_selectedentriesplugin_entries` DISABLE KEYS */;
/*!40000 ALTER TABLE `plugins_selectedentriesplugin_entries` ENABLE KEYS */;
UNLOCK TABLES;

--
-- Table structure for table `popularity_viewtracker`
--

DROP TABLE IF EXISTS `popularity_viewtracker`;
/*!40101 SET @saved_cs_client     = @@character_set_client */;
/*!40101 SET character_set_client = utf8 */;
CREATE TABLE `popularity_viewtracker` (
  `id` int(11) NOT NULL AUTO_INCREMENT,
  `content_type_id` int(11) NOT NULL,
  `object_id` int(10) unsigned NOT NULL,
  `added` datetime NOT NULL,
  `viewed` datetime NOT NULL,
  `views` int(10) unsigned NOT NULL,
  PRIMARY KEY (`id`),
  UNIQUE KEY `content_type_id` (`content_type_id`,`object_id`),
  KEY `popularity_viewtracker_1bb8f392` (`content_type_id`)
) ENGINE=MyISAM AUTO_INCREMENT=7 DEFAULT CHARSET=latin1;
/*!40101 SET character_set_client = @saved_cs_client */;

--
-- Dumping data for table `popularity_viewtracker`
--

LOCK TABLES `popularity_viewtracker` WRITE;
/*!40000 ALTER TABLE `popularity_viewtracker` DISABLE KEYS */;
INSERT INTO `popularity_viewtracker` VALUES (1,63,1,'2011-04-12 18:38:26','2011-05-01 20:00:01',15),(2,63,2,'2011-04-12 18:43:38','2011-05-03 12:56:53',46),(3,61,1,'2011-04-20 08:38:28','2011-05-02 21:34:18',73),(4,61,2,'2011-04-28 17:31:18','2011-04-28 19:16:40',5),(5,63,4,'2011-05-01 22:47:51','2011-05-02 10:16:56',6),(6,63,3,'2011-05-01 22:48:07','2011-05-02 10:24:49',6);
/*!40000 ALTER TABLE `popularity_viewtracker` ENABLE KEYS */;
UNLOCK TABLES;

--
-- Table structure for table `profiles_profile`
--

DROP TABLE IF EXISTS `profiles_profile`;
/*!40101 SET @saved_cs_client     = @@character_set_client */;
/*!40101 SET character_set_client = utf8 */;
CREATE TABLE `profiles_profile` (
  `id` int(11) NOT NULL AUTO_INCREMENT,
  `user_id` int(11) NOT NULL,
  `is_contributor` tinyint(1) NOT NULL,
  `location` varchar(255) NOT NULL,
  `website` varchar(200) NOT NULL,
  `profession` varchar(200) NOT NULL,
  `biography` longtext NOT NULL,
  `avatar` varchar(250) DEFAULT NULL,
  `site_id` int(11) DEFAULT NULL,
  PRIMARY KEY (`id`),
  UNIQUE KEY `user_id` (`user_id`),
  KEY `profiles_profile_6223029` (`site_id`)
) ENGINE=MyISAM AUTO_INCREMENT=17 DEFAULT CHARSET=latin1;
/*!40101 SET character_set_client = @saved_cs_client */;

--
-- Dumping data for table `profiles_profile`
--

LOCK TABLES `profiles_profile` WRITE;
/*!40000 ALTER TABLE `profiles_profile` DISABLE KEYS */;
INSERT INTO `profiles_profile` VALUES (1,1,0,'','','','This guy, well, what can you say....','files/images/avatars/random_083.jpg',NULL),(2,2,1,'','','Program Officer','Am has worked with children and adults with a disability and their communities since 1998. She gained a BA in Community Development from Murdoch University and an MA International Development from RMIT. In 2006 she worked as the Volunteer Coordinator for Trama Textiles, an indigenous womens weaving cooperative in the Guatemalan highlands. She has interned internationally with Save the Children and the Asian Development Bank in Indonesia and with the Nossal Institute for Global Health in Melbourne. Am currently coordinates services for children for a Local Government Area in Melbournes inner east, where she also holds a policy research and planning position. She is also a lecturer in Bachelor of Education at Victoria University in Student Diversity.','files/images/avatars/ame-portrait.jpg',NULL),(3,3,1,'','','Executive Director','Simon serves two distinct roles with EFO, splitting time between the office and the field. In the office he coordinates the overall EFO operations and tries his best to think of new and inventive ways to quickly get back out in the field. When doing fieldwork he can often be found in front of a classroom, on top of a roof or holed up in a small room checking on the system wiring. He has a variety of semi related degrees in Mechanical Engineering, International Development and a Masters in Political Science and over ten years of engineering and development experience. Simon currently lives and works in Sierra Leone.','files/images/avatars/simon-portrait.jpg',NULL),(4,4,1,'','','Programme Manager','Pauls role as Program Manager involves the developing and designing of new projects, as well as the facilitating of relations between both funding and implementation organisations. He draws experience from over five years of working with environmental organisations and universities in Africa, Europe, Australia and Latin America. He holds a BA from Sydney and a MA in Environment and Development from Kings College London, and is currently studying a PhD in Resource Management and Geography, at the University of Melbourne, with his thesis focusing on different processes of forest conservation in West Africa.','files/images/avatars/paul-portrait.jpg',NULL),(5,5,1,'','','Engineer','Chernor officially joined the EFO team in January 2010 in an Engineering role. He was born in Koiqima, Kono District and attended Ahmadiyya Muslim Secondary School. After graduation he went on to complete his Electrical Engineering Certificate at the National Power Authority Training Centre. His first assignment with EFO will be to oversee the Community Charging Station in Matru Jong. When he is not at work Chernor spends his time playing with his computer, reading books and magazines and watching football.','files/images/avatars/jalloh-portrait.jpg',NULL),(6,6,1,'','','Engineer','Mohamed has been helping EFO since his time at Government Technical Institute (GTI), assisting to organise the PV class in his role as Vice President of the Students Union. He joined the team full-time in January as an Engineer and will be leading the Community Charging Station project in Kamabai. Mohamed was born in Lunsar, Port Loko District and has a Diploma in Electrical Engineering from GTI. In addition to all things solar, he enjoys games, listening to the news and reading novels.','files/images/avatars/mohammed-portrait.jpg',NULL),(7,7,1,'','','Chief Information Officer','Rob heads the IT services at EFO, from designing and developing software systems, to training and acceptance testing. He is a San Francisco resident, and has worked as a commercial software developer and social development IT-specialist for 10 years, drawing on qualifications from a PhD from Stanford (abt) and Bachelors degrees from Sydney. When not working, Rob can be found in remote places indulging his other passions: documenting endangered languages and cycling across continents.','files/images/avatars/rob-portrait.jpg',NULL),(8,8,1,'','','Advisory Board','Mike sits on EFOs advisory board and assists with conducting funding research and handling administrative aspects of the charity. He holds degrees in Education and Kinesiology with Geography from the University of Western Ontario, Canada. Mike has had his hand in various international charity projects over the years. He currently teaches Health and Physical Education at a private school in Quito, Ecuador.','files/images/avatars/mike-portrait.jpg',NULL),(9,9,1,'','','Advisory Board','Lindas role at EFO is to develop the organisations funding strategy and to provide overall project guidance. She holds a Bachelor of Law from the University of British Columbia and a Masters in International Human Rights Law from the University of Toronto. She enjoys outdoor activities such as cycling, running and camping. She is currently employed by the Federal Government of Canada and is based in Toronto, Canada.','files/images/avatars/linda-portrait.jpg',NULL),(10,10,1,'','','Advisory Board','Kevin sits on EFOs Advisory Board and is directly involved in the development and promotion of EFO in the North America region. He has a degree in Education from DYouville College in Buffalo, USA and a degree in Physical Education from Brock University, Canada. Kevin enjoys camping and hiking and taking in live music around the city. He currently resides in Toronto, Canada and is an Educator of primary school students.','files/images/avatars/kevin-portrait.jpg',NULL),(11,11,1,'','','Treasurer','Mathew serves as Treasurer and thus is responsible for managing the finances of EFO. He holds a Bachelor degree in biochemistry from the University of Windsor and a Ph.D. in chemistry from the University of Alberta. Currently Mathew lives in London, Canada where he works in the chemistry department at the University of Western Ontario. When not chasing after his young son, he enjoys a variety of sports, especially ice hockey, soccer, golf and alpine skiing, watching the Toronto Maple Leafs and extolling the virtues of environmental sustainability.','files/images/avatars/random_083.jpg',NULL),(12,12,1,'','','Secretary','Pete has become involved with EFO due to his experiences in West Africa and his current training. Pete traveled through West Africa in 2003/4 for five months before heading back to Australia to study. Currently he is completing a degree in Natural Science in Health and Environment, majoring in Public Health at the University of Western Sydney, with a special interest in HIV/AIDS. He currently works as a Household Sustainability Assessor and will fill the role of Secretary on EFOs Australian Advisory Board. Pete is now busy looking after his first child, struggling to keep a hold of his brain while he chases her around.','files/images/avatars/pete-portrait.jpg',NULL),(13,13,1,'','','Fundraising Officer','Seans role as Fundraising Officer entails work on funding proposals, surmounting the bureaucratic mountains of Australian Taxation Law, and project development and implementation. He has a Bachelors degree in Environmental Engineering from the University of New South Wales and a long-term adrenaline addiction. When not white water kayaking in Africa or the Americas, Sean prefers a life of minimal resistance in Sydney, Australia.','files/images/avatars/prawn-portrait.jpg',NULL),(14,14,1,'','','Treasurer','Will fulfills the role of Financial Officer at EFO Australia and is looking forward to crunching numbers and managing the organisations budget as well as assisting in aspects of fundraising and public relations. His interest in development stems from his time at university when completing a BA from Sydney, his travels around the world and through his current work as a high school teacher of Geography (Masters of Teaching, Sydney). Will is currently living in Canberra, Australia, where he partakes in his other interests: playing guitar and writing music, sustainable housing, table tennis and reading American fiction.','files/images/avatars/will-portrait.jpg',NULL),(15,15,1,'','','Chairman','Jim is the current acting chairman of EFO Australia. He has been an active engineer for over 30 years, with a specialist focus on explosion protected equipment and occupational health and safety. Currently he directs his own company that provides engineering consultancy to manufacturers, users, and testing bodies around the world. He is also the chairman of an international standards committee and an international assessor. In 2007 he traveled to Sierra Leone and assisted with the installation of a solar power system on Tiwai Island. When not working, Jim is often found hiking across mountains and throwing himself down canyons.','files/images/avatars/jim-portrait.jpg',NULL),(16,16,0,'','','','',NULL,NULL);
/*!40000 ALTER TABLE `profiles_profile` ENABLE KEYS */;
UNLOCK TABLES;

--
-- Table structure for table `programmes_programme`
--

DROP TABLE IF EXISTS `programmes_programme`;
/*!40101 SET @saved_cs_client     = @@character_set_client */;
/*!40101 SET character_set_client = utf8 */;
CREATE TABLE `programmes_programme` (
  `id` int(11) NOT NULL AUTO_INCREMENT,
  `slug` varchar(250) NOT NULL,
  `created` datetime NOT NULL,
  `modified` datetime NOT NULL,
  `created_by_id` int(11) DEFAULT NULL,
  `modified_by_id` int(11) DEFAULT NULL,
  `name` varchar(250) NOT NULL,
  `summary` longtext NOT NULL,
  `needs` longtext NOT NULL,
  `objectives` longtext NOT NULL,
  `activities` longtext NOT NULL,
  `long_term_impact` longtext NOT NULL,
  `funding_info` longtext NOT NULL,
  `how_to_help` longtext NOT NULL,
  PRIMARY KEY (`id`),
  UNIQUE KEY `slug` (`slug`),
  KEY `programmes_programme_4a21cf42` (`created_by_id`),
  KEY `programmes_programme_6162aa58` (`modified_by_id`)
) ENGINE=MyISAM AUTO_INCREMENT=5 DEFAULT CHARSET=latin1;
/*!40101 SET character_set_client = @saved_cs_client */;

--
-- Dumping data for table `programmes_programme`
--

LOCK TABLES `programmes_programme` WRITE;
/*!40000 ALTER TABLE `programmes_programme` DISABLE KEYS */;
INSERT INTO `programmes_programme` VALUES (1,'health','2011-04-12 16:29:43','2011-05-02 10:18:57',1,1,'Health','This programme will provide basic power to rural clinics for lighting and medical equipment. Systems will be specifically designed to meet the needs of the individual clinic and will target areas that serve isolated and inaccessible communities.','<p>Access to health care represents a significant challenge especially in  the rural areas. For example, in Sierra Leone one in four children are  likely to die before their fifth birthday, and one in eight mothers will  die during childbirth; figures higher than in any other country. Urgent  support is needed&nbsp;to&nbsp;facilitate the establishment and development of  health clinics, to help ensure that the people of in the region can live  longer, healthier lives.</p>','<p>The initial objective of this project is to install solar power systems  in twenty health clinics in remote areas across the region. These  systems will provide power for vaccine fridges, lighting and basic  medical equipment. The project will be implemented with local partners  and government bodies to ensure this infrastructure will benefit those  who need it the most.</p>','<ul>\r\n<li>Selecting twenty health clinics in remote areas where medical care is needed the most</li>\r\n<li>Installation of specifically designed solar systems for each health clinic</li>\r\n<li>Implementation will be in close partnership with national NGOs and Government bodies to ensure capacity is invested locally</li>\r\n<li>The training of health clinic staff and community groups to maintain and operate their system</li>\r\n</ul>\r\n<p>&nbsp;</p>','<p>Providing power to rural health centres can immediately improve the  quality of and access patients have to health care. This can  dramatically improve the life of the affected communities by reducing  the burdens associated with poor health. In the long run this can lead  to improved incomes and development opportunities.</p>','<p>Total Funding Goal: US$120,000</p>','<ul>\r\n<li>$20 - Supplies four fluorescent light bulbs</li>\r\n<li>$50 - Provides training for local staff</li>\r\n<li>$300 - Buys one solar panel for the clinic</li>\r\n</ul>\r\n<p>Click <a title=\"Help EFO achieve it\'s goals!\" href=\"../../contribute\">here</a> to see how you can contribute to helping EFO achieve it\'s goals!</p>'),(2,'education','2011-04-12 18:41:22','2011-05-02 10:18:17',1,1,'Education','This programme will create computer labs, using specifically designed low wattage computers. These will be powered by solar electricity and will provide access to basic computer programmes and internet access.','<p>Low enrolment and funding is common in the education systems across the  region. In Mali the adult literacy rate is an estimated 21% and primary  school enrolment is only 51%. Increasing the access and quality of  education is vital to increasing opportunities for individuals and  propelling national development.&nbsp;</p>','<p>The objective of this project is to provide solar powered computer labs  to five junior/senior secondary schools across the region. Junior and  Senior Secondary schools will be targeted to provide a community access  and create a strong incentive for students to remain enrolled in school.</p>','<ul>\r\n<li>Selecting of schools in conjunction with local partners</li>\r\n<li>Installation of specifically designed computer labs and solar systems for each school</li>\r\n<li>Training of teachers and other staff to utilises the computer facilities</li>\r\n<li>Ongoing evaluation and support to maximise facility usage and community service</li>\r\n</ul>\r\n<div id=\"_mcePaste\" class=\"mcePaste\" style=\"position: absolute; left: -10000px; top: 0px; width: 1px; height: 1px; overflow: hidden;\">\r\n<ul>\r\n<li>\r\n<p>Selecting of schools in conjunction with local      partners</p>\r\n</li>\r\n<li>Installation of specifically designed computer      labs and solar systems for each school</li>\r\n<li>Training of teachers and other staff to      utilises the computer facilities</li>\r\n<li>Ongoing evaluation and support to maximise      facility usage and community service</li>\r\n</ul>\r\n</div>','<p>Education provides the critical building block for both personal and  community development. Computer skills provide students with the  necessary skills to succeed in a modern and globalized world.</p>','<p>Total Funding Goal: US$200,000</p>','<ul>\r\n<li>$5 &ndash; Supplies one child with a rechargeable study light</li>\r\n<li>$50 &ndash; Provides training materials to one      teacher</li>\r\n<li style=\"text-align: justify;\"> $400 &ndash; Buys a computer</li>\r\n</ul>\r\n<p>Click <a title=\"Help EFO achieve it\'s goals!\" href=\"../../contribute\">here</a> to see how you can contribute to helping EFO achieve it\'s goals!</p>'),(3,'skills-training','2011-05-01 21:43:24','2011-05-02 10:17:58',1,1,'Skills Training','This programme will introduce solar electricity courses into higher education curriculum across the region. A counterpart teaching methodology will be used to allow the programme to continue and expand beyond the initial course offering.','<p>Youth unemployment is a major challenge across the region and creates  many potential societal risks. One&nbsp; of&nbsp; the causes&nbsp; of&nbsp; this&nbsp; issue&nbsp; is&nbsp;  that&nbsp; the generalized nature of many of&nbsp; the programmes does not  provide students with&nbsp; the&nbsp; specialized&nbsp; skills&nbsp; required&nbsp; for&nbsp; the&nbsp;  existing&nbsp; or&nbsp; emerging&nbsp; job market. Furthermore the investment of solar  skills in the next generation will provide the necessary foundation for  the future dissemination of the technology at the country level.</p>','<p>The objective of this project is to establish solar electricity courses  into the curriculum of higher education institutes in the three partner  countries, Sierra Leone, Mali and Benin. These courses must be  introduced in a manner that allows for the continuation of the programme  after the initial offering.</p>','<ul style=\"text-align: justify;\">\r\n<li>Selecting higher education institutions in the      partner countries</li>\r\n<li>Design regional specific, solar electricity courses      and courseware with the institutions</li>\r\n<li>Train local teachers to continue the courses</li>\r\n<li>Build on this to create complete Alternative      Energy Programmes</li>\r\n</ul>','<p>Participants will gain immediate benefits with improved access to  employment and livelihoods opportunities. The potential also exists for  these students to expand the utlisation of alternative energy  technologies in the country, creating wide ranging social benefits.</p>','<p>Total Funding Goal: US$120,000</p>','<ul>\r\n<li>$20 &ndash; Supplies one student with course materials</li>\r\n<li>$50 &ndash; Provides a basic tool kit for one      student</li>\r\n<li> $200 &ndash; Supports the creation of a class lab</li>\r\n</ul>\r\n<p>Click <a title=\"Help EFO achieve it\'s goals!\" href=\"../../contribute\">here</a> to see how you can contribute to helping EFO achieve it\'s goals!</p>'),(4,'livelihoods','2011-05-01 22:03:44','2011-05-02 10:16:38',1,1,'Livelihoods','This programme will provide lighting and other energy services to off grid communities. Centralized charging stations will be created that provide power to community structures, allow for battery and other charging and create livelihood opportunities.','<p>The majority of communities across the region do not have access to  national electrical supply. Rural Benin is home to more than two-thirds  of the country&rsquo;s eight million people, yet less than two percent of  these people have direct access to electricity. Currently the vast  majority of Beninese rely on kerosene lanterns for their lighting needs  and use non-rechargeable batteries for radios and other appliances such  as cassette and CD players. Not only are these environmentally damaging  but they represent a significant financial burden on families.</p>','<p>The objective of this project is to establish ten solar charging  stations in rural areas across the region. These centres will be owned  by members of the community, who will be fully trained in their  operation and maintenance. Rechargeable lanterns will also be introduced  to reduce the reliance on costly, dangerous and unhealthy kerosene.</p>','<ul style=\"text-align: justify;\">\r\n<li>Evaluation of communities for the need and      want for community charging services</li>\r\n<li>Installation of specifically designed charging      stations for each community</li>\r\n<li>The training of      community owners/operators to maintain and operate their system</li>\r\n<li>The training of community owner/operators in the management of the  solar charging station as a community income generating business</li>\r\n</ul>','<p>Access to electricity has the potential for dramatic long term benefits.  Energy provides the opportunity for increased study, work or leisure  activities and this distribution method leaves it to the user to decide.  There is a direct relationship between energy supply, education and  income levels as each is largely reliant on the other in order to make  significant improvements.</p>','<p>Total Funding Goal: US$100,000</p>','<ul>\r\n<li>$5 &ndash; Supplies one child with a rechargeable study light</li>\r\n<li>$50 &ndash; Provides one family with a rechargeable      lantern</li>\r\n<li>$200 &ndash; Buys a complete rechargeable home lighting kit</li>\r\n</ul>\r\n<p>Click <a title=\"Help EFO achieve it\'s goals!\" href=\"../../contribute\">here</a> to see how you can contribute to helping EFO achieve it\'s goals!</p>\r\n<div id=\"gmBFtt\" style=\"background: none repeat scroll 0% 0% #a8ecff ! important; font-family: arial ! important; font-size: 12px ! important; color: #000000 ! important; line-height: normal ! important; font-weight: normal ! important; vertical-align: middle ! important; left: 18px ! important; top: 70px ! important; visibility: visible ! important; display: inline ! important; border: 1px solid black ! important; width: auto; height: auto ! important; position: absolute ! important; border-radius: 5px 5px 5px 5px ! important; text-align: left ! important; z-index: 1410065406 ! important; padding: 2px ! important; margin: 0px ! important;\">\r\n<div style=\"background: none repeat scroll 0% 0% #a8ecff ! important; font-family: arial ! important; font-size: 12px ! important; color: #000000 ! important; line-height: normal ! important; font-weight: normal ! important; vertical-align: middle ! important; border-bottom: 1px dotted black ! important; padding-bottom: 2px ! important; padding-top: 2px ! important;\"><span id=\"bfconfigButton\" style=\"background: none repeat scroll 0% 0% #a8ecff ! important; font-family: arial ! important; font-size: 12px ! important; color: #000000 ! important; line-height: normal ! important; font-weight: normal ! important; vertical-align: middle ! important; cursor: pointer ! important; margin: 1px ! important; border: 1px dotted gray ! important; padding: 0px 2px ! important;\" title=\"Choose source- and target- languages\">Languages</span><span id=\"bflangsSpan\" style=\"background: none repeat scroll 0% 0% #a8ecff ! important; font-family: arial ! important; font-size: 12px ! important; color: #000000 ! important; line-height: normal ! important; font-weight: normal ! important; vertical-align: middle ! important; margin: 1px ! important; border: 1px dotted gray ! important; padding: 0px 2px ! important; cursor: pointer ! important;\" title=\"From Spanish to English (click to switch translation direction)\">es&gt;en </span><span id=\"bfsvcSpan\" style=\"background: none repeat scroll 0% 0% #a8ecff ! important; font-family: arial ! important; font-size: 12px ! important; color: #000000 ! important; line-height: normal ! important; font-weight: normal ! important; vertical-align: middle ! important; margin: 1px ! important; border: 1px dotted gray ! important; padding: 0px 2px ! important; cursor: pointer ! important;\" title=\"Translation service: GoogleDic (toggle service)\">GoogleDic</span><span id=\"bfclipboardSpan\" style=\"background: none repeat scroll 0% 0% #a8ecff ! important; font-family: arial ! important; font-size: 12px ! important; color: #000000 ! important; line-height: normal ! important; font-weight: normal ! important; vertical-align: middle ! important; margin: 1px ! important; border: 1px dotted gray ! important; padding: 0px 2px ! important; cursor: copy ! important;\" title=\"Copy result to clipboard\">C</span><span id=\"bfeditButton\" style=\"background: none repeat scroll 0% 0% #a8ecff ! important; font-family: arial ! important; font-size: 12px ! important; color: #000000 ! important; line-height: normal ! important; font-weight: normal ! important; vertical-align: middle ! important; cursor: pointer; margin: 1px ! important; border: 1px dotted gray ! important; padding: 0px 2px ! important;\" title=\"Edit selection\">E</span><img id=\"bffishImg\" style=\"border: medium none ! important; float: none ! important; vertical-align: top ! important; margin: 0px ! important; cursor: pointer ! important; display: inline ! important;\" title=\"Auto-detect language and translate!\" src=\"data:image/png;base64,iVBORw0KGgoAAAANSUhEUgAAABwAAAAOCAYAAAA8E3wEAAAABmJLR0QA/wD/AP+gvaeTAAAACXBIWXMAAAsTAAALEwEAmpwYAAAAB3RJTUUH1QUUDyoqJjAqRwAAAN1JREFUOMu1lMkVwyAMBYe0JGpCNUFNVk3k4AUwxPGS+ILxkzX8jyTH/Sfu9nrmJ3cXlnMASyWRPwd2d5XlHCBZn1BthcbRAdxTZQDI8k3mQzg11rhF+QZ9jdNOcQib6GFQYJYgCFucSRf6GsLU6wEY5yubTFqF2yq1vRwr3INXdQUWG+je1pELX4ED1wDyRAR0WfuAA9gloITyvsFMIMgYInYRqF6rO9Sqz9qkO5ilyo0o3YBwJ+6vrdQonxWUQllhXeHcb/wabMPkP2n81ocAIoLZrMqn/4y2RwP8DcQ+d6rT9ATiAAAAAElFTkSuQmCC\" alt=\"\" /></div>\r\n<div style=\"display: none ! important; border-bottom: 1px dotted black ! important;\"><input id=\"bfeditField\" style=\"background: none repeat scroll 0% 0% #a8ecff ! important; font-family: arial ! important; font-size: 12px ! important; color: #000000 ! important; line-height: normal ! important; font-weight: normal ! important; vertical-align: middle ! important; border: 0pt none ! important; margin: 1px ! important;\" /></div>\r\n<div style=\"background: none repeat scroll 0% 0% #a8ecff ! important; font-family: arial ! important; font-size: 12px ! important; color: #000000 ! important; line-height: normal ! important; font-weight: normal ! important; vertical-align: middle ! important; width: auto;\">aqu&iacute;, ac&aacute;, por aqu&iacute;</div>\r\n</div>');
/*!40000 ALTER TABLE `programmes_programme` ENABLE KEYS */;
UNLOCK TABLES;

--
-- Table structure for table `programmes_programme_feature_sets`
--

DROP TABLE IF EXISTS `programmes_programme_feature_sets`;
/*!40101 SET @saved_cs_client     = @@character_set_client */;
/*!40101 SET character_set_client = utf8 */;
CREATE TABLE `programmes_programme_feature_sets` (
  `id` int(11) NOT NULL AUTO_INCREMENT,
  `programme_id` int(11) NOT NULL,
  `featureset_id` int(11) NOT NULL,
  PRIMARY KEY (`id`),
  UNIQUE KEY `programme_id` (`programme_id`,`featureset_id`),
  KEY `programmes_programme_feature_sets_d981227` (`programme_id`),
  KEY `programmes_programme_feature_sets_eba0f30` (`featureset_id`)
) ENGINE=MyISAM DEFAULT CHARSET=latin1;
/*!40101 SET character_set_client = @saved_cs_client */;

--
-- Dumping data for table `programmes_programme_feature_sets`
--

LOCK TABLES `programmes_programme_feature_sets` WRITE;
/*!40000 ALTER TABLE `programmes_programme_feature_sets` DISABLE KEYS */;
/*!40000 ALTER TABLE `programmes_programme_feature_sets` ENABLE KEYS */;
UNLOCK TABLES;

--
-- Table structure for table `programmes_programme_tags`
--

DROP TABLE IF EXISTS `programmes_programme_tags`;
/*!40101 SET @saved_cs_client     = @@character_set_client */;
/*!40101 SET character_set_client = utf8 */;
CREATE TABLE `programmes_programme_tags` (
  `id` int(11) NOT NULL AUTO_INCREMENT,
  `programme_id` int(11) NOT NULL,
  `tag_id` int(11) NOT NULL,
  PRIMARY KEY (`id`),
  UNIQUE KEY `programme_id` (`programme_id`,`tag_id`),
  KEY `programmes_programme_tags_d981227` (`programme_id`),
  KEY `programmes_programme_tags_3747b463` (`tag_id`)
) ENGINE=MyISAM DEFAULT CHARSET=latin1;
/*!40101 SET character_set_client = @saved_cs_client */;

--
-- Dumping data for table `programmes_programme_tags`
--

LOCK TABLES `programmes_programme_tags` WRITE;
/*!40000 ALTER TABLE `programmes_programme_tags` DISABLE KEYS */;
/*!40000 ALTER TABLE `programmes_programme_tags` ENABLE KEYS */;
UNLOCK TABLES;

--
-- Table structure for table `programmes_programmeimage`
--

DROP TABLE IF EXISTS `programmes_programmeimage`;
/*!40101 SET @saved_cs_client     = @@character_set_client */;
/*!40101 SET character_set_client = utf8 */;
CREATE TABLE `programmes_programmeimage` (
  `image_ptr_id` int(11) NOT NULL,
  `programme_id` int(11) NOT NULL,
  PRIMARY KEY (`image_ptr_id`),
  KEY `programmes_programmeimage_d981227` (`programme_id`)
) ENGINE=MyISAM DEFAULT CHARSET=latin1;
/*!40101 SET character_set_client = @saved_cs_client */;

--
-- Dumping data for table `programmes_programmeimage`
--

LOCK TABLES `programmes_programmeimage` WRITE;
/*!40000 ALTER TABLE `programmes_programmeimage` DISABLE KEYS */;
INSERT INTO `programmes_programmeimage` VALUES (1,2),(2,1),(3,2),(8,3),(9,3),(10,3),(11,4),(12,4),(13,4),(14,2),(15,1),(16,1);
/*!40000 ALTER TABLE `programmes_programmeimage` ENABLE KEYS */;
UNLOCK TABLES;

--
-- Table structure for table `projects_project`
--

DROP TABLE IF EXISTS `projects_project`;
/*!40101 SET @saved_cs_client     = @@character_set_client */;
/*!40101 SET character_set_client = utf8 */;
CREATE TABLE `projects_project` (
  `id` int(11) NOT NULL AUTO_INCREMENT,
  `slug` varchar(250) NOT NULL,
  `created` datetime NOT NULL,
  `modified` datetime NOT NULL,
  `created_by_id` int(11) DEFAULT NULL,
  `modified_by_id` int(11) DEFAULT NULL,
  `name` varchar(250) NOT NULL,
  `summary` longtext NOT NULL,
  `spiele` longtext NOT NULL,
  `beneficiaries` int(10) unsigned NOT NULL,
  `location_id` int(11) NOT NULL,
  `date_started` date NOT NULL,
  `programme_id` int(11) NOT NULL,
  PRIMARY KEY (`id`),
  UNIQUE KEY `slug` (`slug`),
  KEY `projects_project_4a21cf42` (`created_by_id`),
  KEY `projects_project_6162aa58` (`modified_by_id`),
  KEY `projects_project_319d859` (`location_id`),
  KEY `projects_project_d981227` (`programme_id`)
) ENGINE=MyISAM AUTO_INCREMENT=3 DEFAULT CHARSET=latin1;
/*!40101 SET character_set_client = @saved_cs_client */;

--
-- Dumping data for table `projects_project`
--

LOCK TABLES `projects_project` WRITE;
/*!40000 ALTER TABLE `projects_project` DISABLE KEYS */;
INSERT INTO `projects_project` VALUES (1,'solar-power-for-kamakwie-secondary-school','2011-04-19 16:46:07','2011-04-28 16:09:53',1,1,'Solar power for Kamakwie Secondary School','This project is one of the largest solar installation projects ever implemented in Sierra Leone.','<p>This project is one of the largest solar installation projects ever implemented in Sierra Leone. It involved the installation of a 1530W solar array to the Secondary School in Kamakwie in Sierra Leone&rsquo;s northern district of Bombali. The system is currently providing lighting for night classes and EFO is currently working to have computers and internet installed at the site. Four students, two from the Government Technical Institute and two from the National Power Authority Training Centre, worked with EFO on the installation, giving them valuable field experience to compliment their studies. The installation was made a reality due to the support of the organization: <a title=\"Friends Of Sierra Leone\" href=\"http://www.fosalone.org\" target=\"_blank\">Friends of Sierra Leone</a>, most notably due to the tireless work of Leslie and Jack McKeon.</p>',2000,1,'2010-02-01',2),(2,'solar-power-for-orphans-in-kamawkie','2011-04-28 15:25:06','2011-04-28 17:40:48',1,1,'Solar power for Orphans in Kamawkie','This project involved the installation of solar power in an orphanage in the remote village of Kamakwie in the north of Sierra Leone.','<p>This project involved the installation of solar power in an orphanage in  the remote village of Kamakwie in the north of Sierra Leone. The  installation provided electricity for lighting, a computer lab and a  cinema. The children can now use this technology as a window for better  opportunities, accessing widespread learning tools from the internet,  while enjoying bright and safe lighting at night (the orphanage had  previously burnt downed due to a spilt candle). There are already ideas  for further expansion of the project, such as the creation of an after  school internet cafe that will help to generate income for the  children&rsquo;s village. The project was implemented in partnership with <a href=\"http://www.orphfund.org/\" target=\"_blank\">OrphFund</a> and <a href=\"http://www.freecollective.org/\" target=\"_blank\">Free Collective</a> with support from the Sierra Leonean community of Victoria, Australia. <a href=\"http://www.facebook.com/event.php?eid=187368048769&amp;ref=mf\" target=\"_blank\">Click here to see photos and updates about the project on facebook</a>.</p>',200,1,'2009-11-01',2);
/*!40000 ALTER TABLE `projects_project` ENABLE KEYS */;
UNLOCK TABLES;

--
-- Table structure for table `projects_project_feature_sets`
--

DROP TABLE IF EXISTS `projects_project_feature_sets`;
/*!40101 SET @saved_cs_client     = @@character_set_client */;
/*!40101 SET character_set_client = utf8 */;
CREATE TABLE `projects_project_feature_sets` (
  `id` int(11) NOT NULL AUTO_INCREMENT,
  `project_id` int(11) NOT NULL,
  `featureset_id` int(11) NOT NULL,
  PRIMARY KEY (`id`),
  UNIQUE KEY `project_id` (`project_id`,`featureset_id`),
  KEY `projects_project_feature_sets_499df97c` (`project_id`),
  KEY `projects_project_feature_sets_eba0f30` (`featureset_id`)
) ENGINE=MyISAM DEFAULT CHARSET=latin1;
/*!40101 SET character_set_client = @saved_cs_client */;

--
-- Dumping data for table `projects_project_feature_sets`
--

LOCK TABLES `projects_project_feature_sets` WRITE;
/*!40000 ALTER TABLE `projects_project_feature_sets` DISABLE KEYS */;
/*!40000 ALTER TABLE `projects_project_feature_sets` ENABLE KEYS */;
UNLOCK TABLES;

--
-- Table structure for table `projects_project_tags`
--

DROP TABLE IF EXISTS `projects_project_tags`;
/*!40101 SET @saved_cs_client     = @@character_set_client */;
/*!40101 SET character_set_client = utf8 */;
CREATE TABLE `projects_project_tags` (
  `id` int(11) NOT NULL AUTO_INCREMENT,
  `project_id` int(11) NOT NULL,
  `tag_id` int(11) NOT NULL,
  PRIMARY KEY (`id`),
  UNIQUE KEY `project_id` (`project_id`,`tag_id`),
  KEY `projects_project_tags_499df97c` (`project_id`),
  KEY `projects_project_tags_3747b463` (`tag_id`)
) ENGINE=MyISAM DEFAULT CHARSET=latin1;
/*!40101 SET character_set_client = @saved_cs_client */;

--
-- Dumping data for table `projects_project_tags`
--

LOCK TABLES `projects_project_tags` WRITE;
/*!40000 ALTER TABLE `projects_project_tags` DISABLE KEYS */;
/*!40000 ALTER TABLE `projects_project_tags` ENABLE KEYS */;
UNLOCK TABLES;

--
-- Table structure for table `projects_projectimage`
--

DROP TABLE IF EXISTS `projects_projectimage`;
/*!40101 SET @saved_cs_client     = @@character_set_client */;
/*!40101 SET character_set_client = utf8 */;
CREATE TABLE `projects_projectimage` (
  `image_ptr_id` int(11) NOT NULL,
  `project_id` int(11) NOT NULL,
  PRIMARY KEY (`image_ptr_id`),
  KEY `projects_projectimage_499df97c` (`project_id`)
) ENGINE=MyISAM DEFAULT CHARSET=latin1;
/*!40101 SET character_set_client = @saved_cs_client */;

--
-- Dumping data for table `projects_projectimage`
--

LOCK TABLES `projects_projectimage` WRITE;
/*!40000 ALTER TABLE `projects_projectimage` DISABLE KEYS */;
INSERT INTO `projects_projectimage` VALUES (4,1),(5,1),(6,2),(7,2);
/*!40000 ALTER TABLE `projects_projectimage` ENABLE KEYS */;
UNLOCK TABLES;

--
-- Table structure for table `projects_projectlocation`
--

DROP TABLE IF EXISTS `projects_projectlocation`;
/*!40101 SET @saved_cs_client     = @@character_set_client */;
/*!40101 SET character_set_client = utf8 */;
CREATE TABLE `projects_projectlocation` (
  `id` int(11) NOT NULL AUTO_INCREMENT,
  `name` varchar(250) NOT NULL,
  PRIMARY KEY (`id`)
) ENGINE=MyISAM AUTO_INCREMENT=2 DEFAULT CHARSET=latin1;
/*!40101 SET character_set_client = @saved_cs_client */;

--
-- Dumping data for table `projects_projectlocation`
--

LOCK TABLES `projects_projectlocation` WRITE;
/*!40000 ALTER TABLE `projects_projectlocation` DISABLE KEYS */;
INSERT INTO `projects_projectlocation` VALUES (1,'Kamakwie, Sierra Leone');
/*!40000 ALTER TABLE `projects_projectlocation` ENABLE KEYS */;
UNLOCK TABLES;

--
-- Table structure for table `snippet_snippet`
--

DROP TABLE IF EXISTS `snippet_snippet`;
/*!40101 SET @saved_cs_client     = @@character_set_client */;
/*!40101 SET character_set_client = utf8 */;
CREATE TABLE `snippet_snippet` (
  `id` int(11) NOT NULL AUTO_INCREMENT,
  `name` varchar(255) NOT NULL,
  `html` longtext NOT NULL,
  `template` varchar(50) NOT NULL,
  PRIMARY KEY (`id`),
  UNIQUE KEY `name` (`name`)
) ENGINE=MyISAM DEFAULT CHARSET=latin1;
/*!40101 SET character_set_client = @saved_cs_client */;

--
-- Dumping data for table `snippet_snippet`
--

LOCK TABLES `snippet_snippet` WRITE;
/*!40000 ALTER TABLE `snippet_snippet` DISABLE KEYS */;
/*!40000 ALTER TABLE `snippet_snippet` ENABLE KEYS */;
UNLOCK TABLES;

--
-- Table structure for table `south_migrationhistory`
--

DROP TABLE IF EXISTS `south_migrationhistory`;
/*!40101 SET @saved_cs_client     = @@character_set_client */;
/*!40101 SET character_set_client = utf8 */;
CREATE TABLE `south_migrationhistory` (
  `id` int(11) NOT NULL AUTO_INCREMENT,
  `app_name` varchar(255) NOT NULL,
  `migration` varchar(255) NOT NULL,
  `applied` datetime NOT NULL,
  PRIMARY KEY (`id`)
) ENGINE=MyISAM AUTO_INCREMENT=101 DEFAULT CHARSET=latin1;
/*!40101 SET character_set_client = @saved_cs_client */;

--
-- Dumping data for table `south_migrationhistory`
--

LOCK TABLES `south_migrationhistory` WRITE;
/*!40000 ALTER TABLE `south_migrationhistory` DISABLE KEYS */;
INSERT INTO `south_migrationhistory` VALUES (1,'mailchimp','0001_initial','2011-04-08 06:35:10'),(2,'mailchimp','0002_added_queue','2011-04-08 06:35:11'),(3,'mailchimp','0003_fixed_template_id','2011-04-08 06:35:11'),(4,'mailchimp','0004_fixed_template_id_max','2011-04-08 06:35:11'),(5,'mailchimp','0005_added_link_to_object','2011-04-08 06:35:12'),(6,'mailchimp','0006_added_locks','2011-04-08 06:35:12'),(7,'mailchimp','0007_extra_info','2011-04-08 06:35:12'),(8,'cms','0001_initial','2011-04-08 06:35:15'),(9,'picture','0001_initial','2011-04-08 06:35:15'),(10,'picture','0002_link_rename','2011-04-08 06:35:15'),(11,'picture','0003_freeze','2011-04-08 06:35:15'),(12,'cms','0002_auto_start','2011-04-08 06:35:15'),(13,'cms','0003_remove_placeholder','2011-04-08 06:35:16'),(14,'cms','0004_textobjects','2011-04-08 06:35:16'),(15,'cms','0005_mptt_added_to_plugins','2011-04-08 06:35:17'),(16,'cms','0006_apphook','2011-04-08 06:35:18'),(17,'cms','0007_apphook_longer','2011-04-08 06:35:18'),(18,'cms','0008_redirects','2011-04-08 06:35:18'),(19,'cms','0009_added_meta_fields','2011-04-08 06:35:18'),(20,'cms','0010_5char_language','2011-04-08 06:35:19'),(21,'cms','0011_title_overwrites','2011-04-08 06:35:19'),(22,'cms','0012_publisher','2011-04-08 06:35:24'),(23,'picture','0004_publisher','2011-04-08 06:35:24'),(24,'picture','0005_table_rename','2011-04-08 06:35:25'),(25,'text','0001_initial','2011-04-08 06:35:25'),(26,'text','0002_freeze','2011-04-08 06:35:25'),(27,'text','0003_publisher','2011-04-08 06:35:25'),(28,'snippet','0001_initial','2011-04-08 06:35:26'),(29,'snippet','0002_publisher','2011-04-08 06:35:26'),(30,'link','0001_initial','2011-04-08 06:35:26'),(31,'link','0002_link_rename','2011-04-08 06:35:27'),(32,'link','0003_page_link','2011-04-08 06:35:27'),(33,'link','0004_larger_link_names','2011-04-08 06:35:27'),(34,'link','0005_publisher','2011-04-08 06:35:27'),(35,'googlemap','0001_initial','2011-04-08 06:35:28'),(36,'file','0001_initial','2011-04-08 06:35:28'),(37,'file','0002_freeze','2011-04-08 06:35:28'),(38,'file','0003_publisher','2011-04-08 06:35:28'),(39,'cms','0013_site_copy','2011-04-08 06:35:29'),(40,'cms','0014_sites_removed','2011-04-08 06:35:29'),(41,'cms','0015_modified_by_added','2011-04-08 06:35:30'),(42,'cms','0016_author_copy','2011-04-08 06:35:30'),(43,'cms','0017_author_removed','2011-04-08 06:35:31'),(44,'cms','0018_site_permissions','2011-04-08 06:35:31'),(45,'cms','0019_public_table_renames','2011-04-08 06:35:32'),(46,'picture','0006_float_added','2011-04-08 06:35:33'),(47,'cms','0020_advanced_permissions','2011-04-08 06:35:34'),(48,'cms','0021_publisher2','2011-04-08 06:35:36'),(49,'cms','0022_login_required_added','2011-04-08 06:35:36'),(50,'cms','0023_plugin_table_naming_function_changed','2011-04-08 06:35:36'),(51,'cms','0024_added_placeholder_model','2011-04-08 06:35:37'),(52,'cms','0025_placeholder_migration','2011-04-08 06:35:38'),(53,'cms','0026_finish_placeholder_migration','2011-04-08 06:35:38'),(54,'cms','0027_added_width_to_placeholder','2011-04-08 06:35:39'),(55,'cms','0028_limit_visibility_in_menu_step1of3','2011-04-08 06:35:39'),(56,'cms','0029_limit_visibility_in_menu_step2of3_data','2011-04-08 06:35:39'),(57,'cms','0030_limit_visibility_in_menu_step3of3','2011-04-08 06:35:40'),(58,'cms','0031_improved_language_code_support','2011-04-08 06:35:40'),(59,'cms','0032_auto__del_field_cmsplugin_publisher_public__del_field_cmsplugin_publis','2011-04-08 06:35:41'),(60,'cms','0033_auto__del_field_title_publisher_is_draft__del_field_title_publisher_st','2011-04-08 06:35:41'),(61,'picture','0007_publisher2','2011-04-08 06:35:43'),(62,'picture','0008_longdesc_added','2011-04-08 06:35:43'),(63,'link','0006_table_rename','2011-04-08 06:35:44'),(64,'link','0007_publisher2','2011-04-08 06:35:44'),(65,'link','0008_mailto','2011-04-08 06:35:44'),(66,'file','0004_table_rename','2011-04-08 06:35:45'),(67,'file','0005_publisher2','2011-04-08 06:35:45'),(68,'text','0004_table_rename','2011-04-08 06:35:46'),(69,'text','0005_publisher2','2011-04-08 06:35:46'),(70,'snippet','0003_table_rename','2011-04-08 06:35:46'),(71,'snippet','0004_publisher2','2011-04-08 06:35:47'),(72,'snippet','0005_template_added','2011-04-08 06:35:47'),(73,'googlemap','0002_table_rename','2011-04-08 06:35:47'),(74,'googlemap','0003_address_unified','2011-04-08 06:35:48'),(75,'googlemap','0004_copy_address','2011-04-08 06:35:48'),(76,'googlemap','0005_delete_street','2011-04-08 06:35:49'),(77,'googlemap','0006_publisher2','2011-04-08 06:35:49'),(78,'googlemap','0007_latlng','2011-04-08 06:35:49'),(79,'googlemap','0008_routeplaner','2011-04-08 06:35:49'),(80,'googlemap','0009_routeplaner_title','2011-04-08 06:35:50'),(81,'menus','0001_initial','2011-04-08 06:35:50'),(82,'profiles','0001_initial','2011-04-12 06:28:06'),(83,'profiles','0002_auto__add_field_profile_subscribe','2011-04-12 06:28:06'),(84,'zinnia','0001_initial','2011-04-13 04:12:22'),(85,'zinnia','0002_auto__add_field_entry_pingback_enabled','2011-04-13 04:12:22'),(86,'zinnia','0003_auto__chg_field_category_title__chg_field_category_slug__add_unique_ca','2011-04-13 04:12:23'),(87,'zinnia','0004_mptt_categories','2011-04-13 04:12:25'),(88,'zinnia','0005_entry_protection','2011-04-13 04:12:25'),(89,'zinnia','0006_entry_template','2011-04-13 04:12:25'),(90,'zinnia','0007_auto__add_field_entry_featured','2011-04-13 04:12:26'),(91,'plugins','0001_initial','2011-04-13 04:12:27'),(92,'plugins','0002_auto__add_field_latestentriesplugin_template_to_render__add_field_sele','2011-04-13 04:12:28'),(93,'plugins','0003_auto__del_field_latestentriesplugin_category__del_field_latestentriesp','2011-04-13 04:12:29'),(94,'plugins','0004_auto__add_field_latestentriesplugin_subcategories','2011-04-13 04:12:29'),(95,'images','0001_initial','2011-04-16 01:43:25'),(96,'images','0002_auto__add_field_image_summary','2011-04-16 01:44:10'),(97,'programmes','0001_initial','2011-04-27 05:26:37'),(98,'projects','0001_initial','2011-04-27 05:35:45'),(99,'projects','0002_auto__add_field_project_programme','2011-04-27 05:37:09'),(100,'programmes','0002_auto__del_field_programme_spiele__add_field_programme_needs__add_field','2011-05-01 11:00:27');
/*!40000 ALTER TABLE `south_migrationhistory` ENABLE KEYS */;
UNLOCK TABLES;

--
-- Table structure for table `tagging_tag`
--

DROP TABLE IF EXISTS `tagging_tag`;
/*!40101 SET @saved_cs_client     = @@character_set_client */;
/*!40101 SET character_set_client = utf8 */;
CREATE TABLE `tagging_tag` (
  `id` int(11) NOT NULL AUTO_INCREMENT,
  `name` varchar(50) NOT NULL,
  PRIMARY KEY (`id`),
  UNIQUE KEY `name` (`name`)
) ENGINE=MyISAM AUTO_INCREMENT=5 DEFAULT CHARSET=latin1;
/*!40101 SET character_set_client = @saved_cs_client */;

--
-- Dumping data for table `tagging_tag`
--

LOCK TABLES `tagging_tag` WRITE;
/*!40000 ALTER TABLE `tagging_tag` DISABLE KEYS */;
INSERT INTO `tagging_tag` VALUES (1,'fridge'),(2,'vaccine'),(3,'tag1'),(4,'tag2');
/*!40000 ALTER TABLE `tagging_tag` ENABLE KEYS */;
UNLOCK TABLES;

--
-- Table structure for table `tagging_taggeditem`
--

DROP TABLE IF EXISTS `tagging_taggeditem`;
/*!40101 SET @saved_cs_client     = @@character_set_client */;
/*!40101 SET character_set_client = utf8 */;
CREATE TABLE `tagging_taggeditem` (
  `id` int(11) NOT NULL AUTO_INCREMENT,
  `tag_id` int(11) NOT NULL,
  `content_type_id` int(11) NOT NULL,
  `object_id` int(10) unsigned NOT NULL,
  PRIMARY KEY (`id`),
  UNIQUE KEY `tag_id` (`tag_id`,`content_type_id`,`object_id`),
  KEY `tagging_taggeditem_3747b463` (`tag_id`),
  KEY `tagging_taggeditem_1bb8f392` (`content_type_id`),
  KEY `tagging_taggeditem_7d61c803` (`object_id`)
) ENGINE=MyISAM AUTO_INCREMENT=3 DEFAULT CHARSET=latin1;
/*!40101 SET character_set_client = @saved_cs_client */;

--
-- Dumping data for table `tagging_taggeditem`
--

LOCK TABLES `tagging_taggeditem` WRITE;
/*!40000 ALTER TABLE `tagging_taggeditem` DISABLE KEYS */;
INSERT INTO `tagging_taggeditem` VALUES (1,1,68,1),(2,2,68,1);
/*!40000 ALTER TABLE `tagging_taggeditem` ENABLE KEYS */;
UNLOCK TABLES;

--
-- Table structure for table `taggit_tag`
--

DROP TABLE IF EXISTS `taggit_tag`;
/*!40101 SET @saved_cs_client     = @@character_set_client */;
/*!40101 SET character_set_client = utf8 */;
CREATE TABLE `taggit_tag` (
  `id` int(11) NOT NULL AUTO_INCREMENT,
  `name` varchar(100) NOT NULL,
  `slug` varchar(100) NOT NULL,
  PRIMARY KEY (`id`),
  UNIQUE KEY `slug` (`slug`)
) ENGINE=MyISAM DEFAULT CHARSET=latin1;
/*!40101 SET character_set_client = @saved_cs_client */;

--
-- Dumping data for table `taggit_tag`
--

LOCK TABLES `taggit_tag` WRITE;
/*!40000 ALTER TABLE `taggit_tag` DISABLE KEYS */;
/*!40000 ALTER TABLE `taggit_tag` ENABLE KEYS */;
UNLOCK TABLES;

--
-- Table structure for table `taggit_taggeditem`
--

DROP TABLE IF EXISTS `taggit_taggeditem`;
/*!40101 SET @saved_cs_client     = @@character_set_client */;
/*!40101 SET character_set_client = utf8 */;
CREATE TABLE `taggit_taggeditem` (
  `id` int(11) NOT NULL AUTO_INCREMENT,
  `tag_id` int(11) NOT NULL,
  `object_id` int(11) NOT NULL,
  `content_type_id` int(11) NOT NULL,
  PRIMARY KEY (`id`),
  KEY `taggit_taggeditem_3747b463` (`tag_id`),
  KEY `taggit_taggeditem_7d61c803` (`object_id`),
  KEY `taggit_taggeditem_1bb8f392` (`content_type_id`)
) ENGINE=MyISAM DEFAULT CHARSET=latin1;
/*!40101 SET character_set_client = @saved_cs_client */;

--
-- Dumping data for table `taggit_taggeditem`
--

LOCK TABLES `taggit_taggeditem` WRITE;
/*!40000 ALTER TABLE `taggit_taggeditem` DISABLE KEYS */;
/*!40000 ALTER TABLE `taggit_taggeditem` ENABLE KEYS */;
UNLOCK TABLES;

--
-- Table structure for table `thumbnail_kvstore`
--

DROP TABLE IF EXISTS `thumbnail_kvstore`;
/*!40101 SET @saved_cs_client     = @@character_set_client */;
/*!40101 SET character_set_client = utf8 */;
CREATE TABLE `thumbnail_kvstore` (
  `key` varchar(200) NOT NULL,
  `value` longtext NOT NULL,
  PRIMARY KEY (`key`)
) ENGINE=MyISAM DEFAULT CHARSET=latin1;
/*!40101 SET character_set_client = @saved_cs_client */;

--
-- Dumping data for table `thumbnail_kvstore`
--

LOCK TABLES `thumbnail_kvstore` WRITE;
/*!40000 ALTER TABLE `thumbnail_kvstore` DISABLE KEYS */;
INSERT INTO `thumbnail_kvstore` VALUES ('sorl-thumbnail||thumbnails||7c6b8a09154944c9d7bd47eb8d3ca04a','[\"9d8ca9229cdc70accd7d9543882e1603\"]'),('sorl-thumbnail||image||9d8ca9229cdc70accd7d9543882e1603','{\"storage\": \"django.core.files.storage.FileSystemStorage\", \"name\": \"cache/0a/bc/0abce9ec023f41414ea7a4416e072d3a.jpg\", \"size\": [100, 100]}'),('sorl-thumbnail||thumbnails||6c590c485f6c5388a8b8dcc493ebb8d5','[\"647cb50a564c195e3c0e3a6e2fa9f7dc\"]'),('sorl-thumbnail||image||7c6b8a09154944c9d7bd47eb8d3ca04a','{\"storage\": \"django.core.files.storage.FileSystemStorage\", \"name\": \"files/images/programmes/education/kamabai-sss-1-300x225.jpg\", \"size\": [300, 225]}'),('sorl-thumbnail||image||647cb50a564c195e3c0e3a6e2fa9f7dc','{\"storage\": \"django.core.files.storage.FileSystemStorage\", \"name\": \"cache/c7/86/c786f3ed259d7c2fdad0952503fe6cd3.jpg\", \"size\": [100, 100]}'),('sorl-thumbnail||image||6c590c485f6c5388a8b8dcc493ebb8d5','{\"storage\": \"django.core.files.storage.FileSystemStorage\", \"name\": \"files/images/programmes/education/kss2.jpg\", \"size\": [1024, 768]}'),('sorl-thumbnail||thumbnails||e42e59d7ec9884ebd2a6f10e33df04fc','[\"f4bbc220031f1ad2fb94278f5999c843\"]'),('sorl-thumbnail||image||f4bbc220031f1ad2fb94278f5999c843','{\"storage\": \"django.core.files.storage.FileSystemStorage\", \"name\": \"cache/0a/f3/0af31fffec022f0101292fa3bfd9efe1.jpg\", \"size\": [100, 100]}'),('sorl-thumbnail||image||e42e59d7ec9884ebd2a6f10e33df04fc','{\"storage\": \"django.core.files.storage.FileSystemStorage\", \"name\": \"files/images/avatars/jim-portrait.jpg\", \"size\": [230, 208]}'),('sorl-thumbnail||thumbnails||631f08c655929a25adf253395156580e','[\"1852b140b4d4927a11481f3962859931\"]'),('sorl-thumbnail||image||1852b140b4d4927a11481f3962859931','{\"storage\": \"django.core.files.storage.FileSystemStorage\", \"name\": \"cache/e9/0e/e90e0bb3d3e074d1f6a9a49dafb8ed21.jpg\", \"size\": [100, 100]}'),('sorl-thumbnail||thumbnails||f0c10165d14ce82c0df84a6b407faf8b','[\"9000b02ee69e84ba4b24fb4dcbc9c184\"]'),('sorl-thumbnail||image||631f08c655929a25adf253395156580e','{\"storage\": \"django.core.files.storage.FileSystemStorage\", \"name\": \"files/images/avatars/prawn-portrait.jpg\", \"size\": [185, 168]}'),('sorl-thumbnail||image||9000b02ee69e84ba4b24fb4dcbc9c184','{\"storage\": \"django.core.files.storage.FileSystemStorage\", \"name\": \"cache/ef/c2/efc275300d19ffe74dc7abd2b41de74b.jpg\", \"size\": [100, 100]}'),('sorl-thumbnail||image||f0c10165d14ce82c0df84a6b407faf8b','{\"storage\": \"django.core.files.storage.FileSystemStorage\", \"name\": \"files/images/avatars/pete-portrait.jpg\", \"size\": [153, 150]}'),('sorl-thumbnail||thumbnails||8bbbe1539a5a96e7ee37511ac36feed4','[\"7e9cfac5f1cdaf41a72b8f5d453eb21a\"]'),('sorl-thumbnail||image||7e9cfac5f1cdaf41a72b8f5d453eb21a','{\"storage\": \"django.core.files.storage.FileSystemStorage\", \"name\": \"cache/20/1c/201cfa8ac2b38aa9371ed71808281521.jpg\", \"size\": [100, 100]}'),('sorl-thumbnail||image||8bbbe1539a5a96e7ee37511ac36feed4','{\"storage\": \"django.core.files.storage.FileSystemStorage\", \"name\": \"files/images/avatars/ame-portrait.jpg\", \"size\": [1060, 982]}'),('sorl-thumbnail||thumbnails||ad0d9dadf82dd2fb610d474024f5c28d','[\"8d27fc07c466177ad4a03fd507b41bea\"]'),('sorl-thumbnail||image||8d27fc07c466177ad4a03fd507b41bea','{\"storage\": \"django.core.files.storage.FileSystemStorage\", \"name\": \"cache/6a/e7/6ae762191df23ad44bf859e8a31ae5cf.jpg\", \"size\": [100, 100]}'),('sorl-thumbnail||image||ad0d9dadf82dd2fb610d474024f5c28d','{\"storage\": \"django.core.files.storage.FileSystemStorage\", \"name\": \"files/images/avatars/random_083.jpg\", \"size\": [764, 1024]}'),('sorl-thumbnail||thumbnails||745d3cfa419a3e0a3f75139524d69afc','[\"d3873be3aa3bef905e9f8bb072e44e92\"]'),('sorl-thumbnail||image||d3873be3aa3bef905e9f8bb072e44e92','{\"storage\": \"django.core.files.storage.FileSystemStorage\", \"name\": \"cache/19/24/192429dec2bb87a538ce83d82f7b3aa4.jpg\", \"size\": [100, 100]}'),('sorl-thumbnail||thumbnails||4d8d012a1cf8861a4272480950978b13','[\"970556da31336fe22b2ea298ed8283fd\"]'),('sorl-thumbnail||image||745d3cfa419a3e0a3f75139524d69afc','{\"storage\": \"django.core.files.storage.FileSystemStorage\", \"name\": \"files/images/avatars/rob-portrait.jpg\", \"size\": [186, 193]}'),('sorl-thumbnail||image||970556da31336fe22b2ea298ed8283fd','{\"storage\": \"django.core.files.storage.FileSystemStorage\", \"name\": \"cache/10/6a/106a257e3819278b0897c27f2c3f760f.jpg\", \"size\": [100, 100]}'),('sorl-thumbnail||image||4d8d012a1cf8861a4272480950978b13','{\"storage\": \"django.core.files.storage.FileSystemStorage\", \"name\": \"files/images/avatars/mike-portrait.jpg\", \"size\": [300, 225]}'),('sorl-thumbnail||thumbnails||518b38a33ba0b8c32858d5e869ae6dc1','[\"a52319d678e69071b3d57ad7fa0f76db\"]'),('sorl-thumbnail||image||a52319d678e69071b3d57ad7fa0f76db','{\"storage\": \"django.core.files.storage.FileSystemStorage\", \"name\": \"cache/2b/36/2b36ab8afde0606e1368b9caec388299.jpg\", \"size\": [100, 100]}'),('sorl-thumbnail||image||518b38a33ba0b8c32858d5e869ae6dc1','{\"storage\": \"django.core.files.storage.FileSystemStorage\", \"name\": \"files/images/avatars/linda-portrait.jpg\", \"size\": [2592, 1944]}'),('sorl-thumbnail||thumbnails||139f71b844463c85f46a0b84a44c6dde','[\"7fbd413f879c0c2870747e142e9d608a\"]'),('sorl-thumbnail||image||7fbd413f879c0c2870747e142e9d608a','{\"storage\": \"django.core.files.storage.FileSystemStorage\", \"name\": \"cache/bf/65/bf6561077828b369239ab1b4338439d2.jpg\", \"size\": [100, 100]}'),('sorl-thumbnail||thumbnails||85fecc4fad9554aec16eef12034db164','[\"fc9c42bc71a2bc91b62969356c6b8d6d\"]'),('sorl-thumbnail||image||139f71b844463c85f46a0b84a44c6dde','{\"storage\": \"django.core.files.storage.FileSystemStorage\", \"name\": \"files/images/avatars/kevin-portrait.jpg\", \"size\": [2592, 1944]}'),('sorl-thumbnail||image||fc9c42bc71a2bc91b62969356c6b8d6d','{\"storage\": \"django.core.files.storage.FileSystemStorage\", \"name\": \"cache/89/35/8935eec1d7f2c0440ac08608c363259c.jpg\", \"size\": [100, 100]}'),('sorl-thumbnail||image||85fecc4fad9554aec16eef12034db164','{\"storage\": \"django.core.files.storage.FileSystemStorage\", \"name\": \"files/images/avatars/will-portrait.jpg\", \"size\": [1161, 1170]}'),('sorl-thumbnail||thumbnails||9a69b7673a3f05d1e316df47ff8af172','[\"be1c45fe61e9334e7af09e530ecef568\"]'),('sorl-thumbnail||image||be1c45fe61e9334e7af09e530ecef568','{\"storage\": \"django.core.files.storage.FileSystemStorage\", \"name\": \"cache/33/99/3399ecb29334c9639acca9469f5c9655.jpg\", \"size\": [100, 100]}'),('sorl-thumbnail||image||9a69b7673a3f05d1e316df47ff8af172','{\"storage\": \"django.core.files.storage.FileSystemStorage\", \"name\": \"files/images/avatars/mohammed-portrait.jpg\", \"size\": [214, 189]}'),('sorl-thumbnail||thumbnails||9e85237c2a1805d05e788c68982f1893','[\"7aa14adabaa1fd007e9f1d2835783777\"]'),('sorl-thumbnail||image||7aa14adabaa1fd007e9f1d2835783777','{\"storage\": \"django.core.files.storage.FileSystemStorage\", \"name\": \"cache/d6/06/d606d098a6b4bcf2bc8ef8ff3fc66e0c.jpg\", \"size\": [100, 100]}'),('sorl-thumbnail||image||9e85237c2a1805d05e788c68982f1893','{\"storage\": \"django.core.files.storage.FileSystemStorage\", \"name\": \"files/images/avatars/jalloh-portrait.jpg\", \"size\": [118, 110]}'),('sorl-thumbnail||thumbnails||fd501ccd182cb054fb4a2c1a0fe94a12','[\"23429b1c52159c7c0848ddeec2a4b2c7\"]'),('sorl-thumbnail||image||23429b1c52159c7c0848ddeec2a4b2c7','{\"storage\": \"django.core.files.storage.FileSystemStorage\", \"name\": \"cache/92/d6/92d615f68c6ccd568780b9c3ab2fac14.jpg\", \"size\": [100, 100]}'),('sorl-thumbnail||image||fd501ccd182cb054fb4a2c1a0fe94a12','{\"storage\": \"django.core.files.storage.FileSystemStorage\", \"name\": \"files/images/avatars/paul-portrait.jpg\", \"size\": [257, 243]}'),('sorl-thumbnail||thumbnails||0d8dd7f1f6defc4c560903b9da83326d','[\"f9ce373a05ac3a25dd2c37cc2eee0c5a\"]'),('sorl-thumbnail||image||f9ce373a05ac3a25dd2c37cc2eee0c5a','{\"storage\": \"django.core.files.storage.FileSystemStorage\", \"name\": \"cache/35/b3/35b3ad25fa23ce28f43bc06fbb54caee.jpg\", \"size\": [100, 100]}'),('sorl-thumbnail||image||0d8dd7f1f6defc4c560903b9da83326d','{\"storage\": \"django.core.files.storage.FileSystemStorage\", \"name\": \"files/images/avatars/simon-portrait.jpg\", \"size\": [299, 300]}'),('sorl-thumbnail||thumbnails||a2320bf932908cfa32771d86637c54a3','[\"0910c798824428c20f33f021949b03af\"]'),('sorl-thumbnail||image||0910c798824428c20f33f021949b03af','{\"storage\": \"django.core.files.storage.FileSystemStorage\", \"name\": \"cache/5c/67/5c676a7923dfbb6ca06a67de022c6a97.jpg\", \"size\": [100, 100]}'),('sorl-thumbnail||thumbnails||71c5b392839204c3b0abe893c2285d01','[\"7ac87cd42e0f71da7cd3f961d0c45ac3\"]'),('sorl-thumbnail||image||a2320bf932908cfa32771d86637c54a3','{\"storage\": \"django.core.files.storage.FileSystemStorage\", \"name\": \"files/images/kamakwieorph.jpg\", \"size\": [1024, 768]}'),('sorl-thumbnail||image||7ac87cd42e0f71da7cd3f961d0c45ac3','{\"storage\": \"django.core.files.storage.FileSystemStorage\", \"name\": \"cache/72/2d/722d1488861a67f1f07a45f882f2df3c.jpg\", \"size\": [100, 100]}'),('sorl-thumbnail||image||71c5b392839204c3b0abe893c2285d01','{\"storage\": \"django.core.files.storage.FileSystemStorage\", \"name\": \"files/images/kamakwie-school.jpg\", \"size\": [604, 453]}'),('sorl-thumbnail||image||86ecef1a9332f10ca4599d7d243a0de2','{\"storage\": \"django.core.files.storage.FileSystemStorage\", \"name\": \"cache/d9/d3/d9d3a83f32202e45c5c8a32914da435b.jpg\", \"size\": [638, 425]}'),('sorl-thumbnail||thumbnails||1885344a66e7fed699970eb4a9636e34','[\"07cad2cba07be08070963036c832d110\"]'),('sorl-thumbnail||image||96e079e91c22ad69e80cf6bcaaa6e0d3','{\"storage\": \"django.core.files.storage.FileSystemStorage\", \"name\": \"cache/4a/17/4a175d4cf7015398ceec505ca4f75cbc.jpg\", \"size\": [638, 425]}'),('sorl-thumbnail||image||07cad2cba07be08070963036c832d110','{\"storage\": \"django.core.files.storage.FileSystemStorage\", \"name\": \"cache/11/e5/11e506501e827344831141178d8eb5d0.jpg\", \"size\": [100, 100]}'),('sorl-thumbnail||image||1885344a66e7fed699970eb4a9636e34','{\"storage\": \"django.core.files.storage.FileSystemStorage\", \"name\": \"files/images/programmes/community_development/water-pump-light1.jpg\", \"size\": [1024, 768]}'),('sorl-thumbnail||thumbnails||11172f12f05a1b90b50dc19d15c329fa','[\"b0dfe93f20ecea976719476e5b2a60c3\"]'),('sorl-thumbnail||image||b0dfe93f20ecea976719476e5b2a60c3','{\"storage\": \"django.core.files.storage.FileSystemStorage\", \"name\": \"cache/39/91/399178044673fd471e959e7bd98846b1.jpg\", \"size\": [100, 100]}'),('sorl-thumbnail||thumbnails||f9d7ccf978387744fc1472e608daf81f','[\"96e079e91c22ad69e80cf6bcaaa6e0d3\", \"5f9c8a7d43fbc9dabfa106435d3f794a\"]'),('sorl-thumbnail||image||11172f12f05a1b90b50dc19d15c329fa','{\"storage\": \"django.core.files.storage.FileSystemStorage\", \"name\": \"files/images/programmes/skills_training/students-at-work.jpg\", \"size\": [1024, 768]}'),('sorl-thumbnail||image||5f9c8a7d43fbc9dabfa106435d3f794a','{\"storage\": \"django.core.files.storage.FileSystemStorage\", \"name\": \"cache/be/71/be71aa5d0d1a9b306849bf979d837eda.jpg\", \"size\": [100, 100]}'),('sorl-thumbnail||image||f9d7ccf978387744fc1472e608daf81f','{\"storage\": \"django.core.files.storage.FileSystemStorage\", \"name\": \"files/images/programmes/education/primary-school2.jpg\", \"size\": [1024, 768]}'),('sorl-thumbnail||thumbnails||acb406dc32da1c4ad432e353e03d118e','[\"86ecef1a9332f10ca4599d7d243a0de2\", \"98a860f47c6d2ff49b0817e0608ca2ce\"]'),('sorl-thumbnail||image||98a860f47c6d2ff49b0817e0608ca2ce','{\"storage\": \"django.core.files.storage.FileSystemStorage\", \"name\": \"cache/09/70/097059d8ea807757ef13d5c1ca9eb887.jpg\", \"size\": [100, 100]}'),('sorl-thumbnail||image||acb406dc32da1c4ad432e353e03d118e','{\"storage\": \"django.core.files.storage.FileSystemStorage\", \"name\": \"files/images/programmes/health/solar-sinje-roof-300x224.jpg\", \"size\": [300, 224]}');
/*!40000 ALTER TABLE `thumbnail_kvstore` ENABLE KEYS */;
UNLOCK TABLES;

--
-- Table structure for table `zinnia_category`
--

DROP TABLE IF EXISTS `zinnia_category`;
/*!40101 SET @saved_cs_client     = @@character_set_client */;
/*!40101 SET character_set_client = utf8 */;
CREATE TABLE `zinnia_category` (
  `slug` varchar(255) NOT NULL,
  `description` longtext NOT NULL,
  `id` int(11) NOT NULL AUTO_INCREMENT,
  `title` varchar(255) NOT NULL,
  `parent_id` int(11) DEFAULT NULL,
  `lft` int(10) unsigned NOT NULL,
  `rght` int(10) unsigned NOT NULL,
  `tree_id` int(10) unsigned NOT NULL,
  `level` int(10) unsigned NOT NULL,
  PRIMARY KEY (`id`),
  UNIQUE KEY `zinnia_category_slug_uniq` (`slug`),
  KEY `zinnia_category_56ae2a2a` (`slug`),
  KEY `zinnia_category_63f17a16` (`parent_id`),
  KEY `zinnia_category_42b06ff6` (`lft`),
  KEY `zinnia_category_6eabc1a6` (`rght`),
  KEY `zinnia_category_102f80d8` (`tree_id`),
  KEY `zinnia_category_2a8f42e8` (`level`)
) ENGINE=MyISAM AUTO_INCREMENT=6 DEFAULT CHARSET=latin1;
/*!40101 SET character_set_client = @saved_cs_client */;

--
-- Dumping data for table `zinnia_category`
--

LOCK TABLES `zinnia_category` WRITE;
/*!40000 ALTER TABLE `zinnia_category` DISABLE KEYS */;
INSERT INTO `zinnia_category` VALUES ('projects','',3,'Projects',NULL,1,2,3,0);
/*!40000 ALTER TABLE `zinnia_category` ENABLE KEYS */;
UNLOCK TABLES;

--
-- Table structure for table `zinnia_entry`
--

DROP TABLE IF EXISTS `zinnia_entry`;
/*!40101 SET @saved_cs_client     = @@character_set_client */;
/*!40101 SET character_set_client = utf8 */;
CREATE TABLE `zinnia_entry` (
  `status` int(11) NOT NULL DEFAULT '0',
  `last_update` datetime NOT NULL DEFAULT '2011-04-13 14:12:20',
  `comment_enabled` tinyint(1) NOT NULL DEFAULT '1',
  `tags` varchar(255) NOT NULL,
  `image` varchar(100) NOT NULL,
  `title` varchar(255) NOT NULL,
  `excerpt` longtext NOT NULL,
  `slug` varchar(255) NOT NULL,
  `content` longtext NOT NULL,
  `end_publication` datetime NOT NULL DEFAULT '2042-03-15 00:00:00',
  `start_publication` datetime NOT NULL DEFAULT '2011-04-13 14:12:20',
  `creation_date` datetime NOT NULL DEFAULT '2011-04-13 14:12:20',
  `id` int(11) NOT NULL AUTO_INCREMENT,
  `pingback_enabled` tinyint(1) NOT NULL DEFAULT '1',
  `login_required` tinyint(1) NOT NULL,
  `password` varchar(50) NOT NULL,
  `template` varchar(250) NOT NULL,
  `featured` tinyint(1) NOT NULL,
  PRIMARY KEY (`id`),
  KEY `zinnia_entry_56ae2a2a` (`slug`)
) ENGINE=MyISAM AUTO_INCREMENT=57 DEFAULT CHARSET=latin1;
/*!40101 SET character_set_client = @saved_cs_client */;

--
-- Dumping data for table `zinnia_entry`
--

LOCK TABLES `zinnia_entry` WRITE;
/*!40000 ALTER TABLE `zinnia_entry` DISABLE KEYS */;
INSERT INTO `zinnia_entry` VALUES (2,'2011-05-02 10:33:00',1,'','','EFO\'s website is released!!!','Our website is now ready for the public, please look through and give feedback. All the best, The EFO Team','efos-website-is-released','Our website is now ready for the public, please look through and give feedback. All the best, The EFO Team','2042-03-15 00:00:00','2009-07-22 17:53:16','2009-07-22 17:53:16',2,0,0,'','zinnia/entry_detail.html',0),(2,'2011-05-02 10:33:00',1,'','','New EFO Logo!','EFO now has a logo, thanks to the graphic genius of Junior Valler. Check out more of his work at: www.juniorvaller.com','new-efo-logo','EFO now has a logo, thanks to the graphic genius of Junior Valler. Check out more of his work at:\n\n<a title=\"Junior Valler\" href=\"http://www.juniorvaller.com\" target=\"_blank\">www.juniorvaller.com</a>\n\n<img title=\"logo_red\" src=\"http://www.energyforopportunity.org/wp-content/uploads/2009/03/logo_red.gif\" alt=\"logo_red\" width=\"532\" height=\"232\" />','2042-03-15 00:00:00','2009-07-22 17:54:21','2009-07-22 17:54:21',3,0,0,'','zinnia/entry_detail.html',0),(2,'2011-05-02 10:33:00',1,'','','Solar Installation Video','Simon Willans, EFO\'s Executive Director, discussing a UNHCR funded solar project conducted in Liberia, that was implemented while he working for the Environmental Foundation for Africa.','solar-installation-video','Simon Willans, EFO\'s Executive Director, discussing a UNHCR funded solar project conducted in Liberia, that was implemented while he working for the Environmental Foundation for Africa.\n\n<object classid=\"clsid:d27cdb6e-ae6d-11cf-96b8-444553540000\" width=\"425\" height=\"344\" codebase=\"http://download.macromedia.com/pub/shockwave/cabs/flash/swflash.cab#version=6,0,40,0\"><param name=\"allowFullScreen\" value=\"true\" /><param name=\"allowscriptaccess\" value=\"always\" /><param name=\"src\" value=\"http://www.youtube.com/v/o5roWBS2eo8&amp;hl=en&amp;fs=1\" /><param name=\"allowfullscreen\" value=\"true\" /><embed type=\"application/x-shockwave-flash\" width=\"425\" height=\"344\" src=\"http://www.youtube.com/v/o5roWBS2eo8&amp;hl=en&amp;fs=1\" allowscriptaccess=\"always\" allowfullscreen=\"true\"></embed></object>','2042-03-15 00:00:00','2009-07-22 17:55:17','2009-07-22 17:55:17',4,0,0,'','zinnia/entry_detail.html',0),(2,'2011-05-02 10:33:00',1,'','','EFO\'s Africa Rural Connect Idea','Endorse EFO\'s idea at Africa Rural Connect (@ideasforafrica) and help us start a #solar powered energy revolution across West Africa. See the idea at http://arc.peacecorpsconnect.org/view/327/ All you need to do is log in and endorse the project (if you think it is a good idea of course). Thanks for your ...','efos-africa-rural-connect-idea','Endorse EFO\'s idea at Africa Rural Connect (@ideasforafrica) and help us start a #solar powered energy revolution across West Africa. See the idea at <a href=\"http://arc.peacecorpsconnect.org/view/327/\" target=\"_blank\">http://arc.peacecorpsconnect.org/view/327/</a> All you need to do is log in and endorse the project (if you think it is a good idea of course).\n<p style=\"text-align: center;\"><img class=\"size-full wp-image-26 aligncenter\" title=\"Module at Saclopea, Liberia\" src=\"http://www.energyforopportunity.org/wp-content/uploads/2009/03/module1.jpg\" alt=\"Module at Saclopea, Liberia\" width=\"220\" height=\"165\" /></p>\n<p style=\"text-align: center;\">Thanks for your support,</p>\n<p style=\"text-align: center;\">The EFO Team</p>','2042-03-15 00:00:00','2009-07-22 22:01:24','2009-07-22 22:01:24',5,0,0,'','zinnia/entry_detail.html',0),(2,'2011-05-02 10:33:01',1,'','','WEST AFRICAN SOLAR REVOLUTION','EFO has now reached 50 endorsements for its West #Africa #Solar Revolution idea. Thanks for all those that have supported us, and remember if you haven\'t already it is not too late to endorse the idea: http://arc.peacecorpsconnect.org/view/327','west-african-solar-revolution','EFO has now reached 50 endorsements for its West #Africa #Solar Revolution idea. Thanks for all those that have supported us, and remember if you haven\'t already it is not too late to endorse the idea: <a href=\"http://arc.peacecorpsconnect.org/view/327\" target=\"_blank\">http://arc.peacecorpsconnect.org/view/327</a>','2042-03-15 00:00:00','2009-08-06 00:48:02','2009-08-06 00:48:02',6,0,0,'','zinnia/entry_detail.html',0),(2,'2011-05-02 10:33:01',1,'','','Africa Rural Connect','We are now have over 100 endorsements, thanks for supporting our attempts to start a solar revolution in West Africa: http://arc.peacecorpsconnect.org/view/327/','africa-rural-connect','<img class=\"alignright size-full wp-image-1065\" title=\"Solar Tiwai\" src=\"http://www.energyforopportunity.org/wp-content/uploads/2009/08/Solar-Tiwai.jpg\" alt=\"Solar Tiwai\" width=\"300\" height=\"226\" />We are now have over 100 endorsements, thanks for supporting our attempts to start a solar revolution in West Africa: <a href=\"http://arc.peacecorpsconnect.org/view/327/\" target=\"_blank\">http://arc.peacecorpsconnect.org/view/327/</a>\n<p style=\"text-align: justify;\"></p>\n<p style=\"text-align: justify;\"></p>\n<p style=\"text-align: justify;\"></p>\n<p style=\"text-align: justify;\"></p>\n<p style=\"text-align: justify;\"></p>\n<p style=\"text-align: justify;\"></p>\n<p style=\"text-align: justify;\"></p>\n<p style=\"text-align: justify;\"></p>\n<p style=\"text-align: justify;\"></p>\n<p style=\"text-align: justify;\"></p>\n<p style=\"text-align: justify;\"></p>\n<p style=\"text-align: justify;\"></p>\n<p style=\"text-align: justify;\"></p>\n<p style=\"text-align: justify;\"></p>\n<p style=\"text-align: justify;\"></p>\n<p style=\"text-align: justify;\"></p>','2042-03-15 00:00:00','2009-08-10 23:15:08','2009-08-10 23:15:08',7,0,0,'','zinnia/entry_detail.html',0),(2,'2011-05-02 10:33:01',1,'','','Africa Rural Connect Prize!','Energy For Opportunity has won an ARC prize for its idea, \'Create A Solar Powered Revolution Across West Africa\'. This grant will help us to get our programme up and running in the region and has been an excellent way to receive feedback and exposure for the organisation and our ...','africa-rural-connect-prize','<a style=\"color: #17485d; text-decoration: underline; padding: 0px; margin: 0px;\" title=\"Home\" href=\"http://arc.peacecorpsconnect.org/\"><img style=\"padding: 0px; margin: 0px; border: 0px none initial;\" src=\"http://arc.peacecorpsconnect.org/sites/all/themes/arc/images/site_logo_big.png\" alt=\"Logo\" /></a>\n\nEnergy For Opportunity has won an ARC prize for its idea, \'Create A Solar Powered Revolution Across West Africa\'. This grant will help us to get our programme up and running in the region and has been an excellent way to receive feedback and exposure for the organisation and our plans. Thanks to all of those who supported the idea and gave us their endorsement, we really appreciate all of the help we have been receiving!\n\nTo hear Paul talk a bit more about the project go to the following link, <a href=\"http://arc.peacecorpsconnect.org/node/380\">http://arc.peacecorpsconnect.org/node/380</a>\n\nWe have also added a second project idea that is eligible for this monthly prize, it can be seen at <a href=\"http://arc.peacecorpsconnect.org/view/573/village-power-the-community-charging-station\">http://arc.peacecorpsconnect.org/view/573/village-power-the-community-charging-station</a>','2042-03-15 00:00:00','2009-08-26 21:01:27','2009-08-26 21:01:27',8,0,0,'','zinnia/entry_detail.html',0),(2,'2011-05-02 10:33:01',1,'','','EFO and Inveneo to help power Microfinance in Sierra leone','EFO and Inveneo (http://inveneo.org/) will team up to supply power and ICT infrastructure to two local Microfinance Institutes in Sierra Leone. The project will partner with HOPE Micro and the Association for Rural Development (ARD) and result in ICT equipment and solar installations for their various offices. EFO will be ...','efo-and-inveneo-to-help-power-microfinance-in-sierra-leone','<p style=\"text-align: justify;\">EFO and Inveneo (<a href=\"http://inveneo.org/\">http://inveneo.org/</a>)will team up to supply power and ICT infrastructure to two local Microfinance Institutes in Sierra Leone. The project will partner with HOPE Micro and the Association for Rural Development (ARD) and result in ICT equipment and solar installations for their various offices. EFO will be directly responsible for two solar installations in the Makeni offices and installing back-up and other power equipment for the offices in Freetown. Students from the training programme at Government Technical Institute will also be involved and gain valuable practical experience from this project.</p>','2042-03-15 00:00:00','2009-09-09 19:57:04','2009-09-09 19:57:04',9,0,0,'','zinnia/entry_detail.html',0),(2,'2011-05-02 10:33:01',1,'','','EFO Update - October 2009','','efo-update-october-2009','<a href=\"http://www.energyforopportunity.org/wp-content/uploads/2009/10/EFO-Update-October-2009.pdf\" target=\"_blank\"><img class=\"alignleft size-full wp-image-1086\" title=\"EFO Update October 2009\" src=\"http://www.energyforopportunity.org/wp-content/uploads/2009/10/EFONews.jpg\" alt=\"EFO Update October 2009\" width=\"151\" height=\"179\" /></a>\n<p style=\"text-align: justify;\"></p>\n<p style=\"text-align: justify;\"></p>\n<p style=\"text-align: justify;\"></p>\n<p style=\"text-align: justify;\"></p>\n<p style=\"text-align: justify;\"></p>\n<p style=\"text-align: justify;\"></p>\n<p style=\"text-align: justify;\"></p>\n<p style=\"text-align: justify;\"></p>\n<p style=\"text-align: justify;\"></p>\n<p style=\"text-align: justify;\"></p>\n<p style=\"text-align: justify;\"></p>\n<p style=\"text-align: justify;\"></p>\n<p style=\"text-align: justify;\"></p>\n<p style=\"text-align: justify;\"></p>\n<p style=\"text-align: justify;\"></p>\n<p style=\"text-align: justify;\"></p>','2042-03-15 00:00:00','2009-10-04 21:07:34','2009-10-04 21:07:34',10,0,0,'','zinnia/entry_detail.html',0),(2,'2011-05-02 10:33:01',1,'','','Updates From the Field...','Updates From the Field Its been over three weeks since I got back to Sierra Leone and jumped into the process of getting EFO up and running here. It has certainly been a busy time, sometimes frustrating, often exhausting but ultimately successful and things are really moving forward. The very ...','updates-from-the-field','<p align=\"center\"><strong>Updates From the Field</strong></p>\n\nIts been over three weeks since I got back to Sierra Leone and jumped into the process of getting EFO up and running here. It has certainly been a busy time, sometimes frustrating, often exhausting but ultimately successful and things are really moving forward.\n\nThe very first week back I headed up-line to try and secure registration for EFO in Bombali and Koinadugu Districts, our two planned focus areas. A friend of mine had been working on the national level registration but the main body responsible for this seems to be unsure when they will start registering new organisations and suggested the local route. So off we went, with a couple of vague contacts, some fry-fry and a few bundles of water. After two long days on the road, going back and forth between council offices, chiefs houses and other random pit stops we successfully got both registrations and are now officially registered as a Non-Governmental Organisation in both Districts. We are still chasing the national level registration as it gives you much more legitimacy and also allows you to import equipment much more simply but for now at least we can work!\n\nDuring the trip I managed to fit in two site visits for the Inveneo project and also meet with staff from CAUSE Canada about possible future collaboration. The Inveneo project came about while I was back in Canada and this was my first time seeing the sites to really get an idea of what the work will look like. Some things were much worse than hoped, ie no actual wiring in the one building, but overall we can fit in the solar power very easily and it will certainly help out both organisations. I had done some work for CAUSE when I was with EFA and we are discussing some possible links between their microfinance work and various solar electricity options, if we can get the concept right it can be a great fit.\n\nBack in Freetownthe last two weeks have been filled with planning, meetings and general running around. Unfortunately, the house/temporary office isnt quite ready for occupancy so Ive been running things from a guesthouse with a cell phone modem. Luckily, this guesthouse is on the beach which means good views, fresh fish and the option to go swimming at any time but also comes with a lot of distractions. Ive attached a few pictures of the place, you can see it isnt too bad really but I will be very happy to get into a more permanent home. Hopefully the house/office will be finished this week and I can get settled in properly.\n\nOn the work side we are making our preparations for the training programme at GTI and there should be two solar electricity courses being taught this year. The introductory class will be taught by one of the GTI staff who I trained last year and I will be back in the classroom in January teaching an Advanced Design class. Solar Energy International (<a href=\"http://www.solarenergy.org/\">http://www.solarenergy.org/</a>) has been extremely supportive of the programme and has provided two partial scholarships, some textbooks and is also helping arrange the Biofuels trainer who will come over near the end of the school year. We have also secured our second project, providing the solar electricity system for an installation at an orphanage in Kamakwie. This is a bit of a rush and is expected to happen in late November, but once again will be an excellent project to be involved with.\n\nThats about where we are these days. There are all sorts of potential opportunities coming up and with the hope of finally securing our charitable status in Canada we can really make a push on the fundraising front which will allow us to get some significant work done this year. Ill try to keep the updates cominglook for some early next week from our installations in Makeni.\n\n<img class=\"size-medium wp-image-1136\" title=\"View From the Office\" src=\"http://www.energyforopportunity.org/wp-content/uploads/2009/10/Office-front-view-2-300x225.jpg\" alt=\"View From the Office\" width=\"300\" height=\"225\" /> <img class=\"size-medium wp-image-1138\" title=\"Office main 1\" src=\"http://www.energyforopportunity.org/wp-content/uploads/2009/10/Office-main-1-300x225.jpg\" alt=\"Office main 1\" width=\"300\" height=\"225\" />','2042-03-15 00:00:00','2009-10-19 19:26:54','2009-10-19 19:26:54',11,0,0,'','zinnia/entry_detail.html',0),(2,'2011-05-02 10:33:01',1,'','','Makeni installations are complete!','This past weekend we traveled up to Makeni to do the first two installations as EFO! It was a tough few days of work but we finished everything and can start building on this initial work. Take a look at the Facebook Event page (http://www.facebook.com/event.php?eid=158386898739) we were updating throughout the ...','makeni-installations-are-complete','This past weekend we traveled up to Makeni to do the first two installations as EFO! It was a tough few days of work but we finished everything and can start building on this initial work. Take a look at the Facebook Event page (<a href=\"http://www.facebook.com/event.php?eid=158386898739\">http://www.facebook.com/event.php?eid=158386898739</a>)we were updating throughout the weekend to see the progress of the work. To see the pictures in order start with 31 and work backwards. Special thanks to the incredible four man team...all former students of mine at GTI; Chernor Jalloh, Mohamed Kabba Turay, Anthony Sahr and Philip Lawundeh. Also to Tommy Franklyn, our driver, pit digger, food collector, equipment security guard, module lifter and general assistant.','2042-03-15 00:00:00','2009-10-26 18:04:03','2009-10-26 18:04:03',12,0,0,'','zinnia/entry_detail.html',0),(2,'2011-05-02 10:33:01',1,'','','Formal Certification','Energy For Opportunity is pleased to announce that its Executive Director, Simon Willans, has successfully completed the North American Board of Certified Energy Practitioners (NABCEP) certification process and is now a fully registered Solar Photovoltaic Installer. The North American Board of Certified Energy Practitioners (NABCEP) is a volunteer board of ...','formal-certification','<p style=\"text-align: justify;\"><img class=\"alignright size-full wp-image-1149\" title=\"NABCEP Certificate (03NO09)\" src=\"http://www.energyforopportunity.org/wp-content/uploads/2009/11/NABCEP-Certificate-03NO09.jpg\" alt=\"NABCEP Certificate (03NO09)\" width=\"256\" height=\"196\" />Energy For Opportunity is pleased to announce that its Executive Director, Simon Willans, has successfully completed the North American Board of Certified Energy Practitioners (NABCEP) certification process and is now a fully registered Solar Photovoltaic Installer. <span><span style=\"color: black;\">The North American Board of Certified Energy Practitioners (NABCEP) is a volunteer board of renewable energy stakeholder representatives that includes representatives of the solar industry, NABCEP certificants, renewable energy organizations, state policy makers, educational institutions, and the trades</span> and</span> is the most widely recognised certification body for solar energy professionals in North America. Simon becomes one of only six people registered in Canada through the NABCEP process. For more on the NABCEP process and the organisation, please refer to their website, <a href=\"http://www.nabcep.org/\" target=\"_blank\">http://www.nabcep.org/</a></p>\n<p style=\"text-align: justify;\"></p>\n<p style=\"text-align: justify;\"></p>\n<p style=\"text-align: justify;\"></p>\n<p style=\"text-align: justify;\"></p>\n<p style=\"text-align: justify;\"></p>\n<p style=\"text-align: justify;\"></p>','2042-03-15 00:00:00','2009-11-03 20:43:45','2009-11-03 20:43:45',13,0,0,'','zinnia/entry_detail.html',0),(2,'2011-05-02 10:33:01',1,'','','Energy for Opportunity Update','Partnership with Princeton University EFO is happy to announce that that it has recently become a participating partner in Princeton Universitys International Internship Program. Starting from next year, EFO will be receiving Princeton student interns at its office Sierra Leone, who will be conducting research and work that contributes to ...','energy-for-opportunity-update','<h3 style=\"text-align: justify;\">Partnership with Princeton University</h3>\n<p style=\"text-align: justify;\"><a href=\"http://www.princeton.edu\" target=\"_blank\"><img class=\"alignright size-full wp-image-1161\" title=\"Princeton University\" src=\"http://www.energyforopportunity.org/wp-content/uploads/2009/11/Princeton.jpg\" alt=\"Princeton University\" width=\"202\" height=\"76\" /></a>EFO is happy to announce that that it has recently become a participating partner in Princeton Universitys <a href=\"http://www.princeton.edu/oip/home/\" target=\"_blank\">International Internship Program</a>. Starting from next year, EFO will be receiving Princeton student interns at its office Sierra Leone, who will be conducting research and work that contributes to EFOs overall program and objectives. Specifically the Princeton interns will be involved in carrying out socio-economic research in EFOs target regions, monitoring and evaluating previous EFO projects or designing specific solar power systems to be tested in the field. The partnership is an excellent opportunity for EFO, as Princeton University is one of the worlds leading academic institutions, meaning the student interns will be of extremely high caliber.</p>\n<p style=\"text-align: justify;\"></p>\n\n<h3 style=\"text-align: justify;\"><a href=\"http://gsmworld.com\" target=\"_blank\"><img class=\"alignright size-full wp-image-1167\" title=\"GMSA\" src=\"http://www.energyforopportunity.org/wp-content/uploads/2009/11/GMSA.jpg\" alt=\"GMSA\" width=\"92\" height=\"92\" /></a></h3>\n<h3 style=\"text-align: justify;\">Publication</h3>\n<p style=\"text-align: justify;\">EFO has been a recent contributor to the GSM World publication <a href=\"http://gsmworld.com/documents/charging_choices.pdf\" target=\"_blank\">Green Power For Mobile: Charging Choices: Off-grid charging solutions for mobile phones</a>.  The article is premised on the rapid mobile phone ownership expansion in recent years, particularly in Africa, and the specific question of how do mobile phone owners charge their phones if they dont have household access to electricity? The articles main analysis examining different innovative off-grid phone charging solutions with aid of different examples and ideas.</p>','2042-03-15 00:00:00','2009-11-27 06:28:48','2009-11-27 06:28:48',14,0,0,'','zinnia/entry_detail.html',0),(2,'2011-05-02 10:33:01',1,'','','Project #2 : Kamakwie Orphanage','Energy For Opportunity wrapped up our second project last week, installing a solar electricity system at an orphanage in Kamakwie, up in Northern Sierra Leone. Although the implementation was often a bit tricky it was one of those great projects to be part of, as in the end the orphanage ...','project-2-kamakwie-orphanage','Energy For Opportunity wrapped up our second project last week, installing a solar electricity system at an orphanage in Kamakwie, up in Northern Sierra Leone. Although the implementation was often a bit tricky it was one of those great projects to be part of, as in the end the orphanage has light and power for their new computer lab and cinema! The facebook link (<a href=\"http://www.facebook.com/event.php?eid=187368048769&amp;ref=mf\">http://www.facebook.com/event.php?eid=187368048769&amp;ref=mf</a>/)has a few pictures of the site and links to the two organisations funding and managing the project. There are plans to expand the system over the next year or two, so it will be great to track the progress and growth of the project.','2042-03-15 00:00:00','2009-12-13 10:13:57','2009-12-13 10:13:57',15,0,0,'','zinnia/entry_detail.html',0),(2,'2011-05-02 10:33:01',1,'','','Kamakwie ctd...','While up in Kamakwie for the Orphanage work, Energy For Opportunity staff managed to pay a quick visit to another upcoming project site. This project will be at the Wesleyan Secondary School and is being funded through the hard work and dedicated fund raising efforts of Leslie McKeon, a former ...','kamakwie-ctd','While up in Kamakwie for the Orphanage work, Energy For Opportunity staff managed to pay a quick visit to another upcoming project site. This project will be at the Wesleyan Secondary School and is being funded through the hard work and dedicated fund raising efforts of Leslie McKeon, a former Peace Corp volunteer who was located in Kamakwie. We have been working on the system design with Leslie for over a year but this was the first time we had actually been to the site.\n\nThe school serves as both a Junior and Senior Secondary school and operates on a shift basis, with JSS in the morning and SSS in the afternoon. There are over 1150 students and the school is also the regional testing site for allthree of the standardised tests that are part of the Sierra Leone school system. We received a very open welcome from the two Principals, Mr. Brima Conteh and Mr. Martin S. Kamara and they provided excellent input into the priority areas for the school and how best to secure the system.\n\n<img class=\"alignright size-medium wp-image-1187\" title=\"KSS#3\" src=\"http://www.energyforopportunity.org/wp-content/uploads/2009/12/KSS3-300x225.jpg\" alt=\"KSS#3\" width=\"300\" height=\"225\" /><img class=\"alignright size-medium wp-image-1185\" title=\"KSS#1\" src=\"http://www.energyforopportunity.org/wp-content/uploads/2009/12/KSS1-300x225.jpg\" alt=\"KSS#1\" width=\"300\" height=\"225\" />\n\nThe final planning is still underway but if all goes well we should be back up in Kamakwie in mid-February for this project. It is definitely going to have an immediate impact for the students and there are plans being developed on how the system can serve the greater community.','2042-03-15 00:00:00','2009-12-13 11:22:47','2009-12-13 11:22:47',16,0,0,'','zinnia/entry_detail.html',0),(2,'2011-05-02 10:33:01',1,'','','Kamabai - Planning...the not as exciting side of work','Fresh off our work in Kamakwie we made a quick side trip to Kamabai to do some overdue planning work. Kamabai and Kamakwie are likely to be our main two hubs of activity, as they are two of the largest Chiefdom Headquarter towns in Bombali District and home to two ...','kamabai-planningthe-not-as-exciting-side-of-work','Fresh off our work in Kamakwie we made a quick side trip to Kamabai to do some overdue planning work. Kamabai and Kamakwie are likely to be our main two hubs of activity, as they are two of the largest Chiefdom Headquarter towns in Bombali District and home to two of the three Senior Secondary Schools in the District outside Makeni. This was our first time in Kamabai, despite passing the village tens of times on the way to or from Kabala.\n\nWe were escorted to Kamabai by and old friend and work colleague from Lakka, Foday Presto Koroma who was born and raised in the village. His brother and his family gave us a place to stay, fed us and supplied us with the (soon to be) world famous Kamabai poyo. The next day we met with the acting Chief, PC Modi Brima, and other local stakeholders and elders. As always, we were given a warm welcome and quickly made to feel at home in the community. After our meeting we spent hours touring the community and surveying all of the major community structures that were identified as priority areas for electricity. This included the Secondary School, health centre, court barri, market and three primary schools. It was an exhausting day but a very, very productive one and hopefully the start of a successful partnership between EFO and the people of Biriwa Chiefdom.\n\nTo see some photos of the site visits go to our facebook page at <a href=\"http://www.facebook.com/group.php?gid=60927992298\">http://www.facebook.com/group.php?gid=60927992298</a>','2042-03-15 00:00:00','2009-12-15 08:56:04','2009-12-15 08:56:04',17,0,0,'','zinnia/entry_detail.html',0),(2,'2011-05-02 10:33:01',1,'','','80016 8551?!','What is this you ask...just the sweetest numbers ever to be heard by Energy For Opportunity! After almost 18 months and numerous exchanges with Revenue Canada, Energy For Opportunity is officially a Registered Canadian Charity. In addition to a whole binder of additional paperwork, it also means we are now ...','80016-8551','What is this you ask...just the sweetest numbers ever to be heard by Energy For Opportunity! After almost 18 months and numerous exchanges with Revenue Canada, Energy For Opportunity is officially a Registered Canadian Charity. In addition to a whole binder of additional paperwork, it also means we are now officially recognised by the Canadian government and with this we gain a much more legitimate profile both domestically and internationally. It also means we have the ability to issue tax receipts for any donations to our work, opening up huge areas of fundraising opportunities.','2042-03-15 00:00:00','2009-12-18 21:33:57','2009-12-18 21:33:57',18,0,0,'','zinnia/entry_detail.html',0),(2,'2011-05-02 10:33:01',1,'','','Update and new project','It has been a busy couple of months, so we have put together a two page update to inform everyone of EFO\'s recent goings on. Click here to view the update. Also we have a new project planned for next month, installing community solar charging stations in the Sierra Leonean ...','update-and-new-project','It has been a busy couple of months, so we have put together a two page update to inform everyone of EFO\'s recent goings on. Click <a href=\"http://www.energyforopportunity.org/wp-content/uploads/2009/12/EFO-Update-December-2009.pdf\" target=\"_blank\">here</a> to view the update.\n\nAlso we have a new project planned for next month, installing community solar charging stations in the Sierra Leonean districts of <a href=\"http://maps.google.com/maps?f=q&amp;source=s_q&amp;hl=en&amp;geocode=&amp;q=Kamabai&amp;sll=7.606444,-12.178984&amp;sspn=0.099538,0.181789&amp;ie=UTF8&amp;hq=&amp;hnear=Kamabai,+Bombali,+Northern+Province,+Sierra+Leone&amp;t=p&amp;z=15\" target=\"_blank\">Bombali</a> and <a href=\"http://maps.google.com/maps?f=q&amp;source=s_q&amp;hl=en&amp;geocode=&amp;q=Matru&amp;sll=7.526434,-12.50489&amp;sspn=0.398226,0.727158&amp;ie=UTF8&amp;hq=&amp;hnear=Matru,+Bonthe,+Southern+Province,+Sierra+Leone&amp;t=p&amp;z=13\" target=\"_blank\">Bonthe</a>. Christian Aid is kindly supplying the bulk of funding for this project, but we still need around US$3000 to make the project fully viable. Read more about the project <a href=\"http://www.energyforopportunity.org/wp-content/uploads/2009/12/Charging-Station-Information.pdf\">here</a> and if you can make a donation to help bring solar power to Sierra Leonean communities.','2042-03-15 00:00:00','2009-12-22 15:12:53','2009-12-22 15:12:53',19,0,0,'','zinnia/entry_detail.html',0),(2,'2011-05-02 10:33:01',1,'','','Funding Update...website donations','EFO would like to thank everyone who has donated to support our upcoming project! Through this generous support we have already received over $600 and are well on our way to our $3000 target. Over the holiday we continued to plan with the communities and will be starting work as ...','funding-updatewebsite-donations','EFO would like to thank everyone who has donated to support our upcoming project! Through this generous support we have already received over $600 and are well on our way to our $3000 target. Over the holiday we continued to plan with the communities and will be starting work as soon as the primary funding from our donor is received. Thanks to all and please check back for updates on this project and more.','2042-03-15 00:00:00','2010-01-06 18:34:18','2010-01-06 18:34:18',20,0,0,'','zinnia/entry_detail.html',0),(2,'2011-05-02 10:33:01',1,'','','EFO Radio Interview','Listen to EFO\'s director Simon Willans talking about our work on the CJAM 99.1 radio show : \"Make this your Canada\" hosted by Kieran McKenzie.','efo-radio-interview','<h4><a href=\"http://www.energyforopportunity.org/wp-content/uploads/2010/01/Cjam-Logo.png\"><img class=\"alignright size-medium wp-image-1363\" title=\"Cjam Logo\" src=\"http://www.energyforopportunity.org/wp-content/uploads/2010/01/Cjam-Logo-300x81.png\" alt=\"\" width=\"300\" height=\"81\" /></a><strong>Listen to EFO\'s director Simon Willans talking about our work on the <a href=\"http://cjamlog3.cjam.ca/\" target=\"_blank\">CJAM 99.1</a> radio show : \"Make this your Canada\" hosted by <a href=\"http://twitter.com/kieranmckenzie\" target=\"_blank\">Kieran McKenzie</a>.</strong></h4>\n<object classid=\"clsid:d27cdb6e-ae6d-11cf-96b8-444553540000\" width=\"400\" height=\"27\" codebase=\"http://download.macromedia.com/pub/shockwave/cabs/flash/swflash.cab#version=6,0,40,0\"><param name=\"bgcolor\" value=\"#ffffff\" /><param name=\"flashvars\" value=\"playerMode=embedded\" /><param name=\"src\" value=\"http://www.google.com/reader/ui/3247397568-audio-player.swf?audioUrl=http://cjamlog1.cjam.ca/mp3dirnew/72-Make_This_Your_Canada-20091230-1600-t1262188801.mp3\" /><param name=\"wmode\" value=\"window\" /><param name=\"quality\" value=\"best\" />\n\n<embed type=\"application/x-shockwave-flash\" width=\"400\" height=\"27\" src=\"http://www.google.com/reader/ui/3247397568-audio-player.swf?audioUrl=http://cjamlog1.cjam.ca/mp3dirnew/72-Make_This_Your_Canada-20091230-1600-t1262188801.mp3\" quality=\"best\" wmode=\"window\" flashvars=\"playerMode=embedded\" bgcolor=\"#ffffff\"></embed></object>','2042-03-15 00:00:00','2010-01-12 19:21:41','2010-01-12 19:21:41',21,0,0,'','zinnia/entry_detail.html',0),(2,'2011-05-02 10:33:01',1,'','','Kamakwie Bound','On February 15th, Energy For Opportunity will be heading back up to Kamakwie to work on an installation at the Kamakwie Secondary School. We are playing a supporting role in the project which has been driven by the dedicated efforts of Leslie McKeon, a former Peace Corp volunteer in Sierra ...','kamakwie-bound','<a href=\"http://www.energyforopportunity.org/wp-content/uploads/2010/02/KSS1.jpg\"><img class=\"alignright size-thumbnail wp-image-1409\" title=\"KSS#1\" src=\"http://www.energyforopportunity.org/wp-content/uploads/2010/02/KSS1-150x150.jpg\" alt=\"\" width=\"150\" height=\"150\" /></a>On February 15th, Energy For Opportunity will be heading back up to Kamakwie to work on an installation at the Kamakwie Secondary School. We are playing a supporting role in the project which has been driven by the dedicated efforts of Leslie McKeon, a former Peace Corp volunteer in Sierra Leone. Additional support has come from Friends Of Sierra Leone (www.fosalone.org) who provided much needed financial assistance and Nameste Solar (<a href=\"http://www.namastesolar.com/index.htm\">http://www.namastesolar.com/index.htm</a>)who donated the panels for the project.\n\nWe are really excited to be part of this project as it supports our efforts to help bring lighting and other power needs to the Secondary Schools in Bombali District. It also gives four of our current students from Government Technical Institute and the National Power Authority Training Centre a chance to get out and gain practical field experience and see a different part of the country.\n\nPlease keep checking back for other updates as we move into a very busy February and March!','2042-03-15 00:00:00','2010-02-06 20:16:22','2010-02-06 20:16:22',22,0,0,'','zinnia/entry_detail.html',0),(2,'2011-05-02 10:33:01',1,'','','Community Charging Station...coming soon!','After months of planning, meeting, planning and some more planning, Energy For Opportunity will be opening its first Community Charging Station at Kamabai. The system will be located next to the Main Market, providing a central point for people to charge lights, phones, etc and also providing light to the ...','community-charging-stationcoming-soon','After months of planning, meeting, planning and some more planning, Energy For Opportunity will be opening its first<a href=\"http://www.energyforopportunity.org/wp-content/uploads/2010/02/Market.jpg\"><img class=\"alignright size-thumbnail wp-image-1415\" title=\"Market\" src=\"http://www.energyforopportunity.org/wp-content/uploads/2010/02/Market-150x150.jpg\" alt=\"\" width=\"150\" height=\"150\" /></a>Community Charging Station at Kamabai. The system will be located next to the MainMarket, providing a central point for people to charge lights, phones, etc and also providing light to the market and the surrounding open area. The CCS will be operated and managed by the community, with all profit being reinvested in future solar projects, with the Secondary School as the first target. Solar powered lights will also be made available to community members either by rental, rent to own or purchase. These lights provide a clean alternative to kerosene and candles, at a reduced cost to the household. ENFO will remain strongly involved in the project, providing training, ongoing management support and maintenance to ensure that the CCS grows and the benefits of solar power expand. A special thanks to those who donated to this project and the organisation in general over the last two months, without that support it wouldn\'t have been possible.','2042-03-15 00:00:00','2010-02-11 10:40:36','2010-02-11 10:40:36',23,0,0,'','zinnia/entry_detail.html',0),(2,'2011-05-02 10:33:02',1,'','','Kamakwie Secondary School...now with solar power','It was a very, very tough week but it all came together and the Kamakwie Secondary School is now the proud owner of completely new wiring and more importantly a top of the line, 1530W solar electricity system! We had a tough first day as we ended up running around ...','kamakwie-secondary-schoolnow-with-solar-power','<p style=\"text-align: justify;\"><a href=\"http://www.energyforopportunity.org/wp-content/uploads/2010/02/Kamakwie-Team.jpg\"><img class=\"alignright size-full wp-image-1421\" title=\"Kamakwie Team\" src=\"http://www.energyforopportunity.org/wp-content/uploads/2010/02/Kamakwie-Team.jpg\" alt=\"\" width=\"130\" height=\"92\" /></a>It was a very, very tough week but it all came together and the Kamakwie Secondary School is now the proud owner of completely new wiring and more importantly a top of the line, 1530W solar electricity system! We had a tough first day as we ended up running around town picking up all the materials and got a very late start, resulting in the second vehicle not reaching until 11:30pm, with two fixed flat tires to its name. Despite that we started both the Community Centre and the School at 8am the next day and slowly hit our stride. We had four of the new crop of students with us, two from GTI and two from the NPA training centre, so it was a great opportunity to combine our programmes and get the students some first hand field work. It was great to see them improving as the week went along and really making a significant contribution to the work. We were also fortunate enough to get strong support from the school and the community. They provided us with accommodation and lunchtime food and a<a href=\"http://www.energyforopportunity.org/wp-content/uploads/2010/02/Kamakwie-Our-first-cutomers.jpg\"><img class=\"alignright size-full wp-image-1422\" title=\"Kamakwie - Our first cutomers\" src=\"http://www.energyforopportunity.org/wp-content/uploads/2010/02/Kamakwie-Our-first-cutomers.jpg\" alt=\"\" width=\"130\" height=\"97\" /></a> big group of students came out to help do the major digging and other not so glamorous but necessary tasks to get things done. In addition to the school project we managed to get the wiring done at the Community Centre and Hospital and will return in March or April to put in the solar power systems there. These are big projects and are covering the vital communal sites in the town and will hopefully bring substantial improvements to the community. It was a great experience being part of this tough installation and we look forward to getting back up to Kamakwie in the near future.</p>\n<p style=\"text-align: justify;\">With this wrapped up our attention shifts to the Community Charging Stations with the first of those slated for a Monday start. Updates to follow...</p>','2042-03-15 00:00:00','2010-02-24 02:49:28','2010-02-24 02:49:28',24,0,0,'','zinnia/entry_detail.html',0),(2,'2011-05-02 10:33:02',1,'','','Kamabai Community Charging Station launches!','As of about 7:25pm tonight the Kamabai Community Charging Station officially opened its doors to the public. It took just over a week of very hard work to build the kiosk and install the panels and distribution system and there are still a few small touch-ups to bring it to ...','kamabai-community-charging-station-launches','As of about 7:25pm tonight the Kamabai Community Charging Station officially opened its doors to the public. It took just over a week of very hard work to build the kiosk and install the panels and distribution system and there are still a few small touch-ups to bring it to its final stage but these are mostly cosmetic and will happen over the next few days. Mohamed is still at the site and will stay until Sunday, working with the local staff and giving basic training on solar power and the correct management of the system. It also gives him an extra few days to get out in the community and build up interest and understanding of the lights and lighting systems that are being introduced.\n\nThis isn\'t the end of our work in Kamabai or with the station as we will be making regular trips over the next two months to monitor its operations and build the necessary checks and balances into the system. The overall intent is to have this serve as a launching pad for the Chiefdom programme with the funds from this being used as community matches for future projects. Planning has already begun on a system for the Secondary School and hopefully this can be achieved in the next few months.\n\nA special thanks goes to all of those who donated to EFO over the last few months, this project would not have happened without those contributions!','2042-03-15 00:00:00','2010-03-10 20:51:17','2010-03-10 20:51:17',25,0,0,'','zinnia/entry_detail.html',0),(2,'2011-05-02 10:33:02',1,'','','Solar Water Pumping Course','ENFO recently welcomed Bernard Glaser from DENG Ltd in Ghana to Sierra Leone to teach a Solar Water Pumping course at Government Technical Institute. This course was made possible through the AusAID grant that is funding some of our work in Kamakwie and Kamalo and has been a great addition ...','solar-water-pumping-course','ENFO recently welcomed Bernard Glaser from DENG Ltd in Ghana to Sierra Leone to teach a Solar Water Pumping course at Government Technical Institute. This course was made possible through the AusAID grant that is funding some of our work in Kamakwie and Kamalo and has been a great addition to the other courses being offered at the school. The course was being offered primarily to students and staff from the Plumbing programme but also included four lecturers from the Electrical Engineering department and another from the Refrigeration department. In addition to being of interest and directly applicable to work in Sierra Leone, the training helps move the programme closer to full certification, as the lecturers gain valuable experience and accreditation.','2042-03-15 00:00:00','2010-03-19 17:44:18','2010-03-19 17:44:18',26,0,0,'','zinnia/entry_detail.html',0),(2,'2011-05-02 10:33:02',1,'','','Updates from Kamabai','I\'m finally back in the office after almost three straight weeks of up-country work! Good to be able to relax a bit and also a good time to update everyone on the recent work. Most importantly the Kamabai Community Charging Station is up and running and has been formally handed ...','updates-from-kamabai','<p style=\"text-align: justify;\"><a href=\"http://www.energyforopportunity.org/wp-content/uploads/2010/03/PC-gets-to-digging-c.jpg\"><img class=\"alignright size-thumbnail wp-image-1466\" title=\"PC gets to digging - c\" src=\"http://www.energyforopportunity.org/wp-content/uploads/2010/03/PC-gets-to-digging-c-150x150.jpg\" alt=\"\" width=\"150\" height=\"150\" /></a>I\'m finally back in the office after almost three straight weeks of up-country work! Good to be able to relax a bit and also a good time to update everyone on the recent work. Most importantly the Kamabai Community Charging Station is up and running and has been formally handed over to the community by ENFO\'s Mohamed. I managed to get to the site last Sunday and they charged over 100 phones and rented out nearly ten lights that day alone, generating almost Le100000 for the community and starting the process of getting safe and clean solar power to the people. It was amazing to see the work that Mohamed, Jalloh and the community had done in such a short time. We are heading there in two weeks to check up on the system and monitor the day to day operations...but so far so good.</p>\n<p style=\"text-align: justify;\">From Kamabai I moved to our second site in Mattru Jong, Bonthe District. This was our first trip to the community so we weren\'t sure what to expect. Fortunately, a partner org, MCSL had done an excellent job of discussing the project with the community. The Chief and other members of the working committee were quickly on hand and after a quick tour and site inspection we got right to work. By the end of the second day the solar power had been installed, all the old faulty wiring had been removed and the main barri lights reinstalled. The two main people who will be running the station were with us from the start and seem to already have a good understanding of how the system operates. I <a href=\"http://www.energyforopportunity.org/wp-content/uploads/2010/03/Kiosk-market-solar-c1.jpg\"><img class=\"alignright size-thumbnail wp-image-1465\" title=\"Kiosk --- market --- solar - c\" src=\"http://www.energyforopportunity.org/wp-content/uploads/2010/03/Kiosk-market-solar-c1-150x150.jpg\" alt=\"\" width=\"150\" height=\"150\" /></a>left Mattru in the capable hands of Jalloh and he will be with them for the next two weeks, continuing the training and setting up the kiosk and charging station.</p>\n<p style=\"text-align: justify;\"></p>\n<p style=\"text-align: justify;\"></p>\n<p style=\"text-align: justify;\"></p>\n<p style=\"text-align: justify;\"></p>\n<p style=\"text-align: justify;\"></p>\n<p style=\"text-align: justify;\"></p>\n<p style=\"text-align: justify;\"></p>\n<p style=\"text-align: justify;\"></p>\n<p style=\"text-align: justify;\"></p>\n<p style=\"text-align: justify;\"></p>','2042-03-15 00:00:00','2010-03-22 05:33:36','2010-03-22 05:33:36',27,0,0,'','zinnia/entry_detail.html',0),(2,'2011-05-02 10:33:02',1,'','','Sierra Leone First Renewable Energy Forum','This past week Energy For Opportunity took part in Sierra Leone\'s first ever Renewable Energy Forum. The event was hosted by the Ministry of Energy and Water Resources and coincided with the official launching of Sierra Leone\'s Energy policy. Also in attendance at the forum were the Vice President of ...','sierra-leone-first-renewable-energy-forum','This past week Energy For Opportunity took part in Sierra Leone\'s first ever Renewable Energy Forum. The event was hosted by the Ministry of Energy and Water Resources and coincided with the official launching of Sierra Leone\'s Energy policy. Also in attendance at the forum were the Vice President of Sierra Leone, the Director General of UNIDO and representatives from the NGO, Private Sector and Education communities in Sierra Leone who are working in the solar electricity field. It was a very interactive and lively event and it should become a springboard for solar electricity to really move into the mainstream in Sierra Leone.','2042-03-15 00:00:00','2010-04-17 11:58:29','2010-04-17 11:58:29',28,0,0,'','zinnia/entry_detail.html',0),(2,'2011-05-02 10:33:02',1,'','','AusAID Project Equipment Arrives!','Our long awaited shipment for the AusAID project cleared the port last week and all our equipment is in Freetown and ready to be installed. This project will see us finishing the Hospital and Community Centre in Kamakwie and completing full installations at the Health Centre and Primary School in ...','ausaid-project-equipment-arrives','Our long awaited shipment for the AusAID project cleared the port last week and all our equipment is in Freetown and ready to be installed. This project will see us finishing the Hospital and Community Centre in Kamakwie and completing full installations at the Health Centre and Primary School in Kamalo. Both of these towns are in Northern Bombali District and far removed from any grid connections. This is a very exciting and valuable project as the Hospital in Kamakwie is a vital resource for much of the north of the country, serving as a regional hospital for almost 100,000 residents. Check back for more announcements on this project and look for another live Facebook event to go with it.','2042-03-15 00:00:00','2010-04-17 12:14:24','2010-04-17 12:14:24',29,0,0,'','zinnia/entry_detail.html',0),(2,'2011-05-02 10:33:02',1,'','','Koindu Town, Kailahun','Greetings from Koindu Town...sorry no map but it is wedged in this slit of Sierra Leone that juts out into Liberia and Guinea. An absolutely beautiful place...bit tricky to get to though. We have just wrapped up a training session and installation with a local youth group called PVK, who ...','koindu-town-kailahun','Greetings from Koindu Town...sorry no map but it is wedged in this slit of Sierra Leone that juts out into Liberia and Guinea. An absolutely beautiful place...bit tricky to get to though. We have just wrapped up a training session and installation with a local youth group called PVK, who are installing solar power at their youth centre in support of an upcoming library project. It has been a tough trip, full of small and big challenges but in the end it all came together ( as it does here) and light has come to the town. Heading back to Freetown tomorrow, if the road allows us, to start planning for the AusAID installations.','2042-03-15 00:00:00','2010-04-21 21:52:47','2010-04-21 21:52:47',30,0,0,'','zinnia/entry_detail.html',0),(2,'2011-05-02 10:33:02',1,'','','Outback Power and BP Solar Donations','This is actually a bit of a late announcement but we have been fortunate to receive product donations from both BP Solar (http://www.bp.com/modularhome.do?categoryId=8050&amp;contentId=7035481) and Outback Power (http://outbackpower.com/) in support of our work in the Senior Secondary Schools in Bombali District. BP Solar has made the donation through its quarterly module ...','outback-power-and-bp-solar-donations','This is actually a bit of a late announcement but we have been fortunate to receive product donations from both BP Solar (<a href=\"http://www.bp.com/modularhome.do?categoryId=8050&amp;contentId=7035481\">http://www.bp.com/modularhome.do?categoryId=8050&amp;contentId=7035481</a>) and Outback Power (<a href=\"http://outbackpower.com/\">http://outbackpower.com/</a>) in support of our work in the Senior Secondary Schools in Bombali District.\n\nBP Solar has made the donation through its quarterly module donation programme . A total of six, 220W panels have been donated and will be installed at one of the schools in the next few months, providing lighting and power for future computer labs. The modules are en-route now and we are hoping to have them installed in time for the standardised tests at the end of the school year.\n\nOut back Power Systems has come forward with an incredible donation of two, FX2024 (2000W) inverters, one MX60 charge controller and also allowed us to purchase the balance of system components at close to cost price, enabling us to buy all the necessary circuit breakers and other accessories for the systems. It was an extremely generous donation and combined with the BP solar panels, almost completes the first school system(either Kamabai or Gbendembu) and gets us started on the second! These have also reached our shipper in the USA and will soon be in transit to Sierra Leone.\n\nIt is through this kind of support that we can keep building the programme. We still need to raise another $5000 to buy the electrical cables, batteries and other accessories for the first school installation but this certainly moves us much closer to our target.','2042-03-15 00:00:00','2010-04-23 18:56:30','2010-04-23 18:56:30',31,0,0,'','zinnia/entry_detail.html',0),(2,'2011-05-02 10:33:02',1,'','','Kamakwie and Kamalo: Phase II','We are heading up-country again on Monday to finish the AusAID project. This will be another tough week of work but is going to result in four high impact installations; Kamakwie Hospital, Kamakwie Community Centre, Kamalo Health Centre and Kamalo Islamic Primary School. It is also a chance to get ...','kamakwie-and-kamalo-phase-ii','We are heading up-country again on Monday to finish the AusAID project. This will be another tough week of work but is going to result in four high impact installations; Kamakwie Hospital, Kamakwie Community Centre, Kamalo Health Centre and Kamalo Islamic Primary School. It is also a chance to get four of our new batch of students up-country and get them some solid field and practical experience. If you are interested in tracking the event you can follow it through our facebook event at <a href=\"http://www.facebook.com/photo_search.php?oid=115004298532572&amp;view=user#!/event.php?eid=115004298532572\">http://www.facebook.com/photo_search.php?oid=115004298532572&amp;view=user#!/event.php?eid=115004298532572</a>','2042-03-15 00:00:00','2010-05-01 15:03:34','2010-05-01 15:03:34',32,0,0,'','zinnia/entry_detail.html',0),(2,'2011-05-02 10:33:02',1,'','','Kamakwie revisited','I just got back from another up-country trip, which included two more installations in Kamakwie and our first two in Kamalo. Adding to our previous work in Kamakwie we finished installations at the hospital and the community centre/town hall. We were there for a couple of days and it also ...','kamakwie-revisited','I just got back from another up-country trip, which included two more installations in Kamakwie and our first two in Kamalo. Adding to our previous work in Kamakwie we finished installations at the hospital and the community centre/town hall. We were there for a couple of days and it also gave me the chance to stop by the orphanage and school to see how the systems were performing and more importantly if they were being used and what impact they were having.\n\nAt the orphanage everything was working smoothly and although the rains have started and the power is less, the staff have figured out how to manage it effectively and were rationing the power to ensure it was there when needed. The panels were still being washed and the computer lab Yossi set up was being used by the children for watching films, learning basic programmes and also for photo editing!\n\nWe also stopped over at the school unannounced one evening to see how things were going there. We had heard that there had been some developments but were shocked by the activities! The school has organised a series of night classes for both the JSS and SSS students and they are being taught and attended daily. It is also time for the WASC exam, the standardised test students sit prior to going to university or post secondary school. Between the classes and students studying for the WASC there were at least 200 students on campus spread out in six of the classrooms. I talked to Mr. Conteh, the Principal and he also informed me that afternoon computer classes were scheduled to start this week and all the task lights Leslie had bought for the school had been bought by staff and students and they were ready to place an additional order. Perhaps even more important than these quantifiable actions, there was a noticeable excitement and pride among the staff and students in their school and the opportunity that the solar power had provided.','2042-03-15 00:00:00','2010-05-07 09:08:45','2010-05-07 09:08:45',33,0,0,'','zinnia/entry_detail.html',0),(2,'2011-05-02 10:33:02',1,'','','Energy For Opportunity...back in the Lakka community','After a tough week of up-country work a relaxing week of office work would have made sense to most. We decided it was a better idea to get back into the community and do some work in Lakka. The Community Centre was recently renovated and expanded so it seemed like ...','energy-for-opportunityback-in-the-lakka-community','After a tough week of up-country work a relaxing week of office work would have made sense to most. We decided it was a better idea to get back into the community and do some work in Lakka. The Community Centre was recently renovated and expanded so it seemed like the ideal time to hold a training session for ten community members and also redo and improve the old solar electricity system that was there. So starting at 8am tomorrow we will be live in Lakka, training and installing!','2042-03-15 00:00:00','2010-05-11 19:40:54','2010-05-11 19:40:54',34,0,0,'','zinnia/entry_detail.html',0),(2,'2011-05-02 10:33:02',1,'','','Go East Young Man','EFO is branching out and heading on a two week trip to Kenya and Malawi. Although our focus is on West Africa, these two programmes are so important and aligned with our own goals that we decided to leave our home base. We have been invited by the International Finance ...','go-east-young-man','EFO is branching out and heading on a two week trip to Kenya and Malawi. Although our focus is on West Africa, these two programmes are so important and aligned with our own goals that we decided to leave our home base.\n\nWe have been invited by the International Finance Corporation to attend the 2010 Lighting Africa Conference in Nairobi as a product judge. This is the third LA Conference and brings together most, if not all, of the major players working on finding lighting and other energy solutions for rural Africa. The last two events have been excellent and it is an incredible opportunity to meet with others working in the same field, get new ideas a see new products.<a href=\"http://www.lightingafrica.org/\">http://www.lightingafrica.org/</a>\n\nFrom Nairobi we are off to Malawi to work with an organisation called Light Up Malawi, <a href=\"http://lightupmalawi.org/\">http://lightupmalawi.org/</a> Light Up Malawi is a young organisation like EFO and has similar goals and ideas about the potential of solar power in supporting rural Africa. We will be running some training sessions for communities they plan on working with and providing any support and advice we can along the way.\n\nWe will be posting photos and updates on the facebook page throughout the next two weeks. <a href=\"http://www.facebook.com/group.php?gid=60927992298#!/group.php?gid=60927992298\">http://www.facebook.com/group.php?gid=60927992298#!/group.php?gid=60927992298</a>','2042-03-15 00:00:00','2010-05-17 13:37:58','2010-05-17 13:37:58',35,0,0,'','zinnia/entry_detail.html',0),(2,'2011-05-02 10:33:02',1,'','','Lighting Africa 2010','Well...the Lighting Africa 2010 Conference has come to an end. It was an excellent three days of presentations and meetings with a group of dedicated and vibrant people doing much the same work as EFO, although with slightly different motives and goals. This is the third time I have come ...','lighting-africa-2010','<span style=\"font-weight: normal;\">Well...the Lighting Africa 2010 Conference has come to an end. It was an excellent three days of presentations and meetings with a group of dedicated and vibrant people doing much the same work as EFO, although with slightly different motives and goals. This is the third time I have come to this conference(IFC guest this year) and it is amazing to see how big it has become and how far products and models have improved. It is also interesting to see how finance and marketing have started moving into the conversation, indicating the sophistication that the industry is reaching. There should be some serious movement in the next year and I expect to see some real leaps forward. I\'m off to Malawi tomorrow for a week of training and installation work with Light Up Malawi...check back for updates.</span>','2042-03-15 00:00:00','2010-05-20 15:28:28','2010-05-20 15:28:28',36,0,0,'','zinnia/entry_detail.html',0),(2,'2011-05-02 10:33:02',1,'','','Princeton Intern - Kamakwie Computer Training','We were recently joined by Nizette Edwards, an intern from Princeton who will be working with EFO until early August. It is a bit of a challenging time to come to Salone as the rains make travel hard and bring a general slowdown to the country. Despite that we wasted ...','princeton-intern-kamakwie-computer-training','<a href=\"http://www.energyforopportunity.org/wp-content/uploads/2010/06/Nizette-Intro1.jpg\"><img class=\"alignright size-medium wp-image-1513\" title=\"Nizette - Intro#1\" src=\"http://www.energyforopportunity.org/wp-content/uploads/2010/06/Nizette-Intro1-300x225.jpg\" alt=\"\" width=\"300\" height=\"225\" /></a>We were recently joined by Nizette Edwards, an intern from Princeton who will be working with EFO until early August. It is a bit of a challenging time to come to Salone as the rains make travel hard and bring a general slowdown to the country. Despite that we wasted no time putting her to work!  For the first month she will be based in Kamakwie and be working at the Secondary School, a site of a previous EFO installation. The McKeons, the same people who funded the solar work have also provided some computers, a printer and a three month internet connection for the school. Nizette will be working with the teachers and administration to train staff, develop courseware and modify the schedule so that computer classes will be available for the 2010-2011 school year...tough work but I am sure she is up for it!','2042-03-15 00:00:00','2010-06-14 09:55:35','2010-06-14 09:55:35',37,0,0,'','zinnia/entry_detail.html',0),(2,'2011-05-02 10:33:02',1,'','','St. Martins Orphanage ','After being stuck in the office we managed to get back in the field. On this trip we finished the electrical installation at the St. Martin\'s Orphanage in Port Loko. The installation was done with four students EFO had trained through the programme at GTI. The children and staff at ...','st-martins-orphanage','<h3><span style=\"font-weight: normal;\">\n</span></h3>\n<img class=\"alignright size-medium wp-image-1521\" title=\"Emily - trunking\" src=\"http://www.energyforopportunity.org/wp-content/uploads/2010/07/Emily-trunking-300x225.jpg\" alt=\"\" width=\"300\" height=\"225\" /><span style=\"font-size: medium;\">After being stuck in the office we managed to get back in the field. On this trip we finished the electrical installation at the St. Martin\'s Orphanage in Port Loko. The installation was done with four students EFO had trained through the programme at GTI. The children and staff at the Orphanage also helped with the small-small work like digging, fetching water and transporting the materials.</span>\n\nPosted by Mohamed Kabba Turay\n\n<span style=\"font-size: medium;\"><span>\n</span></span>\n\n<span style=\"font-size: medium;\"><span><strong><span style=\"font-size: small;\"><span style=\"font-weight: normal;\">\n</span></span></strong></span></span>\n\n<span style=\"font-size: medium;\"><span>\n</span></span>','2042-03-15 00:00:00','2010-07-09 15:48:02','2010-07-09 15:48:02',38,0,0,'','zinnia/entry_detail.html',0),(2,'2011-05-02 10:33:02',1,'','','San Francisco learns about EFO!','On July 13th, 2010, Energy for Opportunity was invited to present about our work to \"SF Energy Discuss\" - a regular meetup of people in the Bay Area who work, research or are generally interested in energy. I presented on behalf us to a room full of energy specialists eager ...','san-francisco-learns-about-efo','On July 13th, 2010, Energy for Opportunity was invited to present about our work to \"SF Energy Discuss\" - a regular meetup of people in the Bay Area who work, research or are generally interested in energy.\n\nI presented on behalf us to a room full of energy specialists eager all to learn about what is involved when undertaking power installation projects in West Africa, and what it means to bring cheap reliable electricity and lighting to communities for the first time.\n\nYou can see the presentation on slideshare:\n<a href=\"http://www.slideshare.net/wwrob/solar-in-west-africa-projects-and-goals-of-energy-for-opportunity\">http://www.slideshare.net/wwrob/solar-in-west-africa-projects-and-goals-of-energy-for-opportunity</a>\n\nThank you to everyone who came along!\n\n- Rob','2042-03-15 00:00:00','2010-07-16 05:48:36','2010-07-16 05:48:36',39,0,0,'','zinnia/entry_detail.html',0),(2,'2011-05-02 10:33:02',1,'','','Sierra Leone Solar Power Documentary','Short documentary about AusAID funded EFO project conducted in Sierra Leone:','sierra-leone-solar-power-documentary','Short documentary about AusAID funded EFO project conducted in Sierra Leone:\n\n<object width=\"640\" height=\"385\"><param name=\"movie\" value=\"http://www.youtube.com/v/WON3XvKjisw&amp;hl=en_US&amp;fs=1\"></param><param name=\"allowFullScreen\" value=\"true\"></param><param name=\"allowscriptaccess\" value=\"always\"></param><embed src=\"http://www.youtube.com/v/WON3XvKjisw&amp;hl=en_US&amp;fs=1\" type=\"application/x-shockwave-flash\" allowscriptaccess=\"always\" allowfullscreen=\"true\" width=\"640\" height=\"385\"></embed></object>','2042-03-15 00:00:00','2010-08-06 08:07:08','2010-08-06 08:07:08',40,0,0,'','zinnia/entry_detail.html',0),(2,'2011-05-02 10:33:02',1,'','','EFO and EWB - Kono Clinic','EFO, in conjuction with Engineers Without Borders-Princeton, recently installed solar electricity system at an Amputee Clinic in Sena Town, Kono District.The clinic is sponsored by the National Organization For Welbody (NOW) and the solar electricity system was funded through efforts of EWB. The system consisted of a 2100watt array, which ...','efo-and-ewb-kono-clinic','<p style=\"text-align: justify;\">EFO, in conjuction with Engineers Without  Borders-Princeton, recently installed solar electricity <a href=\"http://www.energyforopportunity.org/wp-content/uploads/2010/08/101.jpg\"><img class=\"alignright size-thumbnail wp-image-1544\" title=\"Sun down\" src=\"http://www.energyforopportunity.org/wp-content/uploads/2010/08/101-150x150.jpg\" alt=\"\" width=\"150\" height=\"150\" /></a>system at an  Amputee Clinic in Sena Town, Kono District.The clinic is sponsored by  the National Organization For Welbody (NOW) and the solar electricity  system was funded through efforts of EWB. The system consisted of a 2100watt  array, which is the biggest system installed by Energy For Opportunity  and likely the bigest solar electricity system in Sierra Leone. EFO  supported the project through design, procurement, local logistics and  technical oversite of the installation. Students from GTI training  programme also participated in the project.</p>\n<p style=\"text-align: justify;\">For photos from the installation, follow this link to our facebook page, <a href=\"http://www.facebook.com/photo_search.php?oid=60927992298&amp;view=all\">http://www.facebook.com/photo_search.php?oid=60927992298&amp;view=all</a></p>\n<p style=\"text-align: justify;\"></p>','2042-03-15 00:00:00','2010-08-17 17:07:18','2010-08-17 17:07:18',41,0,0,'','zinnia/entry_detail.html',0),(2,'2011-05-02 10:33:02',1,'','','St Martin\'s Orphanage - Port Loko','Happy to announce that EFO has finally finished the solar installation at St. Martin\'s Orphanage in Port Loko. Sheka, Idrissa and I did the installation with the help of the children and staff. Emily, who is the coordinator and the children at the Orphanage were dancing the first day we ...','st-martins-orphanage-port-loko','<img class=\"alignright size-thumbnail wp-image-1559\" title=\"GE DIGITAL CAMERA\" src=\"http://www.energyforopportunity.org/wp-content/uploads/2010/08/9-Emily-Mr.-Peter-and-Children1-150x150.jpg\" alt=\"\" width=\"150\" height=\"150\" />\n\nHappy to announce that EFO has finally finished the solar installation at St. Martin\'s Orphanage in Port Loko. Sheka, Idrissa and I did the installation with the help of the children and staff. Emily, who is thecoordinator and the children at the Orphanage were dancing the first day we switched on the light. According to them life is now fine because they study at night under the clean light and drink cool water from the solar fridge. Special thanks to Mark Arts at the Art Foundation who sponsored this project! Posted by Mohamed Kabba Turay.','2042-03-15 00:00:00','2010-08-25 18:18:43','2010-08-25 18:18:43',42,0,0,'','zinnia/entry_detail.html',0),(2,'2011-05-02 10:33:03',1,'','','EFO helping in Haiti','For the first 6 months of 2010 I worked on crisis response in Haiti, helping to plan and manage Mission 4636, a text-message based emergency response and reporting system. I coordinated the translation, geolocation and categorization of emergency text messages sent in Haiti in the wake of January 12, 2010 ...','efo-helping-in-haiti','<img style=\"float: right; width: 300px;\" src=\"http://www.robertmunro.com/mission4636.jpg\" alt=\"\" />For the first 6 months of 2010 I worked on crisis response in Haiti, helping to plan and manage <a href=\"http://ww.mission4636.org\" target=\"_blank\">Mission 4636</a>, a text-message based emergency response and reporting system.\n\nI coordinated the translation, geolocation and categorization\nof emergency text messages sent in Haiti in the wake of January 12, 2010 earthquake. This was the first step in the only emergency response service available to people within Haiti during this critical period. When not working with EFO I am a graduate fellow at Stanford, where I research methods for processing large volumes of short messages in less-widely spoken languages and crowdsourcing technologies for language processing. This experience, combined with my development work with EFO, proved vital here. The primary emergency responders were the US Military, who for the most  part did not speak Haitian Kreyol or know the locations of addresses in  Haiti. Working with two other organizations that had their starts in Africa, <a href=\"http://medic.frontlinesms.com/\">FrontLineSMS</a> and <a href=\"http://www.ushahidi.org\">Ushahidi</a>, we designed a system that allowed volunteers from anywhere in the world to come online and translate, geolocate and categorize emergency messages in real-time.\n\nThis allowed us to turn raw text in Haitian Kreyol into categorized English messages with precise coordinates,\nwith an average turnaround of about 10 minutes. According to the responders this saved hundreds of lives and directed the first aid to tens of thousands. The mapping component of our service, hosted by Ushahidi,\nquickly became the most reliable source of real-time crisis data.\n\nI worked with more than 1000 volunteers in the first weeks alone - incredible, dedicated people working day and night to help, and helped coordinate the transfer to the long term technological and staffing partners, <a href=\"http://crowdflower.com\">CrowdFlower</a> and <a href=\"http://www.samasource.com\">Samasource</a>. This system has now stabilized to become part of Haiti\'s long-term emergency reporting service, creating employment in the country while continuing to serve its population.','2042-03-15 00:00:00','2010-09-13 18:19:06','2010-09-13 18:19:06',43,0,0,'','zinnia/entry_detail.html',0),(2,'2011-05-02 10:33:03',1,'','','Outamba Kilimi National Park and Tambakka Chiefdom','In late September EFO staff headed north into the remote villages of the Tambakka chiefdom in the Outamba Kilimi National Park area to undertake site evaluations and assessments that will inform the development of a joint proposal to expand the Community Charging Station Programme and install solar power in existing ...','outamba-kilimi-national-park-and-tambakka-chiefdom','<img class=\"alignright size-medium wp-image-1580\" title=\"Tambakka\" src=\"http://www.energyforopportunity.org/wp-content/uploads/2010/10/Tambakka-300x225.jpg\" alt=\"\" width=\"300\" height=\"225\" />In late September EFO staff headed north into the remote villages of the Tambakka chiefdom in the Outamba Kilimi National Park area to undertake site evaluations and assessments that will inform the development of a joint proposal to expand the Community Charging Station Programme and install solar power in existing OKNP and STEWARD infrastructure. In conjunction with the site evaluations Ame and Mohamed conducted community engagement sessions with 277 people across the 6 villages and collected preliminary data regarding the use of fuels for cooking and lighting in the chiefdom. The research has indicated that contrary to popular belief and the most recent Sierra Leone Integrated Household Survey Report (2007) battery operated torches are the primary sources of fuel for lighting in this remote area and not kerosene. Fuel wood for cooking is sourced from a radius of between 1-4 miles from each of the village centres. The research was made possible with the financial assistance of Sustainable and Thriving Environments for West African Regional Development (STEWARD).','2042-03-15 00:00:00','2010-10-17 01:05:43','2010-10-17 01:05:43',44,0,0,'','zinnia/entry_detail.html',0),(2,'2011-05-02 10:33:03',1,'','','Kamabai Secondary School','This week ENFO engaged the students, staff and Principal of Kamabai Senior Secondary School in interviews and Focus Group Discussions to assist in the evaluation of the second round of solar installations completed in September. The participants have indicated that the solar light installed in the school will bring a ...','kamabai-secondary-school','<a href=\"http://www.energyforopportunity.org/wp-content/uploads/2010/10/Kamabai-Students1.jpg\"><img class=\"alignright size-medium wp-image-1587\" title=\"Kamabai Students\" src=\"http://www.energyforopportunity.org/wp-content/uploads/2010/10/Kamabai-Students1-300x168.jpg\" alt=\"\" width=\"338\" height=\"189\" /></a>This week ENFO engaged the students, staff and Principal of Kamabai Senior Secondary School in interviews and Focus Group Discussions to assist in the evaluation of the second round of solar installations completed in September. The participants have indicated that the solar light installed in the school will bring a number of economic benefits for the schools administration, teachers and students alike, as well as increasing the safety and security around the school and replacing the schools reliance on petrol fuelled generators.\n\nThe feedback reinforces the findings of previous evaluations undertaken in Kamakwie following the installation of a similar lighting system in the Wesleyan Senior Secondary Secondary there, indicating that staff and students expect the lights will improve overall performance in the BECE and the WASSCE as students will be able to safely study in the school at night, where they have access to text books.\n\nThe system has been an exciting development for the students as the majority do not have electricity in their homes. As one junior school student informed us the solar lights are now her favourite part of the school because when we come to school and the weather and big storms are all dark we can go into the hall and continue our work.','2042-03-15 00:00:00','2010-10-17 01:11:08','2010-10-17 01:11:08',45,0,0,'','zinnia/entry_detail.html',0),(2,'2011-05-02 10:33:03',1,'','','Kamakwie SSS - Computer Lab','EFO recently returned to Kamakwie Senior Secondary School where Students and staff participated in two weeks of computer classes with EFO volunteer Dan Peade in the Computer Lab EFO helped establish earlier this year. The basic computer course was a follow up to teaching previously undertaken by EFO Princeton Intern ...','kamakwie-sss-computer-lab','<img class=\"alignright size-medium wp-image-1592\" title=\"Dan - Kamakwie\" src=\"http://www.energyforopportunity.org/wp-content/uploads/2010/10/Dan-Kamakwie-300x225.jpg\" alt=\"\" width=\"300\" height=\"225\" />EFO recently returned to Kamakwie Senior Secondary School where Students and staff participated in two weeks of computer classes with EFO volunteer Dan Peade in the Computer Lab EFO helped establish earlier this year. The basic computer coursewas a follow up to teaching previously undertaken by EFO Princeton Intern Nizette Edwards. The course aimed at providing both teachers and senior secondary students with both basic computer skills and the means by which to teach these skills to others. Competencies included: Shutting down The Computer, Understanding and organizing the Desktop, Selecting, Dragging and dropping,Scrolling, Navigating the file system, Windows Explorer, Creating, Renaming and Deleting Folders, Recycle Bin, Copy, Paste and Move files, Save, Undo and Formatting text. In addition to teaching the course Dan also worked with the students and staff to extend the wireless network- establishing an internet connection on 3 computers in the lab.','2042-03-15 00:00:00','2010-10-17 01:14:17','2010-10-17 01:14:17',46,0,0,'','zinnia/entry_detail.html',0),(2,'2011-05-02 10:33:03',1,'','','Kailahun Government Hospital','Energy For Opportunity is heading to Kailahun today to start work on one of our most exciting projects to date. The Government of Sierra Leone has decided to implement solar electricity at four pilot sites across the country with the long term plan to install solar electricity at all 21 ...','kailahun-government-hospital','Energy For Opportunity is heading to Kailahun today to start work on one of our most exciting projects to date. The Government of Sierra Leone has decided to implement solar electricity at four pilot sites across the country with the long term plan to install solar electricity at all 21 government run Hospitals. EFO will be leading the installation teams at two of the sites, Kailahun and Rokupa (Freetown). Phase I, consisting of the upgrading of the compound electrical systems will go on for the next two weeks and the solar installation will follow in early December. In addition to solar power, both EFO facilities will be utilising high efficiency LED lighting...making the two sites some of the most advanced in the world regarding energy production and consumption!  ','2042-03-15 00:00:00','2010-11-04 10:29:37','2010-11-04 10:29:37',47,0,0,'','zinnia/entry_detail.html',0),(2,'2011-05-02 10:33:03',1,'','','Koinadugu District Planning Trip','EFO staff spent last week on the back of Motorcycles in North Eastern Sierra Leone collecting information to inform the 3 year program plan for Koinadugu district. Aside from identifying a number of chiefdom headquarters town who will be perfect for Community charging stations, the team also identified Secondary schools ...','koinadugu-district-planning-trip','<a href=\"http://www.energyforopportunity.org/wp-content/uploads/2010/11/Jalloh-SSS1.jpg\"><img class=\"alignright size-full wp-image-1610\" title=\"Jalloh - SSS\" src=\"http://www.energyforopportunity.org/wp-content/uploads/2010/11/Jalloh-SSS1.jpg\" alt=\"\" width=\"195\" height=\"130\" /></a>EFO staff spent last week on the back of Motorcycles in North Eastern Sierra Leone collecting information to inform the 3 year program plan for Koinadugu district. Aside from identifying a number of chiefdom headquarters town who will be perfect for Community charging stations, the team also identified Secondary schools and Community Health Centres that would benefit from solar installations. The three year plan is in the final stages of completion and our legs have finally recovered from 3 days on motorbikes.','2042-03-15 00:00:00','2010-11-04 10:44:01','2010-11-04 10:44:01',48,0,0,'','zinnia/entry_detail.html',0),(2,'2011-05-02 10:33:03',1,'','','EFO presents its education research at African Studies conference in Melbourne','On the 3rd of December 2010, Energy For Opportunity presented its recent research on the impacts of Solar and ICT intervention on rural education in Sierra Leone at the African Studies Association of Australasia and the Pacific (AFSAAP) Conference at Victoria University in Melbourne. Below is a copy of powerpoint ...','efo-presents-its-education-research-at-african-studies-conference-in-melbourne','On the 3rd of December 2010, Energy For Opportunity presented its recent research on the impacts of Solar and ICT intervention on rural education in Sierra Leone at the <a href=\"http://www.afsaap.org.au/\">African Studies Association of Australasia and the Pacific</a> (AFSAAP) Conference at Victoria University in Melbourne. Below is a copy of powerpoint slides - the research will be written up in article format early next year: \n\n<div style=\"width:425px\" id=\"__ss_6157887\"><strong style=\"display:block;margin:12px 0 4px\"><a href=\"http://www.slideshare.net/PaulMunro/solar-power-ict-impacts-on-education-in-sierra-leone\" title=\"Solar Power / ICT impacts on Education in Sierra Leone\">Solar Power / ICT impacts on Education in Sierra Leone</a></strong><object id=\"__sse6157887\" width=\"425\" height=\"355\"><param name=\"movie\" value=\"http://static.slidesharecdn.com/swf/ssplayer2.swf?doc=afsaapefoeducation-101214054429-phpapp02&stripped_title=solar-power-ict-impacts-on-education-in-sierra-leone&userName=PaulMunro\" /><param name=\"allowFullScreen\" value=\"true\"/><param name=\"allowScriptAccess\" value=\"always\"/><embed name=\"__sse6157887\" src=\"http://static.slidesharecdn.com/swf/ssplayer2.swf?doc=afsaapefoeducation-101214054429-phpapp02&stripped_title=solar-power-ict-impacts-on-education-in-sierra-leone&userName=PaulMunro\" type=\"application/x-shockwave-flash\" allowscriptaccess=\"always\" allowfullscreen=\"true\" width=\"425\" height=\"355\"></embed></object><div style=\"padding:5px 0 12px\">View more <a href=\"http://www.slideshare.net/\">presentations</a> from <a href=\"http://www.slideshare.net/PaulMunro\">Paul Munro</a>.</div></div>','2042-03-15 00:00:00','2010-12-14 11:58:17','2010-12-14 11:58:17',49,0,0,'','zinnia/entry_detail.html',0),(2,'2011-05-02 10:33:03',1,'','','EFO a winner again in the Africa Rural Connect Competition','Energy For Opportunity was recently announced as a winner in the 4th and final round of the 2010 Africa Rural Connect competition, run by the National Peace Corp Association, in the process being awarded US1,000. This is the second time that EFO has been a winner in the Africa Rural ...','efo-a-winner-again-in-the-africa-rural-connect-competition','<p style=\"text-align: justify;\"><a href=\"http://www.energyforopportunity.org/wp-content/uploads/2010/12/Africa-Rural-Connect.jpg\"><img class=\"alignright size-full wp-image-1622\" title=\"Africa Rural Connect\" src=\"http://www.energyforopportunity.org/wp-content/uploads/2010/12/Africa-Rural-Connect.jpg\" alt=\"\" width=\"365\" height=\"148\" /></a></p>\n<p style=\"text-align: justify;\">Energy For Opportunity was recently announced as a winner in the 4th and final round of the <a href=\"http://arc.peacecorpsconnect.org/ContestWinners\" target=\"_blank\">2010 Africa Rural Connect competition</a>, run by the <a href=\"http://www.peacecorpsconnect.org/\">National Peace Corp Association</a>, in the process being awarded US1,000.</p>\n<p style=\"text-align: justify;\">This is the second time that EFO has been a winner in the Africa Rural Connect competition, also being a prize winner in the 1st round of the competition in 2009. We are now in the running to win a further US$12,000; the overall annual prize.</p>\n<p style=\"text-align: justify;\">A big thank you to everybody for all of their support!</p>','2042-03-15 00:00:00','2010-12-17 05:03:02','2010-12-17 05:03:02',50,0,0,'','zinnia/entry_detail.html',0),(2,'2011-05-02 10:33:03',1,'','','New York Times Article - Impact Of Small Scale Solar','Here is an interesting article on the impacts of small scale solar electricity systems in rural Kenya. These systems are very, very similar to ones we have tried in Sierra Leone and we have seen many of the same results. The situation is a bit trickier here in that the ...','new-york-times-article-impact-of-small-scale-solar','Here is an interesting article on the impacts of small scale solar electricity systems in rural Kenya. These systems are very, very similar to ones we have tried in Sierra Leone and we have seen many of the same results. The situation is a bit trickier here in that the rural population tends to have less and more seasonal income than Kenya but there are other less expensive, two light systems that fill that gap. One of the very insightful things from the article is that the system was bought primarily to charge the household mobile phone and lighting was secondary! Once again we have seen similar things here and are trying to utilise that as a way to spur small scale businesses in these communities, while also highlighting the costs savings, compared to kerosene, candles, and battery based lighting that these systems offer. Without any overstatement, these systems really are kicking off a revolution in how rural lighting and power can be provided! \n\nhttp://mobile.nytimes.com/article?a=719675&f=110','2042-03-15 00:00:00','2010-12-28 11:18:00','2010-12-28 11:18:00',51,0,0,'','zinnia/entry_detail.html',0),(2,'2011-05-02 10:33:03',1,'','','Forbes Blog Post on Energy For Opportunity\'s Work','Forbes recently held an interview with Energy For Opportunity\'s Director Simon Willans. The online post came out on January 31st and highlights some of the work EFO is doing in Sierra Leone. http://blogs.forbes.com/helencoster/2011/01/31/forget-the-grid-can-solar-power-light-africa/','forbes-blog-post-on-energy-for-opportunitys-work','Forbes recently held an interview with Energy For Opportunity\'s Director Simon Willans. The online post came out on January 31st and highlights some of the work EFO is doing in Sierra Leone.\n\nhttp://blogs.forbes.com/helencoster/2011/01/31/forget-the-grid-can-solar-power-light-africa/','2042-03-15 00:00:00','2011-02-01 18:39:16','2011-02-01 18:39:16',52,0,0,'','zinnia/entry_detail.html',0),(2,'2011-05-02 10:33:03',1,'','','Koinadugu District - Water Pumping and Irrigation','Energy For Opportunity recently returned from a visit to a new project in the villages of Kasumpe and Kamaso, Koinadugu District where we have teamed up with Travis Wilkins, a friend of EFO from his time in Sierra Leone, to implement a water pumping and irrigation pilot. Typically, Sierra Leone ...','koinadugu-district-water-pumping-and-irrigation','<p style=\"text-align: justify;\"></p>\n<p style=\"text-align: justify;\">Energy For Opportunity recently returned from a visit to a new project in the villages of Kasumpe and Kamaso, Koinadugu District where we have teamed up with Travis Wilkins, a friend of EFO from his time in Sierra Leone, to implement a water pumping and irrigation pilot. Typically, Sierra Leone has one growing season and this leads to some hard times before harvest. By introducing the water pumping/irrigation we are hoping to add additional growing opportunities during the dry season and also expand the amount of land that can be farmed by moving away from time consuming hand watering. The initial funds are also being used to buy seeds for high value vegetable crops such as carrots, cabbage and peppers which can bring in substantial revenue to the farmers. The project is being supported through Travis\'s own hard work and donations from friends and family, with EFO helping with the technical side of things and also managing the overall project. It is just in the very early stages but things are off to a good start, with a strong and eager team on the ground!<a href=\"http://www.energyforopportunity.org/wp-content/uploads/2011/02/16-Sign-12.jpg\"><img class=\"aligncenter size-medium wp-image-1644\" title=\"Koinadugu\" src=\"http://www.energyforopportunity.org/wp-content/uploads/2011/02/16-Sign-12-300x225.jpg\" alt=\"\" width=\"300\" height=\"225\" /></a><a href=\"http://www.energyforopportunity.org/wp-content/uploads/2011/02/3-AKK-happy-with-the-work-3.jpg\"><img class=\"aligncenter size-medium wp-image-1650\" title=\"Working\" src=\"http://www.energyforopportunity.org/wp-content/uploads/2011/02/3-AKK-happy-with-the-work-3-300x225.jpg\" alt=\"\" width=\"300\" height=\"225\" /></a><a href=\"http://www.energyforopportunity.org/wp-content/uploads/2011/02/5-Cabbage.jpg\"><img class=\"size-medium wp-image-1647 aligncenter\" title=\"Cabbages\" src=\"http://www.energyforopportunity.org/wp-content/uploads/2011/02/5-Cabbage-300x225.jpg\" alt=\"\" width=\"300\" height=\"225\" /></a></p>','2042-03-15 00:00:00','2011-02-09 17:49:28','2011-02-09 17:49:28',53,0,0,'','zinnia/entry_detail.html',0),(2,'2011-05-02 10:33:03',1,'','','2010 Annual Report','Energy For Opportunity is excited to announce the release of its 2010 Annual Report. It details all of our work with solar power in West Africa from our first ever project in late 2009 and all of our projects completed since then until the end of 2010. We have achieved ...','2010-annual-report','<p style=\"text-align: center;\">Energy For Opportunity is excited to announce the release of its 2010 Annual Report. It details all of our work with solar power in West Africa from our first ever project in late 2009 and all of our projects completed since then until the end of 2010. We have achieved a lot in such a short space of time and we would like to say thanks to all of those that have supported us along the way. We hope to see EFO\'s work grow rapidly in the next few years and make great achievements beyond our wildest imaginations. Finally, a big thank you must also go out to EFO Australian Board member Am Christiansen, for all of her hard work in putting this Report together.</p>\n<p style=\"text-align: center;\">Click <a href=\"http://tinyurl.com/EFOAnnualReport2010\" target=\"_blank\">here</a> to view the report.</p>\n<p style=\"text-align: center;\"><a href=\"http://tinyurl.com/EFOAnnualReport2010\" target=\"_blank\"><img class=\"size-full wp-image-1662 aligncenter\" title=\"EFO Annual Report 2010\" src=\"http://www.energyforopportunity.org/wp-content/uploads/2011/02/EFO-Annual-Report-2010.jpg\" alt=\"\" width=\"385\" height=\"499\" /></a></p>','2042-03-15 00:00:00','2011-02-19 03:42:23','2011-02-19 03:42:23',54,0,0,'','zinnia/entry_detail.html',0),(2,'2011-05-02 10:33:03',1,'','','Gbendembu Secondary School Installation','After the Christmas break and into the New Year with a lot of administrative work EFO staff have completed an electrical wiring at the Baptist Senior Secondary School in Gbendembu, Gbendembu Ngowahun, Bombali District, Sierra Leone. This will save time and reduce the work load as the solar installation will ...','gbendembu-secondary-school-installation','After the Christmas break and into the New Year with a lot of administrative work EFO staff have completed an electrical wiring at the Baptist Senior Secondary School in Gbendembu, Gbendembu Ngowahun, Bombali District, Sierra Leone. This will save time and reduce the work load as the solar installation will be done come March. The first part of the School installation has been completed. All necessary wiring and electrical work was carried out with great success. Students and teachers participated in the installation, this includes distribution cables to different buildings. This will enable the school to utilize the solar power generated from panels soon to be installed. Most of their participation was part of the electrical installation basic training for general maintenance which will help in keeping the system up and running. The teachers quarters have also been wired as they will benefit from this project as they await the solar equipment for the second phase of the project!\n\nTo take a look at some of the photos from the installation, please visit our facebook site <a href=\"http://www.facebook.com/media/set/?set=o.60927992298\">http://www.facebook.com/media/set/?set=o.60927992298</a>','2042-03-15 00:00:00','2011-02-19 07:36:05','2011-02-19 07:36:05',55,0,0,'','zinnia/entry_detail.html',0),(2,'2011-05-02 10:33:03',1,'','','FAO - FLEGTS Project','Preventing Deforestation: Understanding Timber and Fuelwood Markets in Sierra Leone Energy for Opportunity (ENFO) is starting an energy revolution, bringing clean renewable solar energy to Sierra Leone and further afield in West Africa. ENFO provides energy to disadvantaged rural communities, trains students about how and why to use solar energy ...','fao-flegts-project','Preventing Deforestation: Understanding Timber and Fuelwood Markets in Sierra Leone\n\nEnergy for Opportunity (ENFO) is starting an energy revolution, bringing clean renewable solar energy to Sierra Leone and further afield in West Africa. ENFO provides energy to disadvantaged rural communities, trains students about how and why to use solar energy and promotes it as an appropriate form of energy to build a positive future for West Africa. In order to expand its work in other energy sectors, ENFO needs up to date statistics on energy consumption in Sierra Leone which is largely fuelwood dependent.\n\nTo address this need ENFO has recently (April 2011) started a seven-month study on the timber and fuelwood and timber markets in Sierra Leone in order to reveal patterns of energy use in the country as well as understand their contribution to land cover change. This project is being funded through the FAOs, Forest Law Enforcement, Governance and Trade Support (FLEGTS) programme and considering no major research has been undertaken on forest cover in Sierra Leone since the 1980s and 1990s and no in-depth research on the fuelwood market has been conducted since the 1980s, this an important knowledge gap to fill.   The key objective of the proposed research is to build a greater understanding of the nature and impacts of domestic timber and fuelwood harvesting and marketing patterns as well as issues surrounding their regulation in Northern Sierra Leone and Freetown. ENFO will also identify the household energy consumption needs and patterns of Sierra Leoneans which is currently heavily dependent on fuelwood. In making accurate, independent information available it is hoped that the social and ecological dynamics of forest resource management will be improved here.\n\nExisting research focuses exclusively on the Freetown, whereas this project will adopt a phased approach to produce a national map of fuelwood harvesting and trade, in Northern Sierra Leone and Freetown to begin with, followed by a second phase in Southern and Eastern Sierra Leone. The project will also focus on the dynamics of the domestic timber trade in the key ecological areas surrounding Outamba-Kilimi National park, the Gola Forest Reserve and the Western Areas Peninsula Reserve.\n\nENFO is dedicated to capacity building in Sierra Leone and has integrated a strong capacity building component into this project. Nine research assistants are currently undergoing training in research methodologies as part of an intensive recruitment process before final selections and fieldwork begins. They will be involved in all aspects of data collection throughout the project. Their skills development is critical to capacity building in the area of forest management in Sierra Leone.\n\n<img class=\"alignright size-medium wp-image-1679\" title=\"Pic#1\" src=\"http://www.energyforopportunity.org/wp-content/uploads/2011/04/Pic1-300x200.jpg\" alt=\"\" width=\"300\" height=\"200\" />\n\nThe research and training is being led by Energy For Opportunitys head researcher, Mr. Hiemstra-van der Horst, a PhD candidate at the University of Melbourne in Australia, who has significant field experience and has written several scholarly publications around fuelwood and timber production and consumption in Sub-Saharan Africa.   After an initial student training period, the research will begin a regionally phased approach in the collection of data. There will be a rapid national assessment, followed by an in-depth study in Northern Sierra Leone and Freetown. ENFO will subsequently apply for funding to complete the research in the southern and Eastern Provinces.\n\nSenior ENFO staff, namely Simon Willans, ENFOs Executive Director, Greg Hiemstra-van der Horst and Paul Munro, a PhD candidate and co-founder of ENFO, will oversee key aspects of data gathering, will provide critical analysis, organise the collected data and develop reports and publications.','2042-03-15 00:00:00','2011-04-23 09:56:46','2011-04-23 09:56:46',56,0,0,'','zinnia/entry_detail.html',0);
/*!40000 ALTER TABLE `zinnia_entry` ENABLE KEYS */;
UNLOCK TABLES;

--
-- Table structure for table `zinnia_entry_authors`
--

DROP TABLE IF EXISTS `zinnia_entry_authors`;
/*!40101 SET @saved_cs_client     = @@character_set_client */;
/*!40101 SET character_set_client = utf8 */;
CREATE TABLE `zinnia_entry_authors` (
  `id` int(11) NOT NULL AUTO_INCREMENT,
  `entry_id` int(11) NOT NULL,
  `user_id` int(11) NOT NULL,
  PRIMARY KEY (`id`),
  UNIQUE KEY `zinnia_entry_authors_entry_id_ef33f87_uniq` (`entry_id`,`user_id`),
  KEY `zinnia_entry_authors_38a62041` (`entry_id`),
  KEY `zinnia_entry_authors_403f60f` (`user_id`)
) ENGINE=MyISAM AUTO_INCREMENT=59 DEFAULT CHARSET=latin1;
/*!40101 SET character_set_client = @saved_cs_client */;

--
-- Dumping data for table `zinnia_entry_authors`
--

LOCK TABLES `zinnia_entry_authors` WRITE;
/*!40000 ALTER TABLE `zinnia_entry_authors` DISABLE KEYS */;
INSERT INTO `zinnia_entry_authors` VALUES (4,2,4),(5,3,4),(6,4,4),(7,5,4),(8,6,4),(9,7,4),(10,8,3),(11,9,3),(12,10,4),(13,11,3),(14,12,3),(15,13,4),(16,14,4),(17,15,3),(18,16,3),(19,17,3),(20,18,3),(21,19,4),(22,20,3),(23,21,4),(24,22,3),(25,23,3),(26,24,3),(27,25,3),(28,26,3),(29,27,3),(30,28,3),(31,29,3),(32,30,3),(33,31,3),(34,32,3),(35,33,3),(36,34,3),(37,35,3),(38,36,3),(39,37,3),(40,38,3),(41,39,16),(42,40,4),(43,41,3),(44,42,3),(45,43,7),(46,44,3),(47,45,3),(48,46,3),(49,47,3),(50,48,3),(51,49,4),(52,50,4),(53,51,3),(54,52,3),(55,53,3),(56,54,4),(57,55,3),(58,56,3);
/*!40000 ALTER TABLE `zinnia_entry_authors` ENABLE KEYS */;
UNLOCK TABLES;

--
-- Table structure for table `zinnia_entry_categories`
--

DROP TABLE IF EXISTS `zinnia_entry_categories`;
/*!40101 SET @saved_cs_client     = @@character_set_client */;
/*!40101 SET character_set_client = utf8 */;
CREATE TABLE `zinnia_entry_categories` (
  `id` int(11) NOT NULL AUTO_INCREMENT,
  `entry_id` int(11) NOT NULL,
  `category_id` int(11) NOT NULL,
  PRIMARY KEY (`id`),
  UNIQUE KEY `zinnia_entry_categories_entry_id_4d789b1d_uniq` (`entry_id`,`category_id`),
  KEY `zinnia_entry_categories_38a62041` (`entry_id`),
  KEY `zinnia_entry_categories_42dc49bc` (`category_id`)
) ENGINE=MyISAM AUTO_INCREMENT=57 DEFAULT CHARSET=latin1;
/*!40101 SET character_set_client = @saved_cs_client */;

--
-- Dumping data for table `zinnia_entry_categories`
--

LOCK TABLES `zinnia_entry_categories` WRITE;
/*!40000 ALTER TABLE `zinnia_entry_categories` DISABLE KEYS */;
INSERT INTO `zinnia_entry_categories` VALUES (2,2,3),(3,3,3),(4,4,3),(5,5,3),(6,6,3),(7,7,3),(8,8,3),(9,9,3),(10,10,3),(11,11,3),(12,12,3),(13,13,3),(14,14,3),(15,15,3),(16,16,3),(17,17,3),(18,18,3),(19,19,3),(20,20,3),(21,21,3),(22,22,3),(23,23,3),(24,24,3),(25,25,3),(26,26,3),(27,27,3),(28,28,3),(29,29,3),(30,30,3),(31,31,3),(32,32,3),(33,33,3),(34,34,3),(35,35,3),(36,36,3),(37,37,3),(38,38,3),(39,39,3),(40,40,3),(41,41,3),(42,42,3),(43,43,3),(44,44,3),(45,45,3),(46,46,3),(47,47,3),(48,48,3),(49,49,3),(50,50,3),(51,51,3),(52,52,3),(53,53,3),(54,54,3),(55,55,3),(56,56,3);
/*!40000 ALTER TABLE `zinnia_entry_categories` ENABLE KEYS */;
UNLOCK TABLES;

--
-- Table structure for table `zinnia_entry_related`
--

DROP TABLE IF EXISTS `zinnia_entry_related`;
/*!40101 SET @saved_cs_client     = @@character_set_client */;
/*!40101 SET character_set_client = utf8 */;
CREATE TABLE `zinnia_entry_related` (
  `id` int(11) NOT NULL AUTO_INCREMENT,
  `from_entry_id` int(11) NOT NULL,
  `to_entry_id` int(11) NOT NULL,
  PRIMARY KEY (`id`),
  UNIQUE KEY `zinnia_entry_related_from_entry_id_b9f8939_uniq` (`from_entry_id`,`to_entry_id`),
  KEY `zinnia_entry_related_7a3c6305` (`from_entry_id`),
  KEY `zinnia_entry_related_5bfba756` (`to_entry_id`)
) ENGINE=MyISAM DEFAULT CHARSET=latin1;
/*!40101 SET character_set_client = @saved_cs_client */;

--
-- Dumping data for table `zinnia_entry_related`
--

LOCK TABLES `zinnia_entry_related` WRITE;
/*!40000 ALTER TABLE `zinnia_entry_related` DISABLE KEYS */;
/*!40000 ALTER TABLE `zinnia_entry_related` ENABLE KEYS */;
UNLOCK TABLES;

--
-- Table structure for table `zinnia_entry_sites`
--

DROP TABLE IF EXISTS `zinnia_entry_sites`;
/*!40101 SET @saved_cs_client     = @@character_set_client */;
/*!40101 SET character_set_client = utf8 */;
CREATE TABLE `zinnia_entry_sites` (
  `id` int(11) NOT NULL AUTO_INCREMENT,
  `entry_id` int(11) NOT NULL,
  `site_id` int(11) NOT NULL,
  PRIMARY KEY (`id`),
  UNIQUE KEY `zinnia_entry_sites_entry_id_2bc8a31b_uniq` (`entry_id`,`site_id`),
  KEY `zinnia_entry_sites_38a62041` (`entry_id`),
  KEY `zinnia_entry_sites_6223029` (`site_id`)
) ENGINE=MyISAM AUTO_INCREMENT=59 DEFAULT CHARSET=latin1;
/*!40101 SET character_set_client = @saved_cs_client */;

--
-- Dumping data for table `zinnia_entry_sites`
--

LOCK TABLES `zinnia_entry_sites` WRITE;
/*!40000 ALTER TABLE `zinnia_entry_sites` DISABLE KEYS */;
INSERT INTO `zinnia_entry_sites` VALUES (4,2,1),(5,3,1),(6,4,1),(7,5,1),(8,6,1),(9,7,1),(10,8,1),(11,9,1),(12,10,1),(13,11,1),(14,12,1),(15,13,1),(16,14,1),(17,15,1),(18,16,1),(19,17,1),(20,18,1),(21,19,1),(22,20,1),(23,21,1),(24,22,1),(25,23,1),(26,24,1),(27,25,1),(28,26,1),(29,27,1),(30,28,1),(31,29,1),(32,30,1),(33,31,1),(34,32,1),(35,33,1),(36,34,1),(37,35,1),(38,36,1),(39,37,1),(40,38,1),(41,39,1),(42,40,1),(43,41,1),(44,42,1),(45,43,1),(46,44,1),(47,45,1),(48,46,1),(49,47,1),(50,48,1),(51,49,1),(52,50,1),(53,51,1),(54,52,1),(55,53,1),(56,54,1),(57,55,1),(58,56,1);
/*!40000 ALTER TABLE `zinnia_entry_sites` ENABLE KEYS */;
UNLOCK TABLES;
/*!40103 SET TIME_ZONE=@OLD_TIME_ZONE */;

/*!40101 SET SQL_MODE=@OLD_SQL_MODE */;
/*!40014 SET FOREIGN_KEY_CHECKS=@OLD_FOREIGN_KEY_CHECKS */;
/*!40014 SET UNIQUE_CHECKS=@OLD_UNIQUE_CHECKS */;
/*!40101 SET CHARACTER_SET_CLIENT=@OLD_CHARACTER_SET_CLIENT */;
/*!40101 SET CHARACTER_SET_RESULTS=@OLD_CHARACTER_SET_RESULTS */;
/*!40101 SET COLLATION_CONNECTION=@OLD_COLLATION_CONNECTION */;
/*!40111 SET SQL_NOTES=@OLD_SQL_NOTES */;

-- Dump completed on 2011-05-04  1:47:06
