-- MySQL dump 10.13  Distrib 5.1.49, for debian-linux-gnu (i686)
--
-- Host: localhost    Database: efodb
-- ------------------------------------------------------
-- Server version	5.1.49-1ubuntu8.1

/*!40101 SET @OLD_CHARACTER_SET_CLIENT=@@CHARACTER_SET_CLIENT */;
/*!40101 SET @OLD_CHARACTER_SET_RESULTS=@@CHARACTER_SET_RESULTS */;
/*!40101 SET @OLD_COLLATION_CONNECTION=@@COLLATION_CONNECTION */;
/*!40101 SET NAMES utf8 */;
/*!40103 SET @OLD_TIME_ZONE=@@TIME_ZONE */;
/*!40103 SET TIME_ZONE='+00:00' */;
/*!40014 SET @OLD_UNIQUE_CHECKS=@@UNIQUE_CHECKS, UNIQUE_CHECKS=0 */;
/*!40014 SET @OLD_FOREIGN_KEY_CHECKS=@@FOREIGN_KEY_CHECKS, FOREIGN_KEY_CHECKS=0 */;
/*!40101 SET @OLD_SQL_MODE=@@SQL_MODE, SQL_MODE='NO_AUTO_VALUE_ON_ZERO' */;
/*!40111 SET @OLD_SQL_NOTES=@@SQL_NOTES, SQL_NOTES=0 */;

--
-- Table structure for table `account_account`
--

DROP TABLE IF EXISTS `account_account`;
/*!40101 SET @saved_cs_client     = @@character_set_client */;
/*!40101 SET character_set_client = utf8 */;
CREATE TABLE `account_account` (
  `id` int(11) NOT NULL AUTO_INCREMENT,
  `user_id` int(11) NOT NULL,
  `timezone` varchar(100) NOT NULL,
  `language` varchar(10) NOT NULL,
  PRIMARY KEY (`id`),
  UNIQUE KEY `user_id` (`user_id`)
) ENGINE=MyISAM AUTO_INCREMENT=2 DEFAULT CHARSET=latin1;
/*!40101 SET character_set_client = @saved_cs_client */;

--
-- Dumping data for table `account_account`
--

LOCK TABLES `account_account` WRITE;
/*!40000 ALTER TABLE `account_account` DISABLE KEYS */;
INSERT INTO `account_account` VALUES (1,1,'Australia/Melbourne','en-us');
/*!40000 ALTER TABLE `account_account` ENABLE KEYS */;
UNLOCK TABLES;

--
-- Table structure for table `account_otherserviceinfo`
--

DROP TABLE IF EXISTS `account_otherserviceinfo`;
/*!40101 SET @saved_cs_client     = @@character_set_client */;
/*!40101 SET character_set_client = utf8 */;
CREATE TABLE `account_otherserviceinfo` (
  `id` int(11) NOT NULL AUTO_INCREMENT,
  `user_id` int(11) NOT NULL,
  `key` varchar(50) NOT NULL,
  `value` longtext NOT NULL,
  PRIMARY KEY (`id`),
  UNIQUE KEY `user_id` (`user_id`,`key`),
  KEY `account_otherserviceinfo_403f60f` (`user_id`)
) ENGINE=MyISAM DEFAULT CHARSET=latin1;
/*!40101 SET character_set_client = @saved_cs_client */;

--
-- Dumping data for table `account_otherserviceinfo`
--

LOCK TABLES `account_otherserviceinfo` WRITE;
/*!40000 ALTER TABLE `account_otherserviceinfo` DISABLE KEYS */;
/*!40000 ALTER TABLE `account_otherserviceinfo` ENABLE KEYS */;
UNLOCK TABLES;

--
-- Table structure for table `account_passwordreset`
--

DROP TABLE IF EXISTS `account_passwordreset`;
/*!40101 SET @saved_cs_client     = @@character_set_client */;
/*!40101 SET character_set_client = utf8 */;
CREATE TABLE `account_passwordreset` (
  `id` int(11) NOT NULL AUTO_INCREMENT,
  `user_id` int(11) NOT NULL,
  `temp_key` varchar(100) NOT NULL,
  `timestamp` datetime NOT NULL,
  `reset` tinyint(1) NOT NULL,
  PRIMARY KEY (`id`),
  KEY `account_passwordreset_403f60f` (`user_id`)
) ENGINE=MyISAM DEFAULT CHARSET=latin1;
/*!40101 SET character_set_client = @saved_cs_client */;

--
-- Dumping data for table `account_passwordreset`
--

LOCK TABLES `account_passwordreset` WRITE;
/*!40000 ALTER TABLE `account_passwordreset` DISABLE KEYS */;
/*!40000 ALTER TABLE `account_passwordreset` ENABLE KEYS */;
UNLOCK TABLES;

--
-- Table structure for table `announcements_announcement`
--

DROP TABLE IF EXISTS `announcements_announcement`;
/*!40101 SET @saved_cs_client     = @@character_set_client */;
/*!40101 SET character_set_client = utf8 */;
CREATE TABLE `announcements_announcement` (
  `id` int(11) NOT NULL AUTO_INCREMENT,
  `title` varchar(50) NOT NULL,
  `content` longtext NOT NULL,
  `creator_id` int(11) NOT NULL,
  `creation_date` datetime NOT NULL,
  `site_wide` tinyint(1) NOT NULL,
  `members_only` tinyint(1) NOT NULL,
  PRIMARY KEY (`id`),
  KEY `announcements_announcement_685aee7` (`creator_id`)
) ENGINE=MyISAM DEFAULT CHARSET=latin1;
/*!40101 SET character_set_client = @saved_cs_client */;

--
-- Dumping data for table `announcements_announcement`
--

LOCK TABLES `announcements_announcement` WRITE;
/*!40000 ALTER TABLE `announcements_announcement` DISABLE KEYS */;
/*!40000 ALTER TABLE `announcements_announcement` ENABLE KEYS */;
UNLOCK TABLES;

--
-- Table structure for table `auth_group`
--

DROP TABLE IF EXISTS `auth_group`;
/*!40101 SET @saved_cs_client     = @@character_set_client */;
/*!40101 SET character_set_client = utf8 */;
CREATE TABLE `auth_group` (
  `id` int(11) NOT NULL AUTO_INCREMENT,
  `name` varchar(80) NOT NULL,
  PRIMARY KEY (`id`),
  UNIQUE KEY `name` (`name`)
) ENGINE=MyISAM DEFAULT CHARSET=latin1;
/*!40101 SET character_set_client = @saved_cs_client */;

--
-- Dumping data for table `auth_group`
--

LOCK TABLES `auth_group` WRITE;
/*!40000 ALTER TABLE `auth_group` DISABLE KEYS */;
/*!40000 ALTER TABLE `auth_group` ENABLE KEYS */;
UNLOCK TABLES;

--
-- Table structure for table `auth_group_permissions`
--

DROP TABLE IF EXISTS `auth_group_permissions`;
/*!40101 SET @saved_cs_client     = @@character_set_client */;
/*!40101 SET character_set_client = utf8 */;
CREATE TABLE `auth_group_permissions` (
  `id` int(11) NOT NULL AUTO_INCREMENT,
  `group_id` int(11) NOT NULL,
  `permission_id` int(11) NOT NULL,
  PRIMARY KEY (`id`),
  UNIQUE KEY `group_id` (`group_id`,`permission_id`),
  KEY `auth_group_permissions_425ae3c4` (`group_id`),
  KEY `auth_group_permissions_1e014c8f` (`permission_id`)
) ENGINE=MyISAM DEFAULT CHARSET=latin1;
/*!40101 SET character_set_client = @saved_cs_client */;

--
-- Dumping data for table `auth_group_permissions`
--

LOCK TABLES `auth_group_permissions` WRITE;
/*!40000 ALTER TABLE `auth_group_permissions` DISABLE KEYS */;
/*!40000 ALTER TABLE `auth_group_permissions` ENABLE KEYS */;
UNLOCK TABLES;

--
-- Table structure for table `auth_message`
--

DROP TABLE IF EXISTS `auth_message`;
/*!40101 SET @saved_cs_client     = @@character_set_client */;
/*!40101 SET character_set_client = utf8 */;
CREATE TABLE `auth_message` (
  `id` int(11) NOT NULL AUTO_INCREMENT,
  `user_id` int(11) NOT NULL,
  `message` longtext NOT NULL,
  PRIMARY KEY (`id`),
  KEY `auth_message_403f60f` (`user_id`)
) ENGINE=MyISAM AUTO_INCREMENT=20 DEFAULT CHARSET=latin1;
/*!40101 SET character_set_client = @saved_cs_client */;

--
-- Dumping data for table `auth_message`
--

LOCK TABLES `auth_message` WRITE;
/*!40000 ALTER TABLE `auth_message` DISABLE KEYS */;
INSERT INTO `auth_message` VALUES (1,1,'The requested Folder does not exist.'),(2,1,'The requested Folder does not exist.'),(3,1,'The requested Folder does not exist.'),(4,1,'The requested Folder does not exist.'),(5,1,'The requested Folder does not exist.'),(6,1,'The requested Folder does not exist.'),(7,1,'The requested Folder does not exist.'),(8,1,'The requested Folder does not exist.'),(9,1,'The requested Folder does not exist.'),(10,1,'The requested Folder does not exist.'),(11,1,'The requested Folder does not exist.'),(12,1,'The Folder myfolder was successfully created.'),(13,1,'The requested Folder does not exist.'),(14,1,'The requested Folder does not exist.'),(15,1,'The requested Folder does not exist.'),(16,1,'The requested Folder does not exist.'),(17,1,'The requested Folder does not exist.'),(18,1,'The requested Folder does not exist.'),(19,1,'The requested Folder does not exist.');
/*!40000 ALTER TABLE `auth_message` ENABLE KEYS */;
UNLOCK TABLES;

--
-- Table structure for table `auth_permission`
--

DROP TABLE IF EXISTS `auth_permission`;
/*!40101 SET @saved_cs_client     = @@character_set_client */;
/*!40101 SET character_set_client = utf8 */;
CREATE TABLE `auth_permission` (
  `id` int(11) NOT NULL AUTO_INCREMENT,
  `name` varchar(50) NOT NULL,
  `content_type_id` int(11) NOT NULL,
  `codename` varchar(100) NOT NULL,
  PRIMARY KEY (`id`),
  UNIQUE KEY `content_type_id` (`content_type_id`,`codename`),
  KEY `auth_permission_1bb8f392` (`content_type_id`)
) ENGINE=MyISAM AUTO_INCREMENT=196 DEFAULT CHARSET=latin1;
/*!40101 SET character_set_client = @saved_cs_client */;

--
-- Dumping data for table `auth_permission`
--

LOCK TABLES `auth_permission` WRITE;
/*!40000 ALTER TABLE `auth_permission` DISABLE KEYS */;
INSERT INTO `auth_permission` VALUES (1,'Can add notice type',1,'add_noticetype'),(2,'Can change notice type',1,'change_noticetype'),(3,'Can delete notice type',1,'delete_noticetype'),(4,'Can add notice setting',2,'add_noticesetting'),(5,'Can change notice setting',2,'change_noticesetting'),(6,'Can delete notice setting',2,'delete_noticesetting'),(7,'Can add notice',3,'add_notice'),(8,'Can change notice',3,'change_notice'),(9,'Can delete notice',3,'delete_notice'),(10,'Can add notice queue batch',4,'add_noticequeuebatch'),(11,'Can change notice queue batch',4,'change_noticequeuebatch'),(12,'Can delete notice queue batch',4,'delete_noticequeuebatch'),(13,'Can add observed item',5,'add_observeditem'),(14,'Can change observed item',5,'change_observeditem'),(15,'Can delete observed item',5,'delete_observeditem'),(16,'Can add log entry',6,'add_logentry'),(17,'Can change log entry',6,'change_logentry'),(18,'Can delete log entry',6,'delete_logentry'),(19,'Can add permission',7,'add_permission'),(20,'Can change permission',7,'change_permission'),(21,'Can delete permission',7,'delete_permission'),(22,'Can add group',8,'add_group'),(23,'Can change group',8,'change_group'),(24,'Can delete group',8,'delete_group'),(25,'Can add user',9,'add_user'),(26,'Can change user',9,'change_user'),(27,'Can delete user',9,'delete_user'),(28,'Can add message',10,'add_message'),(29,'Can change message',10,'change_message'),(30,'Can delete message',10,'delete_message'),(31,'Can add comment',11,'add_comment'),(32,'Can change comment',11,'change_comment'),(33,'Can delete comment',11,'delete_comment'),(34,'Can moderate comments',11,'can_moderate'),(35,'Can add comment flag',12,'add_commentflag'),(36,'Can change comment flag',12,'change_commentflag'),(37,'Can delete comment flag',12,'delete_commentflag'),(38,'Can add content type',13,'add_contenttype'),(39,'Can change content type',13,'change_contenttype'),(40,'Can delete content type',13,'delete_contenttype'),(41,'Can add session',14,'add_session'),(42,'Can change session',14,'change_session'),(43,'Can delete session',14,'delete_session'),(44,'Can add site',15,'add_site'),(45,'Can change site',15,'change_site'),(46,'Can delete site',15,'delete_site'),(47,'Can add message',16,'add_message'),(48,'Can change message',16,'change_message'),(49,'Can delete message',16,'delete_message'),(50,'Can add don\'t send entry',17,'add_dontsendentry'),(51,'Can change don\'t send entry',17,'change_dontsendentry'),(52,'Can delete don\'t send entry',17,'delete_dontsendentry'),(53,'Can add message log',18,'add_messagelog'),(54,'Can change message log',18,'change_messagelog'),(55,'Can delete message log',18,'delete_messagelog'),(56,'Can add e-mail address',19,'add_emailaddress'),(57,'Can change e-mail address',19,'change_emailaddress'),(58,'Can delete e-mail address',19,'delete_emailaddress'),(59,'Can add e-mail confirmation',20,'add_emailconfirmation'),(60,'Can change e-mail confirmation',20,'change_emailconfirmation'),(61,'Can delete e-mail confirmation',20,'delete_emailconfirmation'),(62,'Can add announcement',21,'add_announcement'),(63,'Can change announcement',21,'change_announcement'),(64,'Can delete announcement',21,'delete_announcement'),(65,'Can add kv store',22,'add_kvstore'),(66,'Can change kv store',22,'change_kvstore'),(67,'Can delete kv store',22,'delete_kvstore'),(68,'Can add view tracker',23,'add_viewtracker'),(69,'Can change view tracker',23,'change_viewtracker'),(70,'Can delete view tracker',23,'delete_viewtracker'),(71,'Can add migration history',24,'add_migrationhistory'),(72,'Can change migration history',24,'change_migrationhistory'),(73,'Can delete migration history',24,'delete_migrationhistory'),(74,'Can add Tag',25,'add_tag'),(75,'Can change Tag',25,'change_tag'),(76,'Can delete Tag',25,'delete_tag'),(77,'Can add Tagged Item',26,'add_taggeditem'),(78,'Can change Tagged Item',26,'change_taggeditem'),(79,'Can delete Tagged Item',26,'delete_taggeditem'),(80,'Can add account',27,'add_account'),(81,'Can change account',27,'change_account'),(82,'Can delete account',27,'delete_account'),(83,'Can add other service info',28,'add_otherserviceinfo'),(84,'Can change other service info',28,'change_otherserviceinfo'),(85,'Can delete other service info',28,'delete_otherserviceinfo'),(86,'Can add password reset',29,'add_passwordreset'),(87,'Can change password reset',29,'change_passwordreset'),(88,'Can delete password reset',29,'delete_passwordreset'),(89,'Can add profile',30,'add_profile'),(90,'Can change profile',30,'change_profile'),(91,'Can delete profile',30,'delete_profile'),(92,'Can add nonce',31,'add_nonce'),(93,'Can change nonce',31,'change_nonce'),(94,'Can delete nonce',31,'delete_nonce'),(95,'Can add association',32,'add_association'),(96,'Can change association',32,'change_association'),(97,'Can delete association',32,'delete_association'),(98,'Can add user openid association',33,'add_useropenidassociation'),(99,'Can change user openid association',33,'change_useropenidassociation'),(100,'Can delete user openid association',33,'delete_useropenidassociation'),(101,'Can add queue',34,'add_queue'),(102,'Can change queue',34,'change_queue'),(103,'Can delete queue',34,'delete_queue'),(104,'Can add Mailchimp Log',35,'add_campaign'),(105,'Can change Mailchimp Log',35,'change_campaign'),(106,'Can delete Mailchimp Log',35,'delete_campaign'),(107,'Can view Mailchimp information',35,'can_view'),(108,'Can send Mailchimp newsletters',35,'can_send'),(109,'Can add reciever',36,'add_reciever'),(110,'Can change reciever',36,'change_reciever'),(111,'Can delete reciever',36,'delete_reciever'),(112,'Can add placeholder',37,'add_placeholder'),(113,'Can change placeholder',37,'change_placeholder'),(114,'Can delete placeholder',37,'delete_placeholder'),(115,'Can add cms plugin',38,'add_cmsplugin'),(116,'Can change cms plugin',38,'change_cmsplugin'),(117,'Can delete cms plugin',38,'delete_cmsplugin'),(118,'Can add page',39,'add_page'),(119,'Can change page',39,'change_page'),(120,'Can delete page',39,'delete_page'),(121,'Can add PageModerator',40,'add_pagemoderator'),(122,'Can change PageModerator',40,'change_pagemoderator'),(123,'Can delete PageModerator',40,'delete_pagemoderator'),(124,'Can add Page moderator state',41,'add_pagemoderatorstate'),(125,'Can change Page moderator state',41,'change_pagemoderatorstate'),(126,'Can delete Page moderator state',41,'delete_pagemoderatorstate'),(127,'Can add Page global permission',42,'add_globalpagepermission'),(128,'Can change Page global permission',42,'change_globalpagepermission'),(129,'Can delete Page global permission',42,'delete_globalpagepermission'),(130,'Can add Page permission',43,'add_pagepermission'),(131,'Can change Page permission',43,'change_pagepermission'),(132,'Can delete Page permission',43,'delete_pagepermission'),(133,'Can add User (page)',44,'add_pageuser'),(134,'Can change User (page)',44,'change_pageuser'),(135,'Can delete User (page)',44,'delete_pageuser'),(136,'Can add User group (page)',45,'add_pageusergroup'),(137,'Can change User group (page)',45,'change_pageusergroup'),(138,'Can delete User group (page)',45,'delete_pageusergroup'),(139,'Can add title',46,'add_title'),(140,'Can change title',46,'change_title'),(141,'Can delete title',46,'delete_title'),(142,'Can add picture',47,'add_picture'),(143,'Can change picture',47,'change_picture'),(144,'Can delete picture',47,'delete_picture'),(145,'Can add text',48,'add_text'),(146,'Can change text',48,'change_text'),(147,'Can delete text',48,'delete_text'),(148,'Can add Snippet',49,'add_snippet'),(149,'Can change Snippet',49,'change_snippet'),(150,'Can delete Snippet',49,'delete_snippet'),(151,'Can add Snippet',50,'add_snippetptr'),(152,'Can change Snippet',50,'change_snippetptr'),(153,'Can delete Snippet',50,'delete_snippetptr'),(154,'Can add link',51,'add_link'),(155,'Can change link',51,'change_link'),(156,'Can delete link',51,'delete_link'),(157,'Can add google map',52,'add_googlemap'),(158,'Can change google map',52,'change_googlemap'),(159,'Can delete google map',52,'delete_googlemap'),(160,'Can add file',53,'add_file'),(161,'Can change file',53,'change_file'),(162,'Can delete file',53,'delete_file'),(163,'Can add cache key',54,'add_cachekey'),(164,'Can change cache key',54,'change_cachekey'),(165,'Can delete cache key',54,'delete_cachekey'),(166,'Can add image',55,'add_image'),(167,'Can change image',55,'change_image'),(168,'Can delete image',55,'delete_image'),(169,'Can add site feature area',56,'add_sitefeaturearea'),(170,'Can change site feature area',56,'change_sitefeaturearea'),(171,'Can delete site feature area',56,'delete_sitefeaturearea'),(172,'Can add feature set',57,'add_featureset'),(173,'Can change feature set',57,'change_featureset'),(174,'Can delete feature set',57,'delete_featureset'),(175,'Can add feature',58,'add_feature'),(176,'Can change feature',58,'change_feature'),(177,'Can delete feature',58,'delete_feature'),(178,'Can add feature schedule',59,'add_featureschedule'),(179,'Can change feature schedule',59,'change_featureschedule'),(180,'Can delete feature schedule',59,'delete_featureschedule'),(181,'Can add project location',60,'add_projectlocation'),(182,'Can change project location',60,'change_projectlocation'),(183,'Can delete project location',60,'delete_projectlocation'),(184,'Can add project',61,'add_project'),(185,'Can change project',61,'change_project'),(186,'Can delete project',61,'delete_project'),(187,'Can add project image',62,'add_projectimage'),(188,'Can change project image',62,'change_projectimage'),(189,'Can delete project image',62,'delete_projectimage'),(190,'Can add programme',63,'add_programme'),(191,'Can change programme',63,'change_programme'),(192,'Can delete programme',63,'delete_programme'),(193,'Can add programme image',64,'add_programmeimage'),(194,'Can change programme image',64,'change_programmeimage'),(195,'Can delete programme image',64,'delete_programmeimage');
/*!40000 ALTER TABLE `auth_permission` ENABLE KEYS */;
UNLOCK TABLES;

--
-- Table structure for table `auth_user`
--

DROP TABLE IF EXISTS `auth_user`;
/*!40101 SET @saved_cs_client     = @@character_set_client */;
/*!40101 SET character_set_client = utf8 */;
CREATE TABLE `auth_user` (
  `id` int(11) NOT NULL AUTO_INCREMENT,
  `username` varchar(30) NOT NULL,
  `first_name` varchar(30) NOT NULL,
  `last_name` varchar(30) NOT NULL,
  `email` varchar(75) NOT NULL,
  `password` varchar(128) NOT NULL,
  `is_staff` tinyint(1) NOT NULL,
  `is_active` tinyint(1) NOT NULL,
  `is_superuser` tinyint(1) NOT NULL,
  `last_login` datetime NOT NULL,
  `date_joined` datetime NOT NULL,
  PRIMARY KEY (`id`),
  UNIQUE KEY `username` (`username`)
) ENGINE=MyISAM AUTO_INCREMENT=2 DEFAULT CHARSET=latin1;
/*!40101 SET character_set_client = @saved_cs_client */;

--
-- Dumping data for table `auth_user`
--

LOCK TABLES `auth_user` WRITE;
/*!40000 ALTER TABLE `auth_user` DISABLE KEYS */;
INSERT INTO `auth_user` VALUES (1,'dan.peade@gmail.com','','','dan.peade@gmail.com','sha1$57163$86db5a8fdd2f797220937ddfe2f4d3eda175c19d',1,1,1,'2011-04-11 11:01:21','2011-04-08 16:34:57');
/*!40000 ALTER TABLE `auth_user` ENABLE KEYS */;
UNLOCK TABLES;

--
-- Table structure for table `auth_user_groups`
--

DROP TABLE IF EXISTS `auth_user_groups`;
/*!40101 SET @saved_cs_client     = @@character_set_client */;
/*!40101 SET character_set_client = utf8 */;
CREATE TABLE `auth_user_groups` (
  `id` int(11) NOT NULL AUTO_INCREMENT,
  `user_id` int(11) NOT NULL,
  `group_id` int(11) NOT NULL,
  PRIMARY KEY (`id`),
  UNIQUE KEY `user_id` (`user_id`,`group_id`),
  KEY `auth_user_groups_403f60f` (`user_id`),
  KEY `auth_user_groups_425ae3c4` (`group_id`)
) ENGINE=MyISAM DEFAULT CHARSET=latin1;
/*!40101 SET character_set_client = @saved_cs_client */;

--
-- Dumping data for table `auth_user_groups`
--

LOCK TABLES `auth_user_groups` WRITE;
/*!40000 ALTER TABLE `auth_user_groups` DISABLE KEYS */;
/*!40000 ALTER TABLE `auth_user_groups` ENABLE KEYS */;
UNLOCK TABLES;

--
-- Table structure for table `auth_user_user_permissions`
--

DROP TABLE IF EXISTS `auth_user_user_permissions`;
/*!40101 SET @saved_cs_client     = @@character_set_client */;
/*!40101 SET character_set_client = utf8 */;
CREATE TABLE `auth_user_user_permissions` (
  `id` int(11) NOT NULL AUTO_INCREMENT,
  `user_id` int(11) NOT NULL,
  `permission_id` int(11) NOT NULL,
  PRIMARY KEY (`id`),
  UNIQUE KEY `user_id` (`user_id`,`permission_id`),
  KEY `auth_user_user_permissions_403f60f` (`user_id`),
  KEY `auth_user_user_permissions_1e014c8f` (`permission_id`)
) ENGINE=MyISAM DEFAULT CHARSET=latin1;
/*!40101 SET character_set_client = @saved_cs_client */;

--
-- Dumping data for table `auth_user_user_permissions`
--

LOCK TABLES `auth_user_user_permissions` WRITE;
/*!40000 ALTER TABLE `auth_user_user_permissions` DISABLE KEYS */;
/*!40000 ALTER TABLE `auth_user_user_permissions` ENABLE KEYS */;
UNLOCK TABLES;

--
-- Table structure for table `cms_cmsplugin`
--

DROP TABLE IF EXISTS `cms_cmsplugin`;
/*!40101 SET @saved_cs_client     = @@character_set_client */;
/*!40101 SET character_set_client = utf8 */;
CREATE TABLE `cms_cmsplugin` (
  `language` varchar(15) NOT NULL,
  `position` smallint(6),
  `creation_date` datetime NOT NULL DEFAULT '2011-04-08 16:35:13',
  `id` int(11) NOT NULL AUTO_INCREMENT,
  `plugin_type` varchar(50) NOT NULL,
  `parent_id` int(11) DEFAULT NULL,
  `tree_id` int(10) unsigned NOT NULL DEFAULT '0',
  `lft` int(10) unsigned NOT NULL DEFAULT '0',
  `rght` int(10) unsigned NOT NULL DEFAULT '0',
  `level` int(10) unsigned NOT NULL DEFAULT '0',
  `placeholder_id` int(11) DEFAULT NULL,
  PRIMARY KEY (`id`),
  KEY `cms_cmsplugin_75853655` (`language`),
  KEY `cms_cmsplugin_52f8f330` (`plugin_type`),
  KEY `cms_cmsplugin_63f17a16` (`parent_id`),
  KEY `cms_cmsplugin_102f80d8` (`tree_id`),
  KEY `cms_cmsplugin_42b06ff6` (`lft`),
  KEY `cms_cmsplugin_6eabc1a6` (`rght`),
  KEY `cms_cmsplugin_2a8f42e8` (`level`),
  KEY `cms_cmsplugin_62e7be1f` (`placeholder_id`)
) ENGINE=MyISAM AUTO_INCREMENT=28 DEFAULT CHARSET=latin1;
/*!40101 SET character_set_client = @saved_cs_client */;

--
-- Dumping data for table `cms_cmsplugin`
--

LOCK TABLES `cms_cmsplugin` WRITE;
/*!40000 ALTER TABLE `cms_cmsplugin` DISABLE KEYS */;
INSERT INTO `cms_cmsplugin` VALUES ('en',0,'2011-04-09 14:35:28',1,'TextPlugin',NULL,1,1,6,0,5),('en',0,'2011-04-12 19:18:18',24,'TextPlugin',NULL,3,1,2,0,10),('en',0,'2011-04-13 09:43:24',26,'TextPlugin',NULL,5,1,2,0,16),('en',0,'2011-04-13 09:43:37',27,'TextPlugin',NULL,6,1,2,0,15);
/*!40000 ALTER TABLE `cms_cmsplugin` ENABLE KEYS */;
UNLOCK TABLES;

--
-- Table structure for table `cms_globalpagepermission`
--

DROP TABLE IF EXISTS `cms_globalpagepermission`;
/*!40101 SET @saved_cs_client     = @@character_set_client */;
/*!40101 SET character_set_client = utf8 */;
CREATE TABLE `cms_globalpagepermission` (
  `can_publish` tinyint(1) NOT NULL DEFAULT '1',
  `group_id` int(11) DEFAULT NULL,
  `can_moderate` tinyint(1) NOT NULL DEFAULT '1',
  `can_change` tinyint(1) NOT NULL DEFAULT '1',
  `can_change_permissions` tinyint(1) NOT NULL DEFAULT '0',
  `can_recover_page` tinyint(1) NOT NULL DEFAULT '1',
  `can_add` tinyint(1) NOT NULL DEFAULT '1',
  `user_id` int(11) DEFAULT NULL,
  `can_delete` tinyint(1) NOT NULL DEFAULT '1',
  `can_move_page` tinyint(1) NOT NULL DEFAULT '1',
  `id` int(11) NOT NULL AUTO_INCREMENT,
  `can_change_advanced_settings` tinyint(1) NOT NULL DEFAULT '0',
  PRIMARY KEY (`id`),
  KEY `cms_globalpagepermission_425ae3c4` (`group_id`),
  KEY `cms_globalpagepermission_403f60f` (`user_id`)
) ENGINE=MyISAM DEFAULT CHARSET=latin1;
/*!40101 SET character_set_client = @saved_cs_client */;

--
-- Dumping data for table `cms_globalpagepermission`
--

LOCK TABLES `cms_globalpagepermission` WRITE;
/*!40000 ALTER TABLE `cms_globalpagepermission` DISABLE KEYS */;
/*!40000 ALTER TABLE `cms_globalpagepermission` ENABLE KEYS */;
UNLOCK TABLES;

--
-- Table structure for table `cms_globalpagepermission_sites`
--

DROP TABLE IF EXISTS `cms_globalpagepermission_sites`;
/*!40101 SET @saved_cs_client     = @@character_set_client */;
/*!40101 SET character_set_client = utf8 */;
CREATE TABLE `cms_globalpagepermission_sites` (
  `id` int(11) NOT NULL AUTO_INCREMENT,
  `globalpagepermission_id` int(11) NOT NULL,
  `site_id` int(11) NOT NULL,
  PRIMARY KEY (`id`),
  KEY `cms_globalpagepermission_sites_a21423f` (`globalpagepermission_id`),
  KEY `cms_globalpagepermission_sites_6223029` (`site_id`)
) ENGINE=MyISAM DEFAULT CHARSET=latin1;
/*!40101 SET character_set_client = @saved_cs_client */;

--
-- Dumping data for table `cms_globalpagepermission_sites`
--

LOCK TABLES `cms_globalpagepermission_sites` WRITE;
/*!40000 ALTER TABLE `cms_globalpagepermission_sites` DISABLE KEYS */;
/*!40000 ALTER TABLE `cms_globalpagepermission_sites` ENABLE KEYS */;
UNLOCK TABLES;

--
-- Table structure for table `cms_page`
--

DROP TABLE IF EXISTS `cms_page`;
/*!40101 SET @saved_cs_client     = @@character_set_client */;
/*!40101 SET character_set_client = utf8 */;
CREATE TABLE `cms_page` (
  `rght` int(10) unsigned NOT NULL,
  `level` int(10) unsigned NOT NULL,
  `navigation_extenders` varchar(80) DEFAULT NULL,
  `parent_id` int(11) DEFAULT NULL,
  `reverse_id` varchar(40),
  `login_required` tinyint(1) NOT NULL DEFAULT '0',
  `soft_root` tinyint(1) NOT NULL DEFAULT '0',
  `creation_date` datetime NOT NULL DEFAULT '2011-04-08 16:35:13',
  `lft` int(10) unsigned NOT NULL,
  `publication_end_date` datetime DEFAULT NULL,
  `template` varchar(100) NOT NULL,
  `tree_id` int(10) unsigned NOT NULL,
  `publication_date` datetime DEFAULT NULL,
  `in_navigation` tinyint(1) NOT NULL DEFAULT '1',
  `id` int(11) NOT NULL AUTO_INCREMENT,
  `moderator_state` smallint(6) NOT NULL DEFAULT '1',
  `published` tinyint(1) NOT NULL DEFAULT '0',
  `site_id` int(11) NOT NULL DEFAULT '1',
  `changed_by` varchar(70) NOT NULL DEFAULT '',
  `created_by` varchar(70) NOT NULL DEFAULT '',
  `publisher_is_draft` tinyint(1) NOT NULL DEFAULT '1',
  `publisher_state` smallint(6) NOT NULL DEFAULT '0',
  `publisher_public_id` int(11) DEFAULT NULL,
  `limit_visibility_in_menu` smallint(6) DEFAULT NULL,
  PRIMARY KEY (`id`),
  UNIQUE KEY `publisher_public_id` (`publisher_public_id`),
  KEY `cms_page_6eabc1a6` (`rght`),
  KEY `cms_page_2a8f42e8` (`level`),
  KEY `cms_page_267392ec` (`navigation_extenders`),
  KEY `cms_page_63f17a16` (`parent_id`),
  KEY `cms_page_b56116b` (`reverse_id`),
  KEY `cms_page_455d889d` (`soft_root`),
  KEY `cms_page_42b06ff6` (`lft`),
  KEY `cms_page_5dde019c` (`publication_end_date`),
  KEY `cms_page_102f80d8` (`tree_id`),
  KEY `cms_page_1199bb9e` (`publication_date`),
  KEY `cms_page_3c0ea264` (`in_navigation`),
  KEY `cms_page_6223029` (`site_id`),
  KEY `cms_page_16d2d3fa` (`publisher_is_draft`),
  KEY `cms_page_5ffeb0a6` (`publisher_state`),
  KEY `cms_page_36f698d1` (`limit_visibility_in_menu`)
) ENGINE=MyISAM AUTO_INCREMENT=13 DEFAULT CHARSET=latin1;
/*!40101 SET character_set_client = @saved_cs_client */;

--
-- Dumping data for table `cms_page`
--

LOCK TABLES `cms_page` WRITE;
/*!40000 ALTER TABLE `cms_page` DISABLE KEYS */;
INSERT INTO `cms_page` VALUES (2,0,'',NULL,NULL,0,0,'2011-04-09 14:32:45',1,NULL,'site_base.html',2,'2011-04-09 14:33:42',1,4,0,1,1,'dan.peade@gmail.com','dan.peade@gmail.com',1,1,NULL,NULL),(4,0,'',NULL,'about-us',0,0,'2011-04-12 12:03:37',1,NULL,'site_base.html',3,'2011-04-12 12:06:18',1,5,0,1,1,'dan.peade@gmail.com','dan.peade@gmail.com',1,1,NULL,NULL),(2,0,'',NULL,NULL,0,0,'2011-04-12 12:37:01',1,NULL,'site_base.html',1,'2011-04-12 12:38:00',0,6,0,1,1,'dan.peade@gmail.com','dan.peade@gmail.com',1,1,NULL,NULL),(3,1,'',5,NULL,0,0,'2011-04-12 13:09:10',2,NULL,'site_base.html',3,'2011-04-12 13:09:22',1,7,0,1,1,'dan.peade@gmail.com','dan.peade@gmail.com',1,1,NULL,NULL),(2,0,'ProgrammesMenu',NULL,'programmes-page',0,0,'2011-04-12 13:54:15',1,NULL,'programmes/programmes_container.html',4,'2011-04-12 13:55:24',1,8,0,1,1,'dan.peade@gmail.com','dan.peade@gmail.com',1,1,NULL,NULL);
/*!40000 ALTER TABLE `cms_page` ENABLE KEYS */;
UNLOCK TABLES;

--
-- Table structure for table `cms_page_placeholders`
--

DROP TABLE IF EXISTS `cms_page_placeholders`;
/*!40101 SET @saved_cs_client     = @@character_set_client */;
/*!40101 SET character_set_client = utf8 */;
CREATE TABLE `cms_page_placeholders` (
  `id` int(11) NOT NULL AUTO_INCREMENT,
  `page_id` int(11) NOT NULL,
  `placeholder_id` int(11) NOT NULL,
  PRIMARY KEY (`id`),
  UNIQUE KEY `cms_page_placeholders_page_id_6a0df834_uniq` (`page_id`,`placeholder_id`),
  KEY `cms_page_placeholders_32d04bc7` (`page_id`),
  KEY `cms_page_placeholders_3e35d7b0` (`placeholder_id`)
) ENGINE=MyISAM AUTO_INCREMENT=17 DEFAULT CHARSET=latin1;
/*!40101 SET character_set_client = @saved_cs_client */;

--
-- Dumping data for table `cms_page_placeholders`
--

LOCK TABLES `cms_page_placeholders` WRITE;
/*!40000 ALTER TABLE `cms_page_placeholders` DISABLE KEYS */;
INSERT INTO `cms_page_placeholders` VALUES (6,4,6),(5,4,5),(4,4,4),(7,5,7),(8,6,8),(9,7,9),(10,8,10),(15,8,15),(16,8,16);
/*!40000 ALTER TABLE `cms_page_placeholders` ENABLE KEYS */;
UNLOCK TABLES;

--
-- Table structure for table `cms_pagemoderator`
--

DROP TABLE IF EXISTS `cms_pagemoderator`;
/*!40101 SET @saved_cs_client     = @@character_set_client */;
/*!40101 SET character_set_client = utf8 */;
CREATE TABLE `cms_pagemoderator` (
  `moderate_page` tinyint(1) NOT NULL DEFAULT '0',
  `moderate_children` tinyint(1) NOT NULL DEFAULT '0',
  `page_id` int(11) NOT NULL,
  `user_id` int(11) NOT NULL,
  `id` int(11) NOT NULL AUTO_INCREMENT,
  `moderate_descendants` tinyint(1) NOT NULL DEFAULT '0',
  PRIMARY KEY (`id`),
  KEY `cms_pagemoderator_32d04bc7` (`page_id`),
  KEY `cms_pagemoderator_403f60f` (`user_id`)
) ENGINE=MyISAM DEFAULT CHARSET=latin1;
/*!40101 SET character_set_client = @saved_cs_client */;

--
-- Dumping data for table `cms_pagemoderator`
--

LOCK TABLES `cms_pagemoderator` WRITE;
/*!40000 ALTER TABLE `cms_pagemoderator` DISABLE KEYS */;
/*!40000 ALTER TABLE `cms_pagemoderator` ENABLE KEYS */;
UNLOCK TABLES;

--
-- Table structure for table `cms_pagemoderatorstate`
--

DROP TABLE IF EXISTS `cms_pagemoderatorstate`;
/*!40101 SET @saved_cs_client     = @@character_set_client */;
/*!40101 SET character_set_client = utf8 */;
CREATE TABLE `cms_pagemoderatorstate` (
  `created` datetime NOT NULL,
  `page_id` int(11) NOT NULL,
  `user_id` int(11) DEFAULT NULL,
  `action` varchar(3) DEFAULT NULL,
  `message` longtext NOT NULL,
  `id` int(11) NOT NULL AUTO_INCREMENT,
  PRIMARY KEY (`id`),
  KEY `cms_pagemoderatorstate_32d04bc7` (`page_id`),
  KEY `cms_pagemoderatorstate_403f60f` (`user_id`)
) ENGINE=MyISAM DEFAULT CHARSET=latin1;
/*!40101 SET character_set_client = @saved_cs_client */;

--
-- Dumping data for table `cms_pagemoderatorstate`
--

LOCK TABLES `cms_pagemoderatorstate` WRITE;
/*!40000 ALTER TABLE `cms_pagemoderatorstate` DISABLE KEYS */;
/*!40000 ALTER TABLE `cms_pagemoderatorstate` ENABLE KEYS */;
UNLOCK TABLES;

--
-- Table structure for table `cms_pagepermission`
--

DROP TABLE IF EXISTS `cms_pagepermission`;
/*!40101 SET @saved_cs_client     = @@character_set_client */;
/*!40101 SET character_set_client = utf8 */;
CREATE TABLE `cms_pagepermission` (
  `group_id` int(11) DEFAULT NULL,
  `can_publish` tinyint(1) NOT NULL DEFAULT '1',
  `page_id` int(11) DEFAULT NULL,
  `user_id` int(11) DEFAULT NULL,
  `id` int(11) NOT NULL AUTO_INCREMENT,
  `can_delete` tinyint(1) NOT NULL DEFAULT '1',
  `can_change_permissions` tinyint(1) NOT NULL DEFAULT '0',
  `can_moderate` tinyint(1) NOT NULL DEFAULT '1',
  `can_add` tinyint(1) NOT NULL DEFAULT '1',
  `grant_on` int(11) NOT NULL DEFAULT '5',
  `can_move_page` tinyint(1) NOT NULL DEFAULT '1',
  `can_change` tinyint(1) NOT NULL DEFAULT '1',
  `can_change_advanced_settings` tinyint(1) NOT NULL DEFAULT '0',
  PRIMARY KEY (`id`),
  KEY `cms_pagepermission_425ae3c4` (`group_id`),
  KEY `cms_pagepermission_32d04bc7` (`page_id`),
  KEY `cms_pagepermission_403f60f` (`user_id`)
) ENGINE=MyISAM DEFAULT CHARSET=latin1;
/*!40101 SET character_set_client = @saved_cs_client */;

--
-- Dumping data for table `cms_pagepermission`
--

LOCK TABLES `cms_pagepermission` WRITE;
/*!40000 ALTER TABLE `cms_pagepermission` DISABLE KEYS */;
/*!40000 ALTER TABLE `cms_pagepermission` ENABLE KEYS */;
UNLOCK TABLES;

--
-- Table structure for table `cms_pageuser`
--

DROP TABLE IF EXISTS `cms_pageuser`;
/*!40101 SET @saved_cs_client     = @@character_set_client */;
/*!40101 SET character_set_client = utf8 */;
CREATE TABLE `cms_pageuser` (
  `user_ptr_id` int(11) NOT NULL,
  `created_by_id` int(11) NOT NULL,
  PRIMARY KEY (`user_ptr_id`),
  KEY `cms_pageuser_4a21cf42` (`created_by_id`)
) ENGINE=MyISAM DEFAULT CHARSET=latin1;
/*!40101 SET character_set_client = @saved_cs_client */;

--
-- Dumping data for table `cms_pageuser`
--

LOCK TABLES `cms_pageuser` WRITE;
/*!40000 ALTER TABLE `cms_pageuser` DISABLE KEYS */;
/*!40000 ALTER TABLE `cms_pageuser` ENABLE KEYS */;
UNLOCK TABLES;

--
-- Table structure for table `cms_pageusergroup`
--

DROP TABLE IF EXISTS `cms_pageusergroup`;
/*!40101 SET @saved_cs_client     = @@character_set_client */;
/*!40101 SET character_set_client = utf8 */;
CREATE TABLE `cms_pageusergroup` (
  `group_ptr_id` int(11) NOT NULL,
  `created_by_id` int(11) NOT NULL,
  PRIMARY KEY (`group_ptr_id`),
  KEY `cms_pageusergroup_4a21cf42` (`created_by_id`)
) ENGINE=MyISAM DEFAULT CHARSET=latin1;
/*!40101 SET character_set_client = @saved_cs_client */;

--
-- Dumping data for table `cms_pageusergroup`
--

LOCK TABLES `cms_pageusergroup` WRITE;
/*!40000 ALTER TABLE `cms_pageusergroup` DISABLE KEYS */;
/*!40000 ALTER TABLE `cms_pageusergroup` ENABLE KEYS */;
UNLOCK TABLES;

--
-- Table structure for table `cms_placeholder`
--

DROP TABLE IF EXISTS `cms_placeholder`;
/*!40101 SET @saved_cs_client     = @@character_set_client */;
/*!40101 SET character_set_client = utf8 */;
CREATE TABLE `cms_placeholder` (
  `slot` varchar(50) NOT NULL,
  `id` int(11) NOT NULL AUTO_INCREMENT,
  `default_width` smallint(5) unsigned,
  PRIMARY KEY (`id`),
  KEY `cms_placeholder_400badfd` (`slot`)
) ENGINE=MyISAM AUTO_INCREMENT=17 DEFAULT CHARSET=latin1;
/*!40101 SET character_set_client = @saved_cs_client */;

--
-- Dumping data for table `cms_placeholder`
--

LOCK TABLES `cms_placeholder` WRITE;
/*!40000 ALTER TABLE `cms_placeholder` DISABLE KEYS */;
INSERT INTO `cms_placeholder` VALUES ('content',5,NULL),('right_column',4,NULL),('footer',6,NULL),('content',7,NULL),('content',8,NULL),('content',9,NULL),('content',10,NULL),('listing_content',15,NULL),('detail_content',16,NULL);
/*!40000 ALTER TABLE `cms_placeholder` ENABLE KEYS */;
UNLOCK TABLES;

--
-- Table structure for table `cms_title`
--

DROP TABLE IF EXISTS `cms_title`;
/*!40101 SET @saved_cs_client     = @@character_set_client */;
/*!40101 SET character_set_client = utf8 */;
CREATE TABLE `cms_title` (
  `language` varchar(15) NOT NULL,
  `title` varchar(255) NOT NULL,
  `page_id` int(11) NOT NULL,
  `id` int(11) NOT NULL AUTO_INCREMENT,
  `path` varchar(255) NOT NULL,
  `creation_date` datetime NOT NULL DEFAULT '2011-04-08 16:35:13',
  `slug` varchar(255) NOT NULL,
  `has_url_overwrite` tinyint(1) NOT NULL DEFAULT '0',
  `application_urls` varchar(200),
  `redirect` varchar(255) DEFAULT NULL,
  `meta_keywords` varchar(255) DEFAULT NULL,
  `meta_description` longtext,
  `page_title` varchar(255) DEFAULT NULL,
  `menu_title` varchar(255) DEFAULT NULL,
  PRIMARY KEY (`id`),
  UNIQUE KEY `cms_title_page_id_175d922b_uniq` (`page_id`,`language`),
  KEY `cms_title_75853655` (`language`),
  KEY `cms_title_32d04bc7` (`page_id`),
  KEY `cms_title_6a8a34e2` (`path`),
  KEY `cms_title_56ae2a2a` (`slug`),
  KEY `cms_title_3d964e2e` (`has_url_overwrite`),
  KEY `cms_title_23b1fc68` (`application_urls`)
) ENGINE=MyISAM AUTO_INCREMENT=11 DEFAULT CHARSET=latin1;
/*!40101 SET character_set_client = @saved_cs_client */;

--
-- Dumping data for table `cms_title`
--

LOCK TABLES `cms_title` WRITE;
/*!40000 ALTER TABLE `cms_title` DISABLE KEYS */;
INSERT INTO `cms_title` VALUES ('en','Home',4,2,'home','2011-04-09 14:32:45','home',0,'','','','','',''),('en','About us',5,3,'about-us','2011-04-12 12:03:38','about-us',0,'','','','','',''),('en','Uber Meta Parent',6,4,'uber-meta-parent','2011-04-12 12:37:01','uber-meta-parent',0,'','','','','',''),('en','People',7,5,'about-us/people','2011-04-12 13:09:11','people',0,'','','','','',''),('en','Programmes',8,6,'programmes','2011-04-12 13:54:15','programmes',0,'ProgrammesAppHook','','','','','');
/*!40000 ALTER TABLE `cms_title` ENABLE KEYS */;
UNLOCK TABLES;

--
-- Table structure for table `cmsplugin_file`
--

DROP TABLE IF EXISTS `cmsplugin_file`;
/*!40101 SET @saved_cs_client     = @@character_set_client */;
/*!40101 SET character_set_client = utf8 */;
CREATE TABLE `cmsplugin_file` (
  `cmsplugin_ptr_id` int(11) NOT NULL,
  `file` varchar(100) NOT NULL,
  `title` varchar(255) DEFAULT NULL,
  UNIQUE KEY `cmsplugin_ptr_id` (`cmsplugin_ptr_id`)
) ENGINE=MyISAM DEFAULT CHARSET=latin1;
/*!40101 SET character_set_client = @saved_cs_client */;

--
-- Dumping data for table `cmsplugin_file`
--

LOCK TABLES `cmsplugin_file` WRITE;
/*!40000 ALTER TABLE `cmsplugin_file` DISABLE KEYS */;
/*!40000 ALTER TABLE `cmsplugin_file` ENABLE KEYS */;
UNLOCK TABLES;

--
-- Table structure for table `cmsplugin_googlemap`
--

DROP TABLE IF EXISTS `cmsplugin_googlemap`;
/*!40101 SET @saved_cs_client     = @@character_set_client */;
/*!40101 SET character_set_client = utf8 */;
CREATE TABLE `cmsplugin_googlemap` (
  `city` varchar(100) NOT NULL,
  `title` varchar(100) DEFAULT NULL,
  `cmsplugin_ptr_id` int(11) NOT NULL,
  `zoom` int(11) DEFAULT NULL,
  `content` varchar(255) DEFAULT NULL,
  `address` varchar(150) NOT NULL,
  `zipcode` varchar(30) NOT NULL,
  `lng` decimal(10,6) DEFAULT NULL,
  `lat` decimal(10,6) DEFAULT NULL,
  `route_planer` tinyint(1) NOT NULL DEFAULT '0',
  `route_planer_title` varchar(150) DEFAULT 'Calculate your fastest way to here',
  PRIMARY KEY (`cmsplugin_ptr_id`)
) ENGINE=MyISAM DEFAULT CHARSET=latin1;
/*!40101 SET character_set_client = @saved_cs_client */;

--
-- Dumping data for table `cmsplugin_googlemap`
--

LOCK TABLES `cmsplugin_googlemap` WRITE;
/*!40000 ALTER TABLE `cmsplugin_googlemap` DISABLE KEYS */;
/*!40000 ALTER TABLE `cmsplugin_googlemap` ENABLE KEYS */;
UNLOCK TABLES;

--
-- Table structure for table `cmsplugin_link`
--

DROP TABLE IF EXISTS `cmsplugin_link`;
/*!40101 SET @saved_cs_client     = @@character_set_client */;
/*!40101 SET character_set_client = utf8 */;
CREATE TABLE `cmsplugin_link` (
  `url` varchar(200) DEFAULT NULL,
  `cmsplugin_ptr_id` int(11) NOT NULL,
  `name` varchar(256) NOT NULL,
  `page_link_id` int(11) DEFAULT NULL,
  `mailto` varchar(75) DEFAULT NULL,
  UNIQUE KEY `cmsplugin_ptr_id` (`cmsplugin_ptr_id`),
  KEY `link_link_32d04bc7` (`page_link_id`)
) ENGINE=MyISAM DEFAULT CHARSET=latin1;
/*!40101 SET character_set_client = @saved_cs_client */;

--
-- Dumping data for table `cmsplugin_link`
--

LOCK TABLES `cmsplugin_link` WRITE;
/*!40000 ALTER TABLE `cmsplugin_link` DISABLE KEYS */;
/*!40000 ALTER TABLE `cmsplugin_link` ENABLE KEYS */;
UNLOCK TABLES;

--
-- Table structure for table `cmsplugin_picture`
--

DROP TABLE IF EXISTS `cmsplugin_picture`;
/*!40101 SET @saved_cs_client     = @@character_set_client */;
/*!40101 SET character_set_client = utf8 */;
CREATE TABLE `cmsplugin_picture` (
  `url` varchar(255) DEFAULT NULL,
  `image` varchar(100) NOT NULL,
  `cmsplugin_ptr_id` int(11) NOT NULL,
  `alt` varchar(255) DEFAULT NULL,
  `page_link_id` int(11) DEFAULT NULL,
  `float` varchar(10) DEFAULT NULL,
  `longdesc` varchar(255) NOT NULL DEFAULT '',
  UNIQUE KEY `cmsplugin_ptr_id` (`cmsplugin_ptr_id`),
  KEY `cmsplugin_picture_37c07cc5` (`page_link_id`)
) ENGINE=MyISAM DEFAULT CHARSET=latin1;
/*!40101 SET character_set_client = @saved_cs_client */;

--
-- Dumping data for table `cmsplugin_picture`
--

LOCK TABLES `cmsplugin_picture` WRITE;
/*!40000 ALTER TABLE `cmsplugin_picture` DISABLE KEYS */;
/*!40000 ALTER TABLE `cmsplugin_picture` ENABLE KEYS */;
UNLOCK TABLES;

--
-- Table structure for table `cmsplugin_snippetptr`
--

DROP TABLE IF EXISTS `cmsplugin_snippetptr`;
/*!40101 SET @saved_cs_client     = @@character_set_client */;
/*!40101 SET character_set_client = utf8 */;
CREATE TABLE `cmsplugin_snippetptr` (
  `cmsplugin_ptr_id` int(11) NOT NULL,
  `snippet_id` int(11) NOT NULL,
  UNIQUE KEY `cmsplugin_ptr_id` (`cmsplugin_ptr_id`),
  KEY `snippet_snippetptr_37e31bc4` (`snippet_id`)
) ENGINE=MyISAM DEFAULT CHARSET=latin1;
/*!40101 SET character_set_client = @saved_cs_client */;

--
-- Dumping data for table `cmsplugin_snippetptr`
--

LOCK TABLES `cmsplugin_snippetptr` WRITE;
/*!40000 ALTER TABLE `cmsplugin_snippetptr` DISABLE KEYS */;
/*!40000 ALTER TABLE `cmsplugin_snippetptr` ENABLE KEYS */;
UNLOCK TABLES;

--
-- Table structure for table `cmsplugin_text`
--

DROP TABLE IF EXISTS `cmsplugin_text`;
/*!40101 SET @saved_cs_client     = @@character_set_client */;
/*!40101 SET character_set_client = utf8 */;
CREATE TABLE `cmsplugin_text` (
  `body` longtext NOT NULL,
  `cmsplugin_ptr_id` int(11) NOT NULL,
  UNIQUE KEY `cmsplugin_ptr_id` (`cmsplugin_ptr_id`)
) ENGINE=MyISAM DEFAULT CHARSET=latin1;
/*!40101 SET character_set_client = @saved_cs_client */;

--
-- Dumping data for table `cmsplugin_text`
--

LOCK TABLES `cmsplugin_text` WRITE;
/*!40000 ALTER TABLE `cmsplugin_text` DISABLE KEYS */;
INSERT INTO `cmsplugin_text` VALUES ('<p><img style=\"float: right;\" src=\"../../../../../../site_media/media/files/images/vaccine-fridge.jpg\" alt=\"\" width=\"100\" height=\"127\" />Testing out this crazy front end editing caper.</p>\r\n<p><img style=\"vertical-align: middle;\" src=\"../../../../../../site_media/media/files/images/solar-sinje-roof.jpg\" alt=\"\" width=\"100\" height=\"100\" /></p>',1),('<p>bit of text that will appear on the programmes listing page</p>',24),('<p>A bit of detail content that appears on every detail page</p>',26),('<p>A bit of listing content</p>',27);
/*!40000 ALTER TABLE `cmsplugin_text` ENABLE KEYS */;
UNLOCK TABLES;

--
-- Table structure for table `django_admin_log`
--

DROP TABLE IF EXISTS `django_admin_log`;
/*!40101 SET @saved_cs_client     = @@character_set_client */;
/*!40101 SET character_set_client = utf8 */;
CREATE TABLE `django_admin_log` (
  `id` int(11) NOT NULL AUTO_INCREMENT,
  `action_time` datetime NOT NULL,
  `user_id` int(11) NOT NULL,
  `content_type_id` int(11) DEFAULT NULL,
  `object_id` longtext,
  `object_repr` varchar(200) NOT NULL,
  `action_flag` smallint(5) unsigned NOT NULL,
  `change_message` longtext NOT NULL,
  PRIMARY KEY (`id`),
  KEY `django_admin_log_403f60f` (`user_id`),
  KEY `django_admin_log_1bb8f392` (`content_type_id`)
) ENGINE=MyISAM AUTO_INCREMENT=42 DEFAULT CHARSET=latin1;
/*!40101 SET character_set_client = @saved_cs_client */;

--
-- Dumping data for table `django_admin_log`
--

LOCK TABLES `django_admin_log` WRITE;
/*!40000 ALTER TABLE `django_admin_log` DISABLE KEYS */;
INSERT INTO `django_admin_log` VALUES (1,'2011-04-09 14:31:56',1,39,'3','Home',1,''),(2,'2011-04-09 14:32:07',1,39,'3','Home',3,''),(3,'2011-04-09 14:32:15',1,39,'2','',3,''),(4,'2011-04-09 14:32:19',1,39,'1','',3,''),(5,'2011-04-09 14:32:45',1,39,'4','Home',1,''),(6,'2011-04-09 14:33:42',1,39,'4','Home',2,'Changed published, in_navigation and moderator_state.'),(7,'2011-04-11 17:41:26',1,39,'4','Home',2,'Changed template, language and moderator_state.'),(8,'2011-04-12 12:03:38',1,39,'5','About us',1,''),(9,'2011-04-12 12:06:19',1,39,'5','About us',2,'Changed published, in_navigation, language and moderator_state.'),(10,'2011-04-12 12:33:25',1,39,'4','Home',2,'Changed in_navigation, language and moderator_state.'),(11,'2011-04-12 12:37:01',1,39,'6','Uber Parent Meta',1,''),(12,'2011-04-12 12:37:13',1,39,'6','Uber Parent Meta',2,'Changed language and moderator_state.'),(13,'2011-04-12 12:42:42',1,39,'6','Uber Parent Meta',2,'Changed title, slug, language and moderator_state.'),(14,'2011-04-12 13:09:11',1,39,'7','People',1,''),(15,'2011-04-12 13:09:23',1,39,'7','People',2,'Changed published, in_navigation, language and moderator_state.'),(16,'2011-04-12 13:49:48',1,39,'5','About us',2,'Changed reverse_id, language and moderator_state.'),(17,'2011-04-12 13:54:16',1,39,'8','projects',1,''),(18,'2011-04-12 13:54:50',1,39,'9','health',1,''),(19,'2011-04-12 13:55:03',1,39,'9','health',2,'Changed published, in_navigation, language and moderator_state.'),(20,'2011-04-12 13:55:24',1,39,'8','projects',2,'Changed published, in_navigation, language and moderator_state.'),(21,'2011-04-12 13:57:48',1,39,'10','Education',1,''),(22,'2011-04-12 13:58:09',1,39,'10','Education',2,'Changed published, in_navigation, language and moderator_state.'),(23,'2011-04-12 16:24:52',1,39,'9','health',3,''),(24,'2011-04-12 16:25:02',1,39,'10','Education',3,''),(25,'2011-04-12 16:25:36',1,39,'8','projects',2,'Changed title, slug, language and moderator_state.'),(26,'2011-04-12 16:29:43',1,63,'1','Health',1,''),(27,'2011-04-12 16:40:57',1,39,'8','Programmes',2,'Changed navigation_extenders, language and moderator_state.'),(28,'2011-04-12 17:25:53',1,39,'8','Programmes',2,'Changed navigation_extenders, language and moderator_state.'),(29,'2011-04-12 17:58:05',1,39,'8','Programmes',2,'Changed application_urls, language and moderator_state.'),(30,'2011-04-12 18:41:22',1,63,'2','Education',1,''),(31,'2011-04-12 19:14:04',1,39,'11','programmes info',1,''),(32,'2011-04-12 19:14:50',1,39,'11','programmes info',2,'Changed published, language and moderator_state.'),(33,'2011-04-12 19:16:02',1,39,'11','programmes info',2,'Changed reverse_id, language and moderator_state.'),(34,'2011-04-12 19:18:32',1,39,'8','Programmes',2,'Changed language and moderator_state.'),(35,'2011-04-13 08:40:37',1,39,'8','Programmes',2,'Changed reverse_id, language and moderator_state.'),(36,'2011-04-13 08:47:07',1,39,'11','programmes info',3,''),(37,'2011-04-13 08:47:30',1,39,'12','Programme Detail',1,''),(38,'2011-04-13 08:47:48',1,39,'12','Programme Detail',2,'Changed published, reverse_id, language and moderator_state.'),(39,'2011-04-13 09:32:33',1,39,'8','Programmes',2,'Changed language and moderator_state.'),(40,'2011-04-13 09:43:51',1,39,'8','Programmes',2,'Changed template, language and moderator_state.'),(41,'2011-04-13 09:53:09',1,39,'12','Programme Detail',3,'');
/*!40000 ALTER TABLE `django_admin_log` ENABLE KEYS */;
UNLOCK TABLES;

--
-- Table structure for table `django_comment_flags`
--

DROP TABLE IF EXISTS `django_comment_flags`;
/*!40101 SET @saved_cs_client     = @@character_set_client */;
/*!40101 SET character_set_client = utf8 */;
CREATE TABLE `django_comment_flags` (
  `id` int(11) NOT NULL AUTO_INCREMENT,
  `user_id` int(11) NOT NULL,
  `comment_id` int(11) NOT NULL,
  `flag` varchar(30) NOT NULL,
  `flag_date` datetime NOT NULL,
  PRIMARY KEY (`id`),
  UNIQUE KEY `user_id` (`user_id`,`comment_id`,`flag`),
  KEY `django_comment_flags_403f60f` (`user_id`),
  KEY `django_comment_flags_64c238ac` (`comment_id`),
  KEY `django_comment_flags_111c90f9` (`flag`)
) ENGINE=MyISAM DEFAULT CHARSET=latin1;
/*!40101 SET character_set_client = @saved_cs_client */;

--
-- Dumping data for table `django_comment_flags`
--

LOCK TABLES `django_comment_flags` WRITE;
/*!40000 ALTER TABLE `django_comment_flags` DISABLE KEYS */;
/*!40000 ALTER TABLE `django_comment_flags` ENABLE KEYS */;
UNLOCK TABLES;

--
-- Table structure for table `django_comments`
--

DROP TABLE IF EXISTS `django_comments`;
/*!40101 SET @saved_cs_client     = @@character_set_client */;
/*!40101 SET character_set_client = utf8 */;
CREATE TABLE `django_comments` (
  `id` int(11) NOT NULL AUTO_INCREMENT,
  `content_type_id` int(11) NOT NULL,
  `object_pk` longtext NOT NULL,
  `site_id` int(11) NOT NULL,
  `user_id` int(11) DEFAULT NULL,
  `user_name` varchar(50) NOT NULL,
  `user_email` varchar(75) NOT NULL,
  `user_url` varchar(200) NOT NULL,
  `comment` longtext NOT NULL,
  `submit_date` datetime NOT NULL,
  `ip_address` char(15) DEFAULT NULL,
  `is_public` tinyint(1) NOT NULL,
  `is_removed` tinyint(1) NOT NULL,
  PRIMARY KEY (`id`),
  KEY `django_comments_1bb8f392` (`content_type_id`),
  KEY `django_comments_6223029` (`site_id`),
  KEY `django_comments_403f60f` (`user_id`)
) ENGINE=MyISAM DEFAULT CHARSET=latin1;
/*!40101 SET character_set_client = @saved_cs_client */;

--
-- Dumping data for table `django_comments`
--

LOCK TABLES `django_comments` WRITE;
/*!40000 ALTER TABLE `django_comments` DISABLE KEYS */;
/*!40000 ALTER TABLE `django_comments` ENABLE KEYS */;
UNLOCK TABLES;

--
-- Table structure for table `django_content_type`
--

DROP TABLE IF EXISTS `django_content_type`;
/*!40101 SET @saved_cs_client     = @@character_set_client */;
/*!40101 SET character_set_client = utf8 */;
CREATE TABLE `django_content_type` (
  `id` int(11) NOT NULL AUTO_INCREMENT,
  `name` varchar(100) NOT NULL,
  `app_label` varchar(100) NOT NULL,
  `model` varchar(100) NOT NULL,
  PRIMARY KEY (`id`),
  UNIQUE KEY `app_label` (`app_label`,`model`)
) ENGINE=MyISAM AUTO_INCREMENT=65 DEFAULT CHARSET=latin1;
/*!40101 SET character_set_client = @saved_cs_client */;

--
-- Dumping data for table `django_content_type`
--

LOCK TABLES `django_content_type` WRITE;
/*!40000 ALTER TABLE `django_content_type` DISABLE KEYS */;
INSERT INTO `django_content_type` VALUES (1,'notice type','notification','noticetype'),(2,'notice setting','notification','noticesetting'),(3,'notice','notification','notice'),(4,'notice queue batch','notification','noticequeuebatch'),(5,'observed item','notification','observeditem'),(6,'log entry','admin','logentry'),(7,'permission','auth','permission'),(8,'group','auth','group'),(9,'user','auth','user'),(10,'message','auth','message'),(11,'comment','comments','comment'),(12,'comment flag','comments','commentflag'),(13,'content type','contenttypes','contenttype'),(14,'session','sessions','session'),(15,'site','sites','site'),(16,'message','mailer','message'),(17,'don\'t send entry','mailer','dontsendentry'),(18,'message log','mailer','messagelog'),(19,'e-mail address','emailconfirmation','emailaddress'),(20,'e-mail confirmation','emailconfirmation','emailconfirmation'),(21,'announcement','announcements','announcement'),(22,'kv store','thumbnail','kvstore'),(23,'view tracker','popularity','viewtracker'),(24,'migration history','south','migrationhistory'),(25,'Tag','taggit','tag'),(26,'Tagged Item','taggit','taggeditem'),(27,'account','account','account'),(28,'other service info','account','otherserviceinfo'),(29,'password reset','account','passwordreset'),(30,'profile','profiles','profile'),(31,'nonce','django_openid','nonce'),(32,'association','django_openid','association'),(33,'user openid association','django_openid','useropenidassociation'),(34,'queue','mailchimp','queue'),(35,'Mailchimp Log','mailchimp','campaign'),(36,'reciever','mailchimp','reciever'),(37,'placeholder','cms','placeholder'),(38,'cms plugin','cms','cmsplugin'),(39,'page','cms','page'),(40,'PageModerator','cms','pagemoderator'),(41,'Page moderator state','cms','pagemoderatorstate'),(42,'Page global permission','cms','globalpagepermission'),(43,'Page permission','cms','pagepermission'),(44,'User (page)','cms','pageuser'),(45,'User group (page)','cms','pageusergroup'),(46,'title','cms','title'),(47,'picture','picture','picture'),(48,'text','text','text'),(49,'Snippet','snippet','snippet'),(50,'Snippet','snippet','snippetptr'),(51,'link','link','link'),(52,'google map','googlemap','googlemap'),(53,'file','file','file'),(54,'cache key','menus','cachekey'),(55,'image','images','image'),(56,'site feature area','features','sitefeaturearea'),(57,'feature set','features','featureset'),(58,'feature','features','feature'),(59,'feature schedule','features','featureschedule'),(60,'project location','projects','projectlocation'),(61,'project','projects','project'),(62,'project image','projects','projectimage'),(63,'programme','programmes','programme'),(64,'programme image','programmes','programmeimage');
/*!40000 ALTER TABLE `django_content_type` ENABLE KEYS */;
UNLOCK TABLES;

--
-- Table structure for table `django_openid_association`
--

DROP TABLE IF EXISTS `django_openid_association`;
/*!40101 SET @saved_cs_client     = @@character_set_client */;
/*!40101 SET character_set_client = utf8 */;
CREATE TABLE `django_openid_association` (
  `id` int(11) NOT NULL AUTO_INCREMENT,
  `server_url` longtext NOT NULL,
  `handle` varchar(255) NOT NULL,
  `secret` longtext NOT NULL,
  `issued` int(11) NOT NULL,
  `lifetime` int(11) NOT NULL,
  `assoc_type` longtext NOT NULL,
  PRIMARY KEY (`id`)
) ENGINE=MyISAM DEFAULT CHARSET=latin1;
/*!40101 SET character_set_client = @saved_cs_client */;

--
-- Dumping data for table `django_openid_association`
--

LOCK TABLES `django_openid_association` WRITE;
/*!40000 ALTER TABLE `django_openid_association` DISABLE KEYS */;
/*!40000 ALTER TABLE `django_openid_association` ENABLE KEYS */;
UNLOCK TABLES;

--
-- Table structure for table `django_openid_nonce`
--

DROP TABLE IF EXISTS `django_openid_nonce`;
/*!40101 SET @saved_cs_client     = @@character_set_client */;
/*!40101 SET character_set_client = utf8 */;
CREATE TABLE `django_openid_nonce` (
  `id` int(11) NOT NULL AUTO_INCREMENT,
  `server_url` varchar(255) NOT NULL,
  `timestamp` int(11) NOT NULL,
  `salt` varchar(40) NOT NULL,
  PRIMARY KEY (`id`)
) ENGINE=MyISAM DEFAULT CHARSET=latin1;
/*!40101 SET character_set_client = @saved_cs_client */;

--
-- Dumping data for table `django_openid_nonce`
--

LOCK TABLES `django_openid_nonce` WRITE;
/*!40000 ALTER TABLE `django_openid_nonce` DISABLE KEYS */;
/*!40000 ALTER TABLE `django_openid_nonce` ENABLE KEYS */;
UNLOCK TABLES;

--
-- Table structure for table `django_openid_useropenidassociation`
--

DROP TABLE IF EXISTS `django_openid_useropenidassociation`;
/*!40101 SET @saved_cs_client     = @@character_set_client */;
/*!40101 SET character_set_client = utf8 */;
CREATE TABLE `django_openid_useropenidassociation` (
  `id` int(11) NOT NULL AUTO_INCREMENT,
  `user_id` int(11) NOT NULL,
  `openid` varchar(255) NOT NULL,
  `created` datetime NOT NULL,
  PRIMARY KEY (`id`),
  KEY `django_openid_useropenidassociation_403f60f` (`user_id`)
) ENGINE=MyISAM DEFAULT CHARSET=latin1;
/*!40101 SET character_set_client = @saved_cs_client */;

--
-- Dumping data for table `django_openid_useropenidassociation`
--

LOCK TABLES `django_openid_useropenidassociation` WRITE;
/*!40000 ALTER TABLE `django_openid_useropenidassociation` DISABLE KEYS */;
/*!40000 ALTER TABLE `django_openid_useropenidassociation` ENABLE KEYS */;
UNLOCK TABLES;

--
-- Table structure for table `django_session`
--

DROP TABLE IF EXISTS `django_session`;
/*!40101 SET @saved_cs_client     = @@character_set_client */;
/*!40101 SET character_set_client = utf8 */;
CREATE TABLE `django_session` (
  `session_key` varchar(40) NOT NULL,
  `session_data` longtext NOT NULL,
  `expire_date` datetime NOT NULL,
  PRIMARY KEY (`session_key`)
) ENGINE=MyISAM DEFAULT CHARSET=latin1;
/*!40101 SET character_set_client = @saved_cs_client */;

--
-- Dumping data for table `django_session`
--

LOCK TABLES `django_session` WRITE;
/*!40000 ALTER TABLE `django_session` DISABLE KEYS */;
INSERT INTO `django_session` VALUES ('4b5da21463b4ed80d5d7c466d24b9cfd','gAJ9cQEoVQp0ZXN0Y29va2llcQJVBndvcmtlZHEDVQ9kamFuZ29fbGFuZ3VhZ2VxBFgCAAAAZW5x\nBXUuNWNkZmVkMzJmNWE4M2UwNTUzNzFlODIyZjI4ZDk5NDU=\n','2011-04-23 13:52:06'),('0561d4d73d89e8e95e13ac39fc67a6e8','gAJ9cQEoVQ5jbXNfYWRtaW5fc2l0ZXECigEBVRJfYXV0aF91c2VyX2JhY2tlbmRxA1UscHJvZmls\nZXMuYXV0aF9iYWNrZW5kcy5BdXRoZW50aWNhdGlvbkJhY2tlbmRxBFUPZGphbmdvX2xhbmd1YWdl\ncQVYAgAAAGVucQZVDV9hdXRoX3VzZXJfaWRxB4oBAXUuMzE2MmRmZjJiNjZiZjMxMmRkOWNiOTM1\nZjY1NjhkNDU=\n','2011-04-23 13:47:58'),('70c6f270c47d9568298f7d589bfa5a63','gAJ9cQEuODg5NGJhOWQzMjZmMDY0NDk0Y2I5OTFiYzA5YWVlZWY=\n','2011-04-23 13:52:28'),('b08146d2a88adaefbe90068df90836bc','gAJ9cQEoVQ5jbXNfYWRtaW5fc2l0ZXECigEBVQ1fYXV0aF91c2VyX2lkcQOKAQFVEl9hdXRoX3Vz\nZXJfYmFja2VuZHEEVSxwcm9maWxlcy5hdXRoX2JhY2tlbmRzLkF1dGhlbnRpY2F0aW9uQmFja2Vu\nZHEFVQhjbXNfZWRpdHEGiFUPZGphbmdvX2xhbmd1YWdlcQdYAgAAAGVucQh1LjQxNGI1MWE3ZmRk\nZjNlOWQ4ZTc3M2EyOTZhNWZhODc3\n','2011-04-24 08:23:22'),('ca91b1555860e389ca90e70fa21ff875','gAJ9cQEuODg5NGJhOWQzMjZmMDY0NDk0Y2I5OTFiYzA5YWVlZWY=\n','2011-04-24 09:00:15'),('a76769d150a4c08006a56de41eea067b','gAJ9cQEoVQ1fYXV0aF91c2VyX2lkcQKKAQFVD2RqYW5nb19sYW5ndWFnZXEDWAIAAABlbnEEVRJf\nYXV0aF91c2VyX2JhY2tlbmRxBVUscHJvZmlsZXMuYXV0aF9iYWNrZW5kcy5BdXRoZW50aWNhdGlv\nbkJhY2tlbmRxBnUuMDJlNzQ2MzU3MDg4YzlkMGJmNzkzZGQ0OTg0MWU0NDc=\n','2011-04-23 18:37:30'),('e587ca7ac2e3f11eba391b24875333d0','gAJ9cQEoVQ1fYXV0aF91c2VyX2lkcQKKAQFVD2RqYW5nb19sYW5ndWFnZXEDWAIAAABlbnEEVRJf\nYXV0aF91c2VyX2JhY2tlbmRxBVUscHJvZmlsZXMuYXV0aF9iYWNrZW5kcy5BdXRoZW50aWNhdGlv\nbkJhY2tlbmRxBnUuMDJlNzQ2MzU3MDg4YzlkMGJmNzkzZGQ0OTg0MWU0NDc=\n','2011-04-24 14:39:10'),('205398af8ae3e13c0ae5a7cdb213fb72','gAJ9cQEoVQ1fYXV0aF91c2VyX2lkcQKKAQFVCGNtc19lZGl0cQOJVRJfYXV0aF91c2VyX2JhY2tl\nbmRxBFUscHJvZmlsZXMuYXV0aF9iYWNrZW5kcy5BdXRoZW50aWNhdGlvbkJhY2tlbmRxBVUPZGph\nbmdvX2xhbmd1YWdlcQZYAgAAAGVucQd1LjhkZTA0MDU0MzA2ZTBjMTA2YTc3OTgyMTI3MDMwMDY0\n','2011-04-24 17:07:29'),('8154abd2a557d970b587de964aff318b','gAJ9cQEoVQ5jbXNfYWRtaW5fc2l0ZXECigEBVQhjbXNfZWRpdHEDiVUNX2F1dGhfdXNlcl9pZHEE\nigEBVRJfYXV0aF91c2VyX2JhY2tlbmRxBVUscHJvZmlsZXMuYXV0aF9iYWNrZW5kcy5BdXRoZW50\naWNhdGlvbkJhY2tlbmRxBlUPZGphbmdvX2xhbmd1YWdlcQdYAgAAAGVucQh1LjgxMGMxMGY1MjU1\nOTUwM2E4ZDNjNDE1ZTI4N2VmMmVm\n','2011-04-27 10:21:30');
/*!40000 ALTER TABLE `django_session` ENABLE KEYS */;
UNLOCK TABLES;

--
-- Table structure for table `django_site`
--

DROP TABLE IF EXISTS `django_site`;
/*!40101 SET @saved_cs_client     = @@character_set_client */;
/*!40101 SET character_set_client = utf8 */;
CREATE TABLE `django_site` (
  `id` int(11) NOT NULL AUTO_INCREMENT,
  `domain` varchar(100) NOT NULL,
  `name` varchar(50) NOT NULL,
  PRIMARY KEY (`id`)
) ENGINE=MyISAM AUTO_INCREMENT=2 DEFAULT CHARSET=latin1;
/*!40101 SET character_set_client = @saved_cs_client */;

--
-- Dumping data for table `django_site`
--

LOCK TABLES `django_site` WRITE;
/*!40000 ALTER TABLE `django_site` DISABLE KEYS */;
INSERT INTO `django_site` VALUES (1,'example.com','example.com');
/*!40000 ALTER TABLE `django_site` ENABLE KEYS */;
UNLOCK TABLES;

--
-- Table structure for table `emailconfirmation_emailaddress`
--

DROP TABLE IF EXISTS `emailconfirmation_emailaddress`;
/*!40101 SET @saved_cs_client     = @@character_set_client */;
/*!40101 SET character_set_client = utf8 */;
CREATE TABLE `emailconfirmation_emailaddress` (
  `id` int(11) NOT NULL AUTO_INCREMENT,
  `user_id` int(11) NOT NULL,
  `email` varchar(75) NOT NULL,
  `verified` tinyint(1) NOT NULL,
  `primary` tinyint(1) NOT NULL,
  PRIMARY KEY (`id`),
  UNIQUE KEY `user_id` (`user_id`,`email`),
  KEY `emailconfirmation_emailaddress_403f60f` (`user_id`)
) ENGINE=MyISAM AUTO_INCREMENT=2 DEFAULT CHARSET=latin1;
/*!40101 SET character_set_client = @saved_cs_client */;

--
-- Dumping data for table `emailconfirmation_emailaddress`
--

LOCK TABLES `emailconfirmation_emailaddress` WRITE;
/*!40000 ALTER TABLE `emailconfirmation_emailaddress` DISABLE KEYS */;
INSERT INTO `emailconfirmation_emailaddress` VALUES (1,1,'dan.peade@gmail.com',1,1);
/*!40000 ALTER TABLE `emailconfirmation_emailaddress` ENABLE KEYS */;
UNLOCK TABLES;

--
-- Table structure for table `emailconfirmation_emailconfirmation`
--

DROP TABLE IF EXISTS `emailconfirmation_emailconfirmation`;
/*!40101 SET @saved_cs_client     = @@character_set_client */;
/*!40101 SET character_set_client = utf8 */;
CREATE TABLE `emailconfirmation_emailconfirmation` (
  `id` int(11) NOT NULL AUTO_INCREMENT,
  `email_address_id` int(11) NOT NULL,
  `sent` datetime NOT NULL,
  `confirmation_key` varchar(40) NOT NULL,
  PRIMARY KEY (`id`),
  KEY `emailconfirmation_emailconfirmation_1df9fea4` (`email_address_id`)
) ENGINE=MyISAM DEFAULT CHARSET=latin1;
/*!40101 SET character_set_client = @saved_cs_client */;

--
-- Dumping data for table `emailconfirmation_emailconfirmation`
--

LOCK TABLES `emailconfirmation_emailconfirmation` WRITE;
/*!40000 ALTER TABLE `emailconfirmation_emailconfirmation` DISABLE KEYS */;
/*!40000 ALTER TABLE `emailconfirmation_emailconfirmation` ENABLE KEYS */;
UNLOCK TABLES;

--
-- Table structure for table `features_feature`
--

DROP TABLE IF EXISTS `features_feature`;
/*!40101 SET @saved_cs_client     = @@character_set_client */;
/*!40101 SET character_set_client = utf8 */;
CREATE TABLE `features_feature` (
  `id` int(11) NOT NULL AUTO_INCREMENT,
  `feature_set_id` int(11) DEFAULT NULL,
  `content_type_id` int(11) NOT NULL,
  `object_id` int(10) unsigned NOT NULL,
  `active` tinyint(1) NOT NULL,
  `feature_summary` varchar(200) NOT NULL,
  `order` int(10) unsigned DEFAULT NULL,
  PRIMARY KEY (`id`),
  KEY `features_feature_50806fc4` (`feature_set_id`),
  KEY `features_feature_1bb8f392` (`content_type_id`)
) ENGINE=MyISAM DEFAULT CHARSET=latin1;
/*!40101 SET character_set_client = @saved_cs_client */;

--
-- Dumping data for table `features_feature`
--

LOCK TABLES `features_feature` WRITE;
/*!40000 ALTER TABLE `features_feature` DISABLE KEYS */;
/*!40000 ALTER TABLE `features_feature` ENABLE KEYS */;
UNLOCK TABLES;

--
-- Table structure for table `features_featureschedule`
--

DROP TABLE IF EXISTS `features_featureschedule`;
/*!40101 SET @saved_cs_client     = @@character_set_client */;
/*!40101 SET character_set_client = utf8 */;
CREATE TABLE `features_featureschedule` (
  `id` int(11) NOT NULL AUTO_INCREMENT,
  `start_date_time` datetime NOT NULL,
  `end_date_time` datetime NOT NULL,
  PRIMARY KEY (`id`)
) ENGINE=MyISAM DEFAULT CHARSET=latin1;
/*!40101 SET character_set_client = @saved_cs_client */;

--
-- Dumping data for table `features_featureschedule`
--

LOCK TABLES `features_featureschedule` WRITE;
/*!40000 ALTER TABLE `features_featureschedule` DISABLE KEYS */;
/*!40000 ALTER TABLE `features_featureschedule` ENABLE KEYS */;
UNLOCK TABLES;

--
-- Table structure for table `features_featureset`
--

DROP TABLE IF EXISTS `features_featureset`;
/*!40101 SET @saved_cs_client     = @@character_set_client */;
/*!40101 SET character_set_client = utf8 */;
CREATE TABLE `features_featureset` (
  `id` int(11) NOT NULL AUTO_INCREMENT,
  `site_feature_area_id` int(11) DEFAULT NULL,
  PRIMARY KEY (`id`),
  KEY `features_featureset_6625e811` (`site_feature_area_id`)
) ENGINE=MyISAM DEFAULT CHARSET=latin1;
/*!40101 SET character_set_client = @saved_cs_client */;

--
-- Dumping data for table `features_featureset`
--

LOCK TABLES `features_featureset` WRITE;
/*!40000 ALTER TABLE `features_featureset` DISABLE KEYS */;
/*!40000 ALTER TABLE `features_featureset` ENABLE KEYS */;
UNLOCK TABLES;

--
-- Table structure for table `features_sitefeaturearea`
--

DROP TABLE IF EXISTS `features_sitefeaturearea`;
/*!40101 SET @saved_cs_client     = @@character_set_client */;
/*!40101 SET character_set_client = utf8 */;
CREATE TABLE `features_sitefeaturearea` (
  `id` int(11) NOT NULL AUTO_INCREMENT,
  `site_id` int(11) DEFAULT NULL,
  `area` varchar(50) NOT NULL,
  PRIMARY KEY (`id`),
  UNIQUE KEY `site_id` (`site_id`,`area`),
  KEY `features_sitefeaturearea_6223029` (`site_id`)
) ENGINE=MyISAM DEFAULT CHARSET=latin1;
/*!40101 SET character_set_client = @saved_cs_client */;

--
-- Dumping data for table `features_sitefeaturearea`
--

LOCK TABLES `features_sitefeaturearea` WRITE;
/*!40000 ALTER TABLE `features_sitefeaturearea` DISABLE KEYS */;
/*!40000 ALTER TABLE `features_sitefeaturearea` ENABLE KEYS */;
UNLOCK TABLES;

--
-- Table structure for table `images_image`
--

DROP TABLE IF EXISTS `images_image`;
/*!40101 SET @saved_cs_client     = @@character_set_client */;
/*!40101 SET character_set_client = utf8 */;
CREATE TABLE `images_image` (
  `id` int(11) NOT NULL AUTO_INCREMENT,
  `slug` varchar(250) NOT NULL,
  `created` datetime NOT NULL,
  `modified` datetime NOT NULL,
  `created_by_id` int(11) DEFAULT NULL,
  `modified_by_id` int(11) DEFAULT NULL,
  `slide_show` tinyint(1) NOT NULL,
  `image` varchar(200) DEFAULT NULL,
  `caption` longtext NOT NULL,
  `photographer` varchar(200) NOT NULL,
  `order` smallint(5) unsigned DEFAULT NULL,
  `feature` tinyint(1) NOT NULL,
  PRIMARY KEY (`id`),
  UNIQUE KEY `slug` (`slug`),
  KEY `images_image_4a21cf42` (`created_by_id`),
  KEY `images_image_6162aa58` (`modified_by_id`)
) ENGINE=MyISAM DEFAULT CHARSET=latin1;
/*!40101 SET character_set_client = @saved_cs_client */;

--
-- Dumping data for table `images_image`
--

LOCK TABLES `images_image` WRITE;
/*!40000 ALTER TABLE `images_image` DISABLE KEYS */;
/*!40000 ALTER TABLE `images_image` ENABLE KEYS */;
UNLOCK TABLES;

--
-- Table structure for table `mailchimp_campaign`
--

DROP TABLE IF EXISTS `mailchimp_campaign`;
/*!40101 SET @saved_cs_client     = @@character_set_client */;
/*!40101 SET character_set_client = utf8 */;
CREATE TABLE `mailchimp_campaign` (
  `content` longtext NOT NULL,
  `sent_date` datetime NOT NULL,
  `id` int(11) NOT NULL AUTO_INCREMENT,
  `name` varchar(255) NOT NULL,
  `campaign_id` varchar(50) NOT NULL,
  `object_id` int(10) unsigned DEFAULT NULL,
  `content_type_id` int(11) DEFAULT NULL,
  `extra_info` longtext,
  PRIMARY KEY (`id`),
  KEY `mailchimp_campaign_1bb8f392` (`content_type_id`)
) ENGINE=MyISAM DEFAULT CHARSET=latin1;
/*!40101 SET character_set_client = @saved_cs_client */;

--
-- Dumping data for table `mailchimp_campaign`
--

LOCK TABLES `mailchimp_campaign` WRITE;
/*!40000 ALTER TABLE `mailchimp_campaign` DISABLE KEYS */;
/*!40000 ALTER TABLE `mailchimp_campaign` ENABLE KEYS */;
UNLOCK TABLES;

--
-- Table structure for table `mailchimp_queue`
--

DROP TABLE IF EXISTS `mailchimp_queue`;
/*!40101 SET @saved_cs_client     = @@character_set_client */;
/*!40101 SET character_set_client = utf8 */;
CREATE TABLE `mailchimp_queue` (
  `type_opts` longtext NOT NULL,
  `segment_options_all` tinyint(1) NOT NULL DEFAULT '0',
  `id` int(11) NOT NULL AUTO_INCREMENT,
  `contents` longtext NOT NULL,
  `subject` varchar(255) NOT NULL,
  `campaign_type` varchar(50) NOT NULL,
  `authenticate` tinyint(1) NOT NULL DEFAULT '0',
  `title` varchar(255) DEFAULT NULL,
  `from_email` varchar(75) NOT NULL,
  `segment_options` tinyint(1) NOT NULL DEFAULT '0',
  `list_id` varchar(50) NOT NULL,
  `auto_tweet` tinyint(1) NOT NULL DEFAULT '0',
  `from_name` varchar(255) NOT NULL,
  `folder_id` varchar(50) DEFAULT NULL,
  `generate_text` tinyint(1) NOT NULL DEFAULT '0',
  `to_email` varchar(75) NOT NULL,
  `tracking_text_clicks` tinyint(1) NOT NULL DEFAULT '0',
  `auto_footer` tinyint(1) NOT NULL DEFAULT '0',
  `tracking_html_clicks` tinyint(1) NOT NULL DEFAULT '1',
  `google_analytics` varchar(100) DEFAULT NULL,
  `segment_options_conditions` longtext NOT NULL,
  `template_id` int(10) unsigned NOT NULL,
  `tracking_opens` tinyint(1) NOT NULL DEFAULT '1',
  `object_id` int(10) unsigned DEFAULT NULL,
  `content_type_id` int(11) DEFAULT NULL,
  `locked` tinyint(1) NOT NULL DEFAULT '0',
  `extra_info` longtext,
  PRIMARY KEY (`id`),
  KEY `mailchimp_queue_1bb8f392` (`content_type_id`)
) ENGINE=MyISAM DEFAULT CHARSET=latin1;
/*!40101 SET character_set_client = @saved_cs_client */;

--
-- Dumping data for table `mailchimp_queue`
--

LOCK TABLES `mailchimp_queue` WRITE;
/*!40000 ALTER TABLE `mailchimp_queue` DISABLE KEYS */;
/*!40000 ALTER TABLE `mailchimp_queue` ENABLE KEYS */;
UNLOCK TABLES;

--
-- Table structure for table `mailchimp_reciever`
--

DROP TABLE IF EXISTS `mailchimp_reciever`;
/*!40101 SET @saved_cs_client     = @@character_set_client */;
/*!40101 SET character_set_client = utf8 */;
CREATE TABLE `mailchimp_reciever` (
  `id` int(11) NOT NULL AUTO_INCREMENT,
  `campaign_id` int(11) NOT NULL,
  `email` varchar(75) NOT NULL,
  PRIMARY KEY (`id`),
  KEY `mailchimp_reciever_702b94e6` (`campaign_id`)
) ENGINE=MyISAM DEFAULT CHARSET=latin1;
/*!40101 SET character_set_client = @saved_cs_client */;

--
-- Dumping data for table `mailchimp_reciever`
--

LOCK TABLES `mailchimp_reciever` WRITE;
/*!40000 ALTER TABLE `mailchimp_reciever` DISABLE KEYS */;
/*!40000 ALTER TABLE `mailchimp_reciever` ENABLE KEYS */;
UNLOCK TABLES;

--
-- Table structure for table `mailer_dontsendentry`
--

DROP TABLE IF EXISTS `mailer_dontsendentry`;
/*!40101 SET @saved_cs_client     = @@character_set_client */;
/*!40101 SET character_set_client = utf8 */;
CREATE TABLE `mailer_dontsendentry` (
  `id` int(11) NOT NULL AUTO_INCREMENT,
  `to_address` varchar(75) NOT NULL,
  `when_added` datetime NOT NULL,
  PRIMARY KEY (`id`)
) ENGINE=MyISAM DEFAULT CHARSET=latin1;
/*!40101 SET character_set_client = @saved_cs_client */;

--
-- Dumping data for table `mailer_dontsendentry`
--

LOCK TABLES `mailer_dontsendentry` WRITE;
/*!40000 ALTER TABLE `mailer_dontsendentry` DISABLE KEYS */;
/*!40000 ALTER TABLE `mailer_dontsendentry` ENABLE KEYS */;
UNLOCK TABLES;

--
-- Table structure for table `mailer_message`
--

DROP TABLE IF EXISTS `mailer_message`;
/*!40101 SET @saved_cs_client     = @@character_set_client */;
/*!40101 SET character_set_client = utf8 */;
CREATE TABLE `mailer_message` (
  `id` int(11) NOT NULL AUTO_INCREMENT,
  `message_data` longtext NOT NULL,
  `when_added` datetime NOT NULL,
  `priority` varchar(1) NOT NULL,
  PRIMARY KEY (`id`)
) ENGINE=MyISAM DEFAULT CHARSET=latin1;
/*!40101 SET character_set_client = @saved_cs_client */;

--
-- Dumping data for table `mailer_message`
--

LOCK TABLES `mailer_message` WRITE;
/*!40000 ALTER TABLE `mailer_message` DISABLE KEYS */;
/*!40000 ALTER TABLE `mailer_message` ENABLE KEYS */;
UNLOCK TABLES;

--
-- Table structure for table `mailer_messagelog`
--

DROP TABLE IF EXISTS `mailer_messagelog`;
/*!40101 SET @saved_cs_client     = @@character_set_client */;
/*!40101 SET character_set_client = utf8 */;
CREATE TABLE `mailer_messagelog` (
  `id` int(11) NOT NULL AUTO_INCREMENT,
  `message_data` longtext NOT NULL,
  `when_added` datetime NOT NULL,
  `priority` varchar(1) NOT NULL,
  `when_attempted` datetime NOT NULL,
  `result` varchar(1) NOT NULL,
  `log_message` longtext NOT NULL,
  PRIMARY KEY (`id`)
) ENGINE=MyISAM DEFAULT CHARSET=latin1;
/*!40101 SET character_set_client = @saved_cs_client */;

--
-- Dumping data for table `mailer_messagelog`
--

LOCK TABLES `mailer_messagelog` WRITE;
/*!40000 ALTER TABLE `mailer_messagelog` DISABLE KEYS */;
/*!40000 ALTER TABLE `mailer_messagelog` ENABLE KEYS */;
UNLOCK TABLES;

--
-- Table structure for table `menus_cachekey`
--

DROP TABLE IF EXISTS `menus_cachekey`;
/*!40101 SET @saved_cs_client     = @@character_set_client */;
/*!40101 SET character_set_client = utf8 */;
CREATE TABLE `menus_cachekey` (
  `id` int(11) NOT NULL AUTO_INCREMENT,
  `language` varchar(255) NOT NULL,
  `site` int(10) unsigned NOT NULL,
  `key` varchar(255) NOT NULL,
  PRIMARY KEY (`id`)
) ENGINE=MyISAM AUTO_INCREMENT=47 DEFAULT CHARSET=latin1;
/*!40101 SET character_set_client = @saved_cs_client */;

--
-- Dumping data for table `menus_cachekey`
--

LOCK TABLES `menus_cachekey` WRITE;
/*!40000 ALTER TABLE `menus_cachekey` DISABLE KEYS */;
INSERT INTO `menus_cachekey` VALUES (46,'en-us',1,'cms-menu_nodes_en-us_1'),(45,'en-us',1,'cms-menu_nodes_en-us_1'),(44,'en-us',1,'cms-menu_nodes_en-us_1'),(43,'en-us',1,'cms-menu_nodes_en-us_1');
/*!40000 ALTER TABLE `menus_cachekey` ENABLE KEYS */;
UNLOCK TABLES;

--
-- Table structure for table `notification_notice`
--

DROP TABLE IF EXISTS `notification_notice`;
/*!40101 SET @saved_cs_client     = @@character_set_client */;
/*!40101 SET character_set_client = utf8 */;
CREATE TABLE `notification_notice` (
  `id` int(11) NOT NULL AUTO_INCREMENT,
  `recipient_id` int(11) NOT NULL,
  `sender_id` int(11) DEFAULT NULL,
  `message` longtext NOT NULL,
  `notice_type_id` int(11) NOT NULL,
  `added` datetime NOT NULL,
  `unseen` tinyint(1) NOT NULL,
  `archived` tinyint(1) NOT NULL,
  `on_site` tinyint(1) NOT NULL,
  PRIMARY KEY (`id`),
  KEY `notification_notice_32f69dc` (`recipient_id`),
  KEY `notification_notice_6fe0a617` (`sender_id`),
  KEY `notification_notice_d734034` (`notice_type_id`)
) ENGINE=MyISAM DEFAULT CHARSET=latin1;
/*!40101 SET character_set_client = @saved_cs_client */;

--
-- Dumping data for table `notification_notice`
--

LOCK TABLES `notification_notice` WRITE;
/*!40000 ALTER TABLE `notification_notice` DISABLE KEYS */;
/*!40000 ALTER TABLE `notification_notice` ENABLE KEYS */;
UNLOCK TABLES;

--
-- Table structure for table `notification_noticequeuebatch`
--

DROP TABLE IF EXISTS `notification_noticequeuebatch`;
/*!40101 SET @saved_cs_client     = @@character_set_client */;
/*!40101 SET character_set_client = utf8 */;
CREATE TABLE `notification_noticequeuebatch` (
  `id` int(11) NOT NULL AUTO_INCREMENT,
  `pickled_data` longtext NOT NULL,
  PRIMARY KEY (`id`)
) ENGINE=MyISAM DEFAULT CHARSET=latin1;
/*!40101 SET character_set_client = @saved_cs_client */;

--
-- Dumping data for table `notification_noticequeuebatch`
--

LOCK TABLES `notification_noticequeuebatch` WRITE;
/*!40000 ALTER TABLE `notification_noticequeuebatch` DISABLE KEYS */;
/*!40000 ALTER TABLE `notification_noticequeuebatch` ENABLE KEYS */;
UNLOCK TABLES;

--
-- Table structure for table `notification_noticesetting`
--

DROP TABLE IF EXISTS `notification_noticesetting`;
/*!40101 SET @saved_cs_client     = @@character_set_client */;
/*!40101 SET character_set_client = utf8 */;
CREATE TABLE `notification_noticesetting` (
  `id` int(11) NOT NULL AUTO_INCREMENT,
  `user_id` int(11) NOT NULL,
  `notice_type_id` int(11) NOT NULL,
  `medium` varchar(1) NOT NULL,
  `send` tinyint(1) NOT NULL,
  PRIMARY KEY (`id`),
  UNIQUE KEY `user_id` (`user_id`,`notice_type_id`,`medium`),
  KEY `notification_noticesetting_403f60f` (`user_id`),
  KEY `notification_noticesetting_d734034` (`notice_type_id`)
) ENGINE=MyISAM DEFAULT CHARSET=latin1;
/*!40101 SET character_set_client = @saved_cs_client */;

--
-- Dumping data for table `notification_noticesetting`
--

LOCK TABLES `notification_noticesetting` WRITE;
/*!40000 ALTER TABLE `notification_noticesetting` DISABLE KEYS */;
/*!40000 ALTER TABLE `notification_noticesetting` ENABLE KEYS */;
UNLOCK TABLES;

--
-- Table structure for table `notification_noticetype`
--

DROP TABLE IF EXISTS `notification_noticetype`;
/*!40101 SET @saved_cs_client     = @@character_set_client */;
/*!40101 SET character_set_client = utf8 */;
CREATE TABLE `notification_noticetype` (
  `id` int(11) NOT NULL AUTO_INCREMENT,
  `label` varchar(40) NOT NULL,
  `display` varchar(50) NOT NULL,
  `description` varchar(100) NOT NULL,
  `default` int(11) NOT NULL,
  PRIMARY KEY (`id`)
) ENGINE=MyISAM AUTO_INCREMENT=2 DEFAULT CHARSET=latin1;
/*!40101 SET character_set_client = @saved_cs_client */;

--
-- Dumping data for table `notification_noticetype`
--

LOCK TABLES `notification_noticetype` WRITE;
/*!40000 ALTER TABLE `notification_noticetype` DISABLE KEYS */;
INSERT INTO `notification_noticetype` VALUES (1,'announcement','Announcement','you have received an announcement',2);
/*!40000 ALTER TABLE `notification_noticetype` ENABLE KEYS */;
UNLOCK TABLES;

--
-- Table structure for table `notification_observeditem`
--

DROP TABLE IF EXISTS `notification_observeditem`;
/*!40101 SET @saved_cs_client     = @@character_set_client */;
/*!40101 SET character_set_client = utf8 */;
CREATE TABLE `notification_observeditem` (
  `id` int(11) NOT NULL AUTO_INCREMENT,
  `user_id` int(11) NOT NULL,
  `content_type_id` int(11) NOT NULL,
  `object_id` int(10) unsigned NOT NULL,
  `notice_type_id` int(11) NOT NULL,
  `added` datetime NOT NULL,
  `signal` longtext NOT NULL,
  PRIMARY KEY (`id`),
  KEY `notification_observeditem_403f60f` (`user_id`),
  KEY `notification_observeditem_1bb8f392` (`content_type_id`),
  KEY `notification_observeditem_d734034` (`notice_type_id`)
) ENGINE=MyISAM DEFAULT CHARSET=latin1;
/*!40101 SET character_set_client = @saved_cs_client */;

--
-- Dumping data for table `notification_observeditem`
--

LOCK TABLES `notification_observeditem` WRITE;
/*!40000 ALTER TABLE `notification_observeditem` DISABLE KEYS */;
/*!40000 ALTER TABLE `notification_observeditem` ENABLE KEYS */;
UNLOCK TABLES;

--
-- Table structure for table `popularity_viewtracker`
--

DROP TABLE IF EXISTS `popularity_viewtracker`;
/*!40101 SET @saved_cs_client     = @@character_set_client */;
/*!40101 SET character_set_client = utf8 */;
CREATE TABLE `popularity_viewtracker` (
  `id` int(11) NOT NULL AUTO_INCREMENT,
  `content_type_id` int(11) NOT NULL,
  `object_id` int(10) unsigned NOT NULL,
  `added` datetime NOT NULL,
  `viewed` datetime NOT NULL,
  `views` int(10) unsigned NOT NULL,
  PRIMARY KEY (`id`),
  UNIQUE KEY `content_type_id` (`content_type_id`,`object_id`),
  KEY `popularity_viewtracker_1bb8f392` (`content_type_id`)
) ENGINE=MyISAM AUTO_INCREMENT=3 DEFAULT CHARSET=latin1;
/*!40101 SET character_set_client = @saved_cs_client */;

--
-- Dumping data for table `popularity_viewtracker`
--

LOCK TABLES `popularity_viewtracker` WRITE;
/*!40000 ALTER TABLE `popularity_viewtracker` DISABLE KEYS */;
INSERT INTO `popularity_viewtracker` VALUES (1,63,1,'2011-04-12 18:38:26','2011-04-13 09:47:41',7),(2,63,2,'2011-04-12 18:43:38','2011-04-13 10:21:14',31);
/*!40000 ALTER TABLE `popularity_viewtracker` ENABLE KEYS */;
UNLOCK TABLES;

--
-- Table structure for table `profiles_profile`
--

DROP TABLE IF EXISTS `profiles_profile`;
/*!40101 SET @saved_cs_client     = @@character_set_client */;
/*!40101 SET character_set_client = utf8 */;
CREATE TABLE `profiles_profile` (
  `id` int(11) NOT NULL AUTO_INCREMENT,
  `user_id` int(11) NOT NULL,
  `is_contributor` tinyint(1) NOT NULL,
  `location` varchar(255) NOT NULL,
  `website` varchar(200) NOT NULL,
  `profession` varchar(200) NOT NULL,
  `biography` longtext NOT NULL,
  `avatar` varchar(250) DEFAULT NULL,
  `site_id` int(11) DEFAULT NULL,
  PRIMARY KEY (`id`),
  UNIQUE KEY `user_id` (`user_id`),
  KEY `profiles_profile_6223029` (`site_id`)
) ENGINE=MyISAM DEFAULT CHARSET=latin1;
/*!40101 SET character_set_client = @saved_cs_client */;

--
-- Dumping data for table `profiles_profile`
--

LOCK TABLES `profiles_profile` WRITE;
/*!40000 ALTER TABLE `profiles_profile` DISABLE KEYS */;
/*!40000 ALTER TABLE `profiles_profile` ENABLE KEYS */;
UNLOCK TABLES;

--
-- Table structure for table `programmes_programme`
--

DROP TABLE IF EXISTS `programmes_programme`;
/*!40101 SET @saved_cs_client     = @@character_set_client */;
/*!40101 SET character_set_client = utf8 */;
CREATE TABLE `programmes_programme` (
  `id` int(11) NOT NULL AUTO_INCREMENT,
  `slug` varchar(250) NOT NULL,
  `created` datetime NOT NULL,
  `modified` datetime NOT NULL,
  `created_by_id` int(11) DEFAULT NULL,
  `modified_by_id` int(11) DEFAULT NULL,
  `name` varchar(250) NOT NULL,
  `summary` longtext NOT NULL,
  `spiele` longtext NOT NULL,
  PRIMARY KEY (`id`),
  UNIQUE KEY `slug` (`slug`),
  KEY `programmes_programme_4a21cf42` (`created_by_id`),
  KEY `programmes_programme_6162aa58` (`modified_by_id`)
) ENGINE=MyISAM AUTO_INCREMENT=3 DEFAULT CHARSET=latin1;
/*!40101 SET character_set_client = @saved_cs_client */;

--
-- Dumping data for table `programmes_programme`
--

LOCK TABLES `programmes_programme` WRITE;
/*!40000 ALTER TABLE `programmes_programme` DISABLE KEYS */;
INSERT INTO `programmes_programme` VALUES (1,'health','2011-04-12 16:29:43','2011-04-12 16:29:43',1,NULL,'Health','EFO is dedicated to helping west african health.','EFO is dedicated to helping west african health. Really they are.'),(2,'education','2011-04-12 18:41:22','2011-04-12 18:41:22',1,NULL,'Education','EFO is into education','EFO is into education. Definitely they are.');
/*!40000 ALTER TABLE `programmes_programme` ENABLE KEYS */;
UNLOCK TABLES;

--
-- Table structure for table `programmes_programme_feature_sets`
--

DROP TABLE IF EXISTS `programmes_programme_feature_sets`;
/*!40101 SET @saved_cs_client     = @@character_set_client */;
/*!40101 SET character_set_client = utf8 */;
CREATE TABLE `programmes_programme_feature_sets` (
  `id` int(11) NOT NULL AUTO_INCREMENT,
  `programme_id` int(11) NOT NULL,
  `featureset_id` int(11) NOT NULL,
  PRIMARY KEY (`id`),
  UNIQUE KEY `programme_id` (`programme_id`,`featureset_id`),
  KEY `programmes_programme_feature_sets_d981227` (`programme_id`),
  KEY `programmes_programme_feature_sets_eba0f30` (`featureset_id`)
) ENGINE=MyISAM DEFAULT CHARSET=latin1;
/*!40101 SET character_set_client = @saved_cs_client */;

--
-- Dumping data for table `programmes_programme_feature_sets`
--

LOCK TABLES `programmes_programme_feature_sets` WRITE;
/*!40000 ALTER TABLE `programmes_programme_feature_sets` DISABLE KEYS */;
/*!40000 ALTER TABLE `programmes_programme_feature_sets` ENABLE KEYS */;
UNLOCK TABLES;

--
-- Table structure for table `programmes_programme_tags`
--

DROP TABLE IF EXISTS `programmes_programme_tags`;
/*!40101 SET @saved_cs_client     = @@character_set_client */;
/*!40101 SET character_set_client = utf8 */;
CREATE TABLE `programmes_programme_tags` (
  `id` int(11) NOT NULL AUTO_INCREMENT,
  `programme_id` int(11) NOT NULL,
  `tag_id` int(11) NOT NULL,
  PRIMARY KEY (`id`),
  UNIQUE KEY `programme_id` (`programme_id`,`tag_id`),
  KEY `programmes_programme_tags_d981227` (`programme_id`),
  KEY `programmes_programme_tags_3747b463` (`tag_id`)
) ENGINE=MyISAM DEFAULT CHARSET=latin1;
/*!40101 SET character_set_client = @saved_cs_client */;

--
-- Dumping data for table `programmes_programme_tags`
--

LOCK TABLES `programmes_programme_tags` WRITE;
/*!40000 ALTER TABLE `programmes_programme_tags` DISABLE KEYS */;
/*!40000 ALTER TABLE `programmes_programme_tags` ENABLE KEYS */;
UNLOCK TABLES;

--
-- Table structure for table `programmes_programmeimage`
--

DROP TABLE IF EXISTS `programmes_programmeimage`;
/*!40101 SET @saved_cs_client     = @@character_set_client */;
/*!40101 SET character_set_client = utf8 */;
CREATE TABLE `programmes_programmeimage` (
  `image_ptr_id` int(11) NOT NULL,
  `programme_id` int(11) NOT NULL,
  PRIMARY KEY (`image_ptr_id`),
  KEY `programmes_programmeimage_d981227` (`programme_id`)
) ENGINE=MyISAM DEFAULT CHARSET=latin1;
/*!40101 SET character_set_client = @saved_cs_client */;

--
-- Dumping data for table `programmes_programmeimage`
--

LOCK TABLES `programmes_programmeimage` WRITE;
/*!40000 ALTER TABLE `programmes_programmeimage` DISABLE KEYS */;
/*!40000 ALTER TABLE `programmes_programmeimage` ENABLE KEYS */;
UNLOCK TABLES;

--
-- Table structure for table `projects_project`
--

DROP TABLE IF EXISTS `projects_project`;
/*!40101 SET @saved_cs_client     = @@character_set_client */;
/*!40101 SET character_set_client = utf8 */;
CREATE TABLE `projects_project` (
  `id` int(11) NOT NULL AUTO_INCREMENT,
  `slug` varchar(250) NOT NULL,
  `created` datetime NOT NULL,
  `modified` datetime NOT NULL,
  `created_by_id` int(11) DEFAULT NULL,
  `modified_by_id` int(11) DEFAULT NULL,
  `name` varchar(250) NOT NULL,
  `summary` longtext NOT NULL,
  `spiele` longtext NOT NULL,
  `beneficiaries` int(10) unsigned NOT NULL,
  `location_id` int(11) NOT NULL,
  `date_started` date NOT NULL,
  PRIMARY KEY (`id`),
  UNIQUE KEY `slug` (`slug`),
  KEY `projects_project_4a21cf42` (`created_by_id`),
  KEY `projects_project_6162aa58` (`modified_by_id`),
  KEY `projects_project_319d859` (`location_id`)
) ENGINE=MyISAM DEFAULT CHARSET=latin1;
/*!40101 SET character_set_client = @saved_cs_client */;

--
-- Dumping data for table `projects_project`
--

LOCK TABLES `projects_project` WRITE;
/*!40000 ALTER TABLE `projects_project` DISABLE KEYS */;
/*!40000 ALTER TABLE `projects_project` ENABLE KEYS */;
UNLOCK TABLES;

--
-- Table structure for table `projects_project_feature_sets`
--

DROP TABLE IF EXISTS `projects_project_feature_sets`;
/*!40101 SET @saved_cs_client     = @@character_set_client */;
/*!40101 SET character_set_client = utf8 */;
CREATE TABLE `projects_project_feature_sets` (
  `id` int(11) NOT NULL AUTO_INCREMENT,
  `project_id` int(11) NOT NULL,
  `featureset_id` int(11) NOT NULL,
  PRIMARY KEY (`id`),
  UNIQUE KEY `project_id` (`project_id`,`featureset_id`),
  KEY `projects_project_feature_sets_499df97c` (`project_id`),
  KEY `projects_project_feature_sets_eba0f30` (`featureset_id`)
) ENGINE=MyISAM DEFAULT CHARSET=latin1;
/*!40101 SET character_set_client = @saved_cs_client */;

--
-- Dumping data for table `projects_project_feature_sets`
--

LOCK TABLES `projects_project_feature_sets` WRITE;
/*!40000 ALTER TABLE `projects_project_feature_sets` DISABLE KEYS */;
/*!40000 ALTER TABLE `projects_project_feature_sets` ENABLE KEYS */;
UNLOCK TABLES;

--
-- Table structure for table `projects_project_programme`
--

DROP TABLE IF EXISTS `projects_project_programme`;
/*!40101 SET @saved_cs_client     = @@character_set_client */;
/*!40101 SET character_set_client = utf8 */;
CREATE TABLE `projects_project_programme` (
  `id` int(11) NOT NULL AUTO_INCREMENT,
  `project_id` int(11) NOT NULL,
  `programme_id` int(11) NOT NULL,
  PRIMARY KEY (`id`),
  UNIQUE KEY `project_id` (`project_id`,`programme_id`),
  KEY `projects_project_programme_499df97c` (`project_id`),
  KEY `projects_project_programme_d981227` (`programme_id`)
) ENGINE=MyISAM DEFAULT CHARSET=latin1;
/*!40101 SET character_set_client = @saved_cs_client */;

--
-- Dumping data for table `projects_project_programme`
--

LOCK TABLES `projects_project_programme` WRITE;
/*!40000 ALTER TABLE `projects_project_programme` DISABLE KEYS */;
/*!40000 ALTER TABLE `projects_project_programme` ENABLE KEYS */;
UNLOCK TABLES;

--
-- Table structure for table `projects_project_tags`
--

DROP TABLE IF EXISTS `projects_project_tags`;
/*!40101 SET @saved_cs_client     = @@character_set_client */;
/*!40101 SET character_set_client = utf8 */;
CREATE TABLE `projects_project_tags` (
  `id` int(11) NOT NULL AUTO_INCREMENT,
  `project_id` int(11) NOT NULL,
  `tag_id` int(11) NOT NULL,
  PRIMARY KEY (`id`),
  UNIQUE KEY `project_id` (`project_id`,`tag_id`),
  KEY `projects_project_tags_499df97c` (`project_id`),
  KEY `projects_project_tags_3747b463` (`tag_id`)
) ENGINE=MyISAM DEFAULT CHARSET=latin1;
/*!40101 SET character_set_client = @saved_cs_client */;

--
-- Dumping data for table `projects_project_tags`
--

LOCK TABLES `projects_project_tags` WRITE;
/*!40000 ALTER TABLE `projects_project_tags` DISABLE KEYS */;
/*!40000 ALTER TABLE `projects_project_tags` ENABLE KEYS */;
UNLOCK TABLES;

--
-- Table structure for table `projects_projectimage`
--

DROP TABLE IF EXISTS `projects_projectimage`;
/*!40101 SET @saved_cs_client     = @@character_set_client */;
/*!40101 SET character_set_client = utf8 */;
CREATE TABLE `projects_projectimage` (
  `image_ptr_id` int(11) NOT NULL,
  `project_id` int(11) NOT NULL,
  PRIMARY KEY (`image_ptr_id`),
  KEY `projects_projectimage_499df97c` (`project_id`)
) ENGINE=MyISAM DEFAULT CHARSET=latin1;
/*!40101 SET character_set_client = @saved_cs_client */;

--
-- Dumping data for table `projects_projectimage`
--

LOCK TABLES `projects_projectimage` WRITE;
/*!40000 ALTER TABLE `projects_projectimage` DISABLE KEYS */;
/*!40000 ALTER TABLE `projects_projectimage` ENABLE KEYS */;
UNLOCK TABLES;

--
-- Table structure for table `projects_projectlocation`
--

DROP TABLE IF EXISTS `projects_projectlocation`;
/*!40101 SET @saved_cs_client     = @@character_set_client */;
/*!40101 SET character_set_client = utf8 */;
CREATE TABLE `projects_projectlocation` (
  `id` int(11) NOT NULL AUTO_INCREMENT,
  `name` varchar(250) NOT NULL,
  PRIMARY KEY (`id`)
) ENGINE=MyISAM DEFAULT CHARSET=latin1;
/*!40101 SET character_set_client = @saved_cs_client */;

--
-- Dumping data for table `projects_projectlocation`
--

LOCK TABLES `projects_projectlocation` WRITE;
/*!40000 ALTER TABLE `projects_projectlocation` DISABLE KEYS */;
/*!40000 ALTER TABLE `projects_projectlocation` ENABLE KEYS */;
UNLOCK TABLES;

--
-- Table structure for table `snippet_snippet`
--

DROP TABLE IF EXISTS `snippet_snippet`;
/*!40101 SET @saved_cs_client     = @@character_set_client */;
/*!40101 SET character_set_client = utf8 */;
CREATE TABLE `snippet_snippet` (
  `id` int(11) NOT NULL AUTO_INCREMENT,
  `name` varchar(255) NOT NULL,
  `html` longtext NOT NULL,
  `template` varchar(50) NOT NULL,
  PRIMARY KEY (`id`),
  UNIQUE KEY `name` (`name`)
) ENGINE=MyISAM DEFAULT CHARSET=latin1;
/*!40101 SET character_set_client = @saved_cs_client */;

--
-- Dumping data for table `snippet_snippet`
--

LOCK TABLES `snippet_snippet` WRITE;
/*!40000 ALTER TABLE `snippet_snippet` DISABLE KEYS */;
/*!40000 ALTER TABLE `snippet_snippet` ENABLE KEYS */;
UNLOCK TABLES;

--
-- Table structure for table `south_migrationhistory`
--

DROP TABLE IF EXISTS `south_migrationhistory`;
/*!40101 SET @saved_cs_client     = @@character_set_client */;
/*!40101 SET character_set_client = utf8 */;
CREATE TABLE `south_migrationhistory` (
  `id` int(11) NOT NULL AUTO_INCREMENT,
  `app_name` varchar(255) NOT NULL,
  `migration` varchar(255) NOT NULL,
  `applied` datetime NOT NULL,
  PRIMARY KEY (`id`)
) ENGINE=MyISAM AUTO_INCREMENT=84 DEFAULT CHARSET=latin1;
/*!40101 SET character_set_client = @saved_cs_client */;

--
-- Dumping data for table `south_migrationhistory`
--

LOCK TABLES `south_migrationhistory` WRITE;
/*!40000 ALTER TABLE `south_migrationhistory` DISABLE KEYS */;
INSERT INTO `south_migrationhistory` VALUES (1,'mailchimp','0001_initial','2011-04-08 06:35:10'),(2,'mailchimp','0002_added_queue','2011-04-08 06:35:11'),(3,'mailchimp','0003_fixed_template_id','2011-04-08 06:35:11'),(4,'mailchimp','0004_fixed_template_id_max','2011-04-08 06:35:11'),(5,'mailchimp','0005_added_link_to_object','2011-04-08 06:35:12'),(6,'mailchimp','0006_added_locks','2011-04-08 06:35:12'),(7,'mailchimp','0007_extra_info','2011-04-08 06:35:12'),(8,'cms','0001_initial','2011-04-08 06:35:15'),(9,'picture','0001_initial','2011-04-08 06:35:15'),(10,'picture','0002_link_rename','2011-04-08 06:35:15'),(11,'picture','0003_freeze','2011-04-08 06:35:15'),(12,'cms','0002_auto_start','2011-04-08 06:35:15'),(13,'cms','0003_remove_placeholder','2011-04-08 06:35:16'),(14,'cms','0004_textobjects','2011-04-08 06:35:16'),(15,'cms','0005_mptt_added_to_plugins','2011-04-08 06:35:17'),(16,'cms','0006_apphook','2011-04-08 06:35:18'),(17,'cms','0007_apphook_longer','2011-04-08 06:35:18'),(18,'cms','0008_redirects','2011-04-08 06:35:18'),(19,'cms','0009_added_meta_fields','2011-04-08 06:35:18'),(20,'cms','0010_5char_language','2011-04-08 06:35:19'),(21,'cms','0011_title_overwrites','2011-04-08 06:35:19'),(22,'cms','0012_publisher','2011-04-08 06:35:24'),(23,'picture','0004_publisher','2011-04-08 06:35:24'),(24,'picture','0005_table_rename','2011-04-08 06:35:25'),(25,'text','0001_initial','2011-04-08 06:35:25'),(26,'text','0002_freeze','2011-04-08 06:35:25'),(27,'text','0003_publisher','2011-04-08 06:35:25'),(28,'snippet','0001_initial','2011-04-08 06:35:26'),(29,'snippet','0002_publisher','2011-04-08 06:35:26'),(30,'link','0001_initial','2011-04-08 06:35:26'),(31,'link','0002_link_rename','2011-04-08 06:35:27'),(32,'link','0003_page_link','2011-04-08 06:35:27'),(33,'link','0004_larger_link_names','2011-04-08 06:35:27'),(34,'link','0005_publisher','2011-04-08 06:35:27'),(35,'googlemap','0001_initial','2011-04-08 06:35:28'),(36,'file','0001_initial','2011-04-08 06:35:28'),(37,'file','0002_freeze','2011-04-08 06:35:28'),(38,'file','0003_publisher','2011-04-08 06:35:28'),(39,'cms','0013_site_copy','2011-04-08 06:35:29'),(40,'cms','0014_sites_removed','2011-04-08 06:35:29'),(41,'cms','0015_modified_by_added','2011-04-08 06:35:30'),(42,'cms','0016_author_copy','2011-04-08 06:35:30'),(43,'cms','0017_author_removed','2011-04-08 06:35:31'),(44,'cms','0018_site_permissions','2011-04-08 06:35:31'),(45,'cms','0019_public_table_renames','2011-04-08 06:35:32'),(46,'picture','0006_float_added','2011-04-08 06:35:33'),(47,'cms','0020_advanced_permissions','2011-04-08 06:35:34'),(48,'cms','0021_publisher2','2011-04-08 06:35:36'),(49,'cms','0022_login_required_added','2011-04-08 06:35:36'),(50,'cms','0023_plugin_table_naming_function_changed','2011-04-08 06:35:36'),(51,'cms','0024_added_placeholder_model','2011-04-08 06:35:37'),(52,'cms','0025_placeholder_migration','2011-04-08 06:35:38'),(53,'cms','0026_finish_placeholder_migration','2011-04-08 06:35:38'),(54,'cms','0027_added_width_to_placeholder','2011-04-08 06:35:39'),(55,'cms','0028_limit_visibility_in_menu_step1of3','2011-04-08 06:35:39'),(56,'cms','0029_limit_visibility_in_menu_step2of3_data','2011-04-08 06:35:39'),(57,'cms','0030_limit_visibility_in_menu_step3of3','2011-04-08 06:35:40'),(58,'cms','0031_improved_language_code_support','2011-04-08 06:35:40'),(59,'cms','0032_auto__del_field_cmsplugin_publisher_public__del_field_cmsplugin_publis','2011-04-08 06:35:41'),(60,'cms','0033_auto__del_field_title_publisher_is_draft__del_field_title_publisher_st','2011-04-08 06:35:41'),(61,'picture','0007_publisher2','2011-04-08 06:35:43'),(62,'picture','0008_longdesc_added','2011-04-08 06:35:43'),(63,'link','0006_table_rename','2011-04-08 06:35:44'),(64,'link','0007_publisher2','2011-04-08 06:35:44'),(65,'link','0008_mailto','2011-04-08 06:35:44'),(66,'file','0004_table_rename','2011-04-08 06:35:45'),(67,'file','0005_publisher2','2011-04-08 06:35:45'),(68,'text','0004_table_rename','2011-04-08 06:35:46'),(69,'text','0005_publisher2','2011-04-08 06:35:46'),(70,'snippet','0003_table_rename','2011-04-08 06:35:46'),(71,'snippet','0004_publisher2','2011-04-08 06:35:47'),(72,'snippet','0005_template_added','2011-04-08 06:35:47'),(73,'googlemap','0002_table_rename','2011-04-08 06:35:47'),(74,'googlemap','0003_address_unified','2011-04-08 06:35:48'),(75,'googlemap','0004_copy_address','2011-04-08 06:35:48'),(76,'googlemap','0005_delete_street','2011-04-08 06:35:49'),(77,'googlemap','0006_publisher2','2011-04-08 06:35:49'),(78,'googlemap','0007_latlng','2011-04-08 06:35:49'),(79,'googlemap','0008_routeplaner','2011-04-08 06:35:49'),(80,'googlemap','0009_routeplaner_title','2011-04-08 06:35:50'),(81,'menus','0001_initial','2011-04-08 06:35:50'),(82,'profiles','0001_initial','2011-04-12 06:28:06'),(83,'profiles','0002_auto__add_field_profile_subscribe','2011-04-12 06:28:06');
/*!40000 ALTER TABLE `south_migrationhistory` ENABLE KEYS */;
UNLOCK TABLES;

--
-- Table structure for table `taggit_tag`
--

DROP TABLE IF EXISTS `taggit_tag`;
/*!40101 SET @saved_cs_client     = @@character_set_client */;
/*!40101 SET character_set_client = utf8 */;
CREATE TABLE `taggit_tag` (
  `id` int(11) NOT NULL AUTO_INCREMENT,
  `name` varchar(100) NOT NULL,
  `slug` varchar(100) NOT NULL,
  PRIMARY KEY (`id`),
  UNIQUE KEY `slug` (`slug`)
) ENGINE=MyISAM DEFAULT CHARSET=latin1;
/*!40101 SET character_set_client = @saved_cs_client */;

--
-- Dumping data for table `taggit_tag`
--

LOCK TABLES `taggit_tag` WRITE;
/*!40000 ALTER TABLE `taggit_tag` DISABLE KEYS */;
/*!40000 ALTER TABLE `taggit_tag` ENABLE KEYS */;
UNLOCK TABLES;

--
-- Table structure for table `taggit_taggeditem`
--

DROP TABLE IF EXISTS `taggit_taggeditem`;
/*!40101 SET @saved_cs_client     = @@character_set_client */;
/*!40101 SET character_set_client = utf8 */;
CREATE TABLE `taggit_taggeditem` (
  `id` int(11) NOT NULL AUTO_INCREMENT,
  `tag_id` int(11) NOT NULL,
  `object_id` int(11) NOT NULL,
  `content_type_id` int(11) NOT NULL,
  PRIMARY KEY (`id`),
  KEY `taggit_taggeditem_3747b463` (`tag_id`),
  KEY `taggit_taggeditem_7d61c803` (`object_id`),
  KEY `taggit_taggeditem_1bb8f392` (`content_type_id`)
) ENGINE=MyISAM DEFAULT CHARSET=latin1;
/*!40101 SET character_set_client = @saved_cs_client */;

--
-- Dumping data for table `taggit_taggeditem`
--

LOCK TABLES `taggit_taggeditem` WRITE;
/*!40000 ALTER TABLE `taggit_taggeditem` DISABLE KEYS */;
/*!40000 ALTER TABLE `taggit_taggeditem` ENABLE KEYS */;
UNLOCK TABLES;

--
-- Table structure for table `thumbnail_kvstore`
--

DROP TABLE IF EXISTS `thumbnail_kvstore`;
/*!40101 SET @saved_cs_client     = @@character_set_client */;
/*!40101 SET character_set_client = utf8 */;
CREATE TABLE `thumbnail_kvstore` (
  `key` varchar(200) NOT NULL,
  `value` longtext NOT NULL,
  PRIMARY KEY (`key`)
) ENGINE=MyISAM DEFAULT CHARSET=latin1;
/*!40101 SET character_set_client = @saved_cs_client */;

--
-- Dumping data for table `thumbnail_kvstore`
--

LOCK TABLES `thumbnail_kvstore` WRITE;
/*!40000 ALTER TABLE `thumbnail_kvstore` DISABLE KEYS */;
/*!40000 ALTER TABLE `thumbnail_kvstore` ENABLE KEYS */;
UNLOCK TABLES;
/*!40103 SET TIME_ZONE=@OLD_TIME_ZONE */;

/*!40101 SET SQL_MODE=@OLD_SQL_MODE */;
/*!40014 SET FOREIGN_KEY_CHECKS=@OLD_FOREIGN_KEY_CHECKS */;
/*!40014 SET UNIQUE_CHECKS=@OLD_UNIQUE_CHECKS */;
/*!40101 SET CHARACTER_SET_CLIENT=@OLD_CHARACTER_SET_CLIENT */;
/*!40101 SET CHARACTER_SET_RESULTS=@OLD_CHARACTER_SET_RESULTS */;
/*!40101 SET COLLATION_CONNECTION=@OLD_COLLATION_CONNECTION */;
/*!40111 SET SQL_NOTES=@OLD_SQL_NOTES */;

-- Dump completed on 2011-04-13 10:22:43
