-- MySQL dump 10.13  Distrib 5.1.49, for debian-linux-gnu (i686)
--
-- Host: localhost    Database: efodb
-- ------------------------------------------------------
-- Server version	5.1.49-1ubuntu8.1

/*!40101 SET @OLD_CHARACTER_SET_CLIENT=@@CHARACTER_SET_CLIENT */;
/*!40101 SET @OLD_CHARACTER_SET_RESULTS=@@CHARACTER_SET_RESULTS */;
/*!40101 SET @OLD_COLLATION_CONNECTION=@@COLLATION_CONNECTION */;
/*!40101 SET NAMES utf8 */;
/*!40103 SET @OLD_TIME_ZONE=@@TIME_ZONE */;
/*!40103 SET TIME_ZONE='+00:00' */;
/*!40014 SET @OLD_UNIQUE_CHECKS=@@UNIQUE_CHECKS, UNIQUE_CHECKS=0 */;
/*!40014 SET @OLD_FOREIGN_KEY_CHECKS=@@FOREIGN_KEY_CHECKS, FOREIGN_KEY_CHECKS=0 */;
/*!40101 SET @OLD_SQL_MODE=@@SQL_MODE, SQL_MODE='NO_AUTO_VALUE_ON_ZERO' */;
/*!40111 SET @OLD_SQL_NOTES=@@SQL_NOTES, SQL_NOTES=0 */;

--
-- Table structure for table `account_account`
--

DROP TABLE IF EXISTS `account_account`;
/*!40101 SET @saved_cs_client     = @@character_set_client */;
/*!40101 SET character_set_client = utf8 */;
CREATE TABLE `account_account` (
  `id` int(11) NOT NULL AUTO_INCREMENT,
  `user_id` int(11) NOT NULL,
  `timezone` varchar(100) NOT NULL,
  `language` varchar(10) NOT NULL,
  PRIMARY KEY (`id`),
  UNIQUE KEY `user_id` (`user_id`)
) ENGINE=MyISAM AUTO_INCREMENT=3 DEFAULT CHARSET=latin1;
/*!40101 SET character_set_client = @saved_cs_client */;

--
-- Dumping data for table `account_account`
--

LOCK TABLES `account_account` WRITE;
/*!40000 ALTER TABLE `account_account` DISABLE KEYS */;
INSERT INTO `account_account` VALUES (1,1,'Australia/Melbourne','en-us'),(2,2,'Australia/Melbourne','en-us');
/*!40000 ALTER TABLE `account_account` ENABLE KEYS */;
UNLOCK TABLES;

--
-- Table structure for table `account_otherserviceinfo`
--

DROP TABLE IF EXISTS `account_otherserviceinfo`;
/*!40101 SET @saved_cs_client     = @@character_set_client */;
/*!40101 SET character_set_client = utf8 */;
CREATE TABLE `account_otherserviceinfo` (
  `id` int(11) NOT NULL AUTO_INCREMENT,
  `user_id` int(11) NOT NULL,
  `key` varchar(50) NOT NULL,
  `value` longtext NOT NULL,
  PRIMARY KEY (`id`),
  UNIQUE KEY `user_id` (`user_id`,`key`),
  KEY `account_otherserviceinfo_403f60f` (`user_id`)
) ENGINE=MyISAM DEFAULT CHARSET=latin1;
/*!40101 SET character_set_client = @saved_cs_client */;

--
-- Dumping data for table `account_otherserviceinfo`
--

LOCK TABLES `account_otherserviceinfo` WRITE;
/*!40000 ALTER TABLE `account_otherserviceinfo` DISABLE KEYS */;
/*!40000 ALTER TABLE `account_otherserviceinfo` ENABLE KEYS */;
UNLOCK TABLES;

--
-- Table structure for table `account_passwordreset`
--

DROP TABLE IF EXISTS `account_passwordreset`;
/*!40101 SET @saved_cs_client     = @@character_set_client */;
/*!40101 SET character_set_client = utf8 */;
CREATE TABLE `account_passwordreset` (
  `id` int(11) NOT NULL AUTO_INCREMENT,
  `user_id` int(11) NOT NULL,
  `temp_key` varchar(100) NOT NULL,
  `timestamp` datetime NOT NULL,
  `reset` tinyint(1) NOT NULL,
  PRIMARY KEY (`id`),
  KEY `account_passwordreset_403f60f` (`user_id`)
) ENGINE=MyISAM DEFAULT CHARSET=latin1;
/*!40101 SET character_set_client = @saved_cs_client */;

--
-- Dumping data for table `account_passwordreset`
--

LOCK TABLES `account_passwordreset` WRITE;
/*!40000 ALTER TABLE `account_passwordreset` DISABLE KEYS */;
/*!40000 ALTER TABLE `account_passwordreset` ENABLE KEYS */;
UNLOCK TABLES;

--
-- Table structure for table `announcements_announcement`
--

DROP TABLE IF EXISTS `announcements_announcement`;
/*!40101 SET @saved_cs_client     = @@character_set_client */;
/*!40101 SET character_set_client = utf8 */;
CREATE TABLE `announcements_announcement` (
  `id` int(11) NOT NULL AUTO_INCREMENT,
  `title` varchar(50) NOT NULL,
  `content` longtext NOT NULL,
  `creator_id` int(11) NOT NULL,
  `creation_date` datetime NOT NULL,
  `site_wide` tinyint(1) NOT NULL,
  `members_only` tinyint(1) NOT NULL,
  PRIMARY KEY (`id`),
  KEY `announcements_announcement_685aee7` (`creator_id`)
) ENGINE=MyISAM DEFAULT CHARSET=latin1;
/*!40101 SET character_set_client = @saved_cs_client */;

--
-- Dumping data for table `announcements_announcement`
--

LOCK TABLES `announcements_announcement` WRITE;
/*!40000 ALTER TABLE `announcements_announcement` DISABLE KEYS */;
/*!40000 ALTER TABLE `announcements_announcement` ENABLE KEYS */;
UNLOCK TABLES;

--
-- Table structure for table `auth_group`
--

DROP TABLE IF EXISTS `auth_group`;
/*!40101 SET @saved_cs_client     = @@character_set_client */;
/*!40101 SET character_set_client = utf8 */;
CREATE TABLE `auth_group` (
  `id` int(11) NOT NULL AUTO_INCREMENT,
  `name` varchar(80) NOT NULL,
  PRIMARY KEY (`id`),
  UNIQUE KEY `name` (`name`)
) ENGINE=MyISAM AUTO_INCREMENT=3 DEFAULT CHARSET=latin1;
/*!40101 SET character_set_client = @saved_cs_client */;

--
-- Dumping data for table `auth_group`
--

LOCK TABLES `auth_group` WRITE;
/*!40000 ALTER TABLE `auth_group` DISABLE KEYS */;
INSERT INTO `auth_group` VALUES (1,'Programme Staff'),(2,'Australian Directors');
/*!40000 ALTER TABLE `auth_group` ENABLE KEYS */;
UNLOCK TABLES;

--
-- Table structure for table `auth_group_permissions`
--

DROP TABLE IF EXISTS `auth_group_permissions`;
/*!40101 SET @saved_cs_client     = @@character_set_client */;
/*!40101 SET character_set_client = utf8 */;
CREATE TABLE `auth_group_permissions` (
  `id` int(11) NOT NULL AUTO_INCREMENT,
  `group_id` int(11) NOT NULL,
  `permission_id` int(11) NOT NULL,
  PRIMARY KEY (`id`),
  UNIQUE KEY `group_id` (`group_id`,`permission_id`),
  KEY `auth_group_permissions_425ae3c4` (`group_id`),
  KEY `auth_group_permissions_1e014c8f` (`permission_id`)
) ENGINE=MyISAM DEFAULT CHARSET=latin1;
/*!40101 SET character_set_client = @saved_cs_client */;

--
-- Dumping data for table `auth_group_permissions`
--

LOCK TABLES `auth_group_permissions` WRITE;
/*!40000 ALTER TABLE `auth_group_permissions` DISABLE KEYS */;
/*!40000 ALTER TABLE `auth_group_permissions` ENABLE KEYS */;
UNLOCK TABLES;

--
-- Table structure for table `auth_message`
--

DROP TABLE IF EXISTS `auth_message`;
/*!40101 SET @saved_cs_client     = @@character_set_client */;
/*!40101 SET character_set_client = utf8 */;
CREATE TABLE `auth_message` (
  `id` int(11) NOT NULL AUTO_INCREMENT,
  `user_id` int(11) NOT NULL,
  `message` longtext NOT NULL,
  PRIMARY KEY (`id`),
  KEY `auth_message_403f60f` (`user_id`)
) ENGINE=MyISAM AUTO_INCREMENT=29 DEFAULT CHARSET=latin1;
/*!40101 SET character_set_client = @saved_cs_client */;

--
-- Dumping data for table `auth_message`
--

LOCK TABLES `auth_message` WRITE;
/*!40000 ALTER TABLE `auth_message` DISABLE KEYS */;
INSERT INTO `auth_message` VALUES (1,1,'The requested Folder does not exist.'),(2,1,'The requested Folder does not exist.'),(3,1,'The requested Folder does not exist.'),(4,1,'The requested Folder does not exist.'),(5,1,'The requested Folder does not exist.'),(6,1,'The requested Folder does not exist.'),(7,1,'The requested Folder does not exist.'),(8,1,'The requested Folder does not exist.'),(9,1,'The requested Folder does not exist.'),(10,1,'The requested Folder does not exist.'),(11,1,'The requested Folder does not exist.'),(12,1,'The Folder myfolder was successfully created.'),(13,1,'The requested Folder does not exist.'),(14,1,'The requested Folder does not exist.'),(15,1,'The requested Folder does not exist.'),(16,1,'The requested Folder does not exist.'),(17,1,'The requested Folder does not exist.'),(18,1,'The requested Folder does not exist.'),(19,1,'The requested Folder does not exist.'),(20,1,'The folder myfolder was successfully deleted.'),(21,1,'The requested Folder does not exist.'),(22,1,'The requested Folder does not exist.'),(23,1,'The Folder avatars was successfully created.'),(24,1,'The requested Folder does not exist.'),(25,1,'The file dscn4435.jpg was successfully deleted.'),(26,1,'The Folder documents was successfully created.'),(27,1,'The file module-tiwai.jpg was successfully deleted.'),(28,1,'The file module-tiwai.jpg was successfully deleted.');
/*!40000 ALTER TABLE `auth_message` ENABLE KEYS */;
UNLOCK TABLES;

--
-- Table structure for table `auth_permission`
--

DROP TABLE IF EXISTS `auth_permission`;
/*!40101 SET @saved_cs_client     = @@character_set_client */;
/*!40101 SET character_set_client = utf8 */;
CREATE TABLE `auth_permission` (
  `id` int(11) NOT NULL AUTO_INCREMENT,
  `name` varchar(50) NOT NULL,
  `content_type_id` int(11) NOT NULL,
  `codename` varchar(100) NOT NULL,
  PRIMARY KEY (`id`),
  UNIQUE KEY `content_type_id` (`content_type_id`,`codename`),
  KEY `auth_permission_1bb8f392` (`content_type_id`)
) ENGINE=MyISAM AUTO_INCREMENT=226 DEFAULT CHARSET=latin1;
/*!40101 SET character_set_client = @saved_cs_client */;

--
-- Dumping data for table `auth_permission`
--

LOCK TABLES `auth_permission` WRITE;
/*!40000 ALTER TABLE `auth_permission` DISABLE KEYS */;
INSERT INTO `auth_permission` VALUES (1,'Can add notice type',1,'add_noticetype'),(2,'Can change notice type',1,'change_noticetype'),(3,'Can delete notice type',1,'delete_noticetype'),(4,'Can add notice setting',2,'add_noticesetting'),(5,'Can change notice setting',2,'change_noticesetting'),(6,'Can delete notice setting',2,'delete_noticesetting'),(7,'Can add notice',3,'add_notice'),(8,'Can change notice',3,'change_notice'),(9,'Can delete notice',3,'delete_notice'),(10,'Can add notice queue batch',4,'add_noticequeuebatch'),(11,'Can change notice queue batch',4,'change_noticequeuebatch'),(12,'Can delete notice queue batch',4,'delete_noticequeuebatch'),(13,'Can add observed item',5,'add_observeditem'),(14,'Can change observed item',5,'change_observeditem'),(15,'Can delete observed item',5,'delete_observeditem'),(16,'Can add log entry',6,'add_logentry'),(17,'Can change log entry',6,'change_logentry'),(18,'Can delete log entry',6,'delete_logentry'),(19,'Can add permission',7,'add_permission'),(20,'Can change permission',7,'change_permission'),(21,'Can delete permission',7,'delete_permission'),(22,'Can add group',8,'add_group'),(23,'Can change group',8,'change_group'),(24,'Can delete group',8,'delete_group'),(25,'Can add user',9,'add_user'),(26,'Can change user',9,'change_user'),(27,'Can delete user',9,'delete_user'),(28,'Can add message',10,'add_message'),(29,'Can change message',10,'change_message'),(30,'Can delete message',10,'delete_message'),(31,'Can add comment',11,'add_comment'),(32,'Can change comment',11,'change_comment'),(33,'Can delete comment',11,'delete_comment'),(34,'Can moderate comments',11,'can_moderate'),(35,'Can add comment flag',12,'add_commentflag'),(36,'Can change comment flag',12,'change_commentflag'),(37,'Can delete comment flag',12,'delete_commentflag'),(38,'Can add content type',13,'add_contenttype'),(39,'Can change content type',13,'change_contenttype'),(40,'Can delete content type',13,'delete_contenttype'),(41,'Can add session',14,'add_session'),(42,'Can change session',14,'change_session'),(43,'Can delete session',14,'delete_session'),(44,'Can add site',15,'add_site'),(45,'Can change site',15,'change_site'),(46,'Can delete site',15,'delete_site'),(47,'Can add message',16,'add_message'),(48,'Can change message',16,'change_message'),(49,'Can delete message',16,'delete_message'),(50,'Can add don\'t send entry',17,'add_dontsendentry'),(51,'Can change don\'t send entry',17,'change_dontsendentry'),(52,'Can delete don\'t send entry',17,'delete_dontsendentry'),(53,'Can add message log',18,'add_messagelog'),(54,'Can change message log',18,'change_messagelog'),(55,'Can delete message log',18,'delete_messagelog'),(56,'Can add e-mail address',19,'add_emailaddress'),(57,'Can change e-mail address',19,'change_emailaddress'),(58,'Can delete e-mail address',19,'delete_emailaddress'),(59,'Can add e-mail confirmation',20,'add_emailconfirmation'),(60,'Can change e-mail confirmation',20,'change_emailconfirmation'),(61,'Can delete e-mail confirmation',20,'delete_emailconfirmation'),(62,'Can add announcement',21,'add_announcement'),(63,'Can change announcement',21,'change_announcement'),(64,'Can delete announcement',21,'delete_announcement'),(65,'Can add kv store',22,'add_kvstore'),(66,'Can change kv store',22,'change_kvstore'),(67,'Can delete kv store',22,'delete_kvstore'),(68,'Can add view tracker',23,'add_viewtracker'),(69,'Can change view tracker',23,'change_viewtracker'),(70,'Can delete view tracker',23,'delete_viewtracker'),(71,'Can add migration history',24,'add_migrationhistory'),(72,'Can change migration history',24,'change_migrationhistory'),(73,'Can delete migration history',24,'delete_migrationhistory'),(74,'Can add Tag',25,'add_tag'),(75,'Can change Tag',25,'change_tag'),(76,'Can delete Tag',25,'delete_tag'),(77,'Can add Tagged Item',26,'add_taggeditem'),(78,'Can change Tagged Item',26,'change_taggeditem'),(79,'Can delete Tagged Item',26,'delete_taggeditem'),(80,'Can add account',27,'add_account'),(81,'Can change account',27,'change_account'),(82,'Can delete account',27,'delete_account'),(83,'Can add other service info',28,'add_otherserviceinfo'),(84,'Can change other service info',28,'change_otherserviceinfo'),(85,'Can delete other service info',28,'delete_otherserviceinfo'),(86,'Can add password reset',29,'add_passwordreset'),(87,'Can change password reset',29,'change_passwordreset'),(88,'Can delete password reset',29,'delete_passwordreset'),(89,'Can add profile',30,'add_profile'),(90,'Can change profile',30,'change_profile'),(91,'Can delete profile',30,'delete_profile'),(92,'Can add nonce',31,'add_nonce'),(93,'Can change nonce',31,'change_nonce'),(94,'Can delete nonce',31,'delete_nonce'),(95,'Can add association',32,'add_association'),(96,'Can change association',32,'change_association'),(97,'Can delete association',32,'delete_association'),(98,'Can add user openid association',33,'add_useropenidassociation'),(99,'Can change user openid association',33,'change_useropenidassociation'),(100,'Can delete user openid association',33,'delete_useropenidassociation'),(101,'Can add queue',34,'add_queue'),(102,'Can change queue',34,'change_queue'),(103,'Can delete queue',34,'delete_queue'),(104,'Can add Mailchimp Log',35,'add_campaign'),(105,'Can change Mailchimp Log',35,'change_campaign'),(106,'Can delete Mailchimp Log',35,'delete_campaign'),(107,'Can view Mailchimp information',35,'can_view'),(108,'Can send Mailchimp newsletters',35,'can_send'),(109,'Can add reciever',36,'add_reciever'),(110,'Can change reciever',36,'change_reciever'),(111,'Can delete reciever',36,'delete_reciever'),(112,'Can add placeholder',37,'add_placeholder'),(113,'Can change placeholder',37,'change_placeholder'),(114,'Can delete placeholder',37,'delete_placeholder'),(115,'Can add cms plugin',38,'add_cmsplugin'),(116,'Can change cms plugin',38,'change_cmsplugin'),(117,'Can delete cms plugin',38,'delete_cmsplugin'),(118,'Can add page',39,'add_page'),(119,'Can change page',39,'change_page'),(120,'Can delete page',39,'delete_page'),(121,'Can add PageModerator',40,'add_pagemoderator'),(122,'Can change PageModerator',40,'change_pagemoderator'),(123,'Can delete PageModerator',40,'delete_pagemoderator'),(124,'Can add Page moderator state',41,'add_pagemoderatorstate'),(125,'Can change Page moderator state',41,'change_pagemoderatorstate'),(126,'Can delete Page moderator state',41,'delete_pagemoderatorstate'),(127,'Can add Page global permission',42,'add_globalpagepermission'),(128,'Can change Page global permission',42,'change_globalpagepermission'),(129,'Can delete Page global permission',42,'delete_globalpagepermission'),(130,'Can add Page permission',43,'add_pagepermission'),(131,'Can change Page permission',43,'change_pagepermission'),(132,'Can delete Page permission',43,'delete_pagepermission'),(133,'Can add User (page)',44,'add_pageuser'),(134,'Can change User (page)',44,'change_pageuser'),(135,'Can delete User (page)',44,'delete_pageuser'),(136,'Can add User group (page)',45,'add_pageusergroup'),(137,'Can change User group (page)',45,'change_pageusergroup'),(138,'Can delete User group (page)',45,'delete_pageusergroup'),(139,'Can add title',46,'add_title'),(140,'Can change title',46,'change_title'),(141,'Can delete title',46,'delete_title'),(142,'Can add picture',47,'add_picture'),(143,'Can change picture',47,'change_picture'),(144,'Can delete picture',47,'delete_picture'),(145,'Can add text',48,'add_text'),(146,'Can change text',48,'change_text'),(147,'Can delete text',48,'delete_text'),(148,'Can add Snippet',49,'add_snippet'),(149,'Can change Snippet',49,'change_snippet'),(150,'Can delete Snippet',49,'delete_snippet'),(151,'Can add Snippet',50,'add_snippetptr'),(152,'Can change Snippet',50,'change_snippetptr'),(153,'Can delete Snippet',50,'delete_snippetptr'),(154,'Can add link',51,'add_link'),(155,'Can change link',51,'change_link'),(156,'Can delete link',51,'delete_link'),(157,'Can add google map',52,'add_googlemap'),(158,'Can change google map',52,'change_googlemap'),(159,'Can delete google map',52,'delete_googlemap'),(160,'Can add file',53,'add_file'),(161,'Can change file',53,'change_file'),(162,'Can delete file',53,'delete_file'),(163,'Can add cache key',54,'add_cachekey'),(164,'Can change cache key',54,'change_cachekey'),(165,'Can delete cache key',54,'delete_cachekey'),(166,'Can add image',55,'add_image'),(167,'Can change image',55,'change_image'),(168,'Can delete image',55,'delete_image'),(169,'Can add site feature area',56,'add_sitefeaturearea'),(170,'Can change site feature area',56,'change_sitefeaturearea'),(171,'Can delete site feature area',56,'delete_sitefeaturearea'),(172,'Can add feature set',57,'add_featureset'),(173,'Can change feature set',57,'change_featureset'),(174,'Can delete feature set',57,'delete_featureset'),(175,'Can add feature',58,'add_feature'),(176,'Can change feature',58,'change_feature'),(177,'Can delete feature',58,'delete_feature'),(178,'Can add feature schedule',59,'add_featureschedule'),(179,'Can change feature schedule',59,'change_featureschedule'),(180,'Can delete feature schedule',59,'delete_featureschedule'),(181,'Can add project location',60,'add_projectlocation'),(182,'Can change project location',60,'change_projectlocation'),(183,'Can delete project location',60,'delete_projectlocation'),(184,'Can add project',61,'add_project'),(185,'Can change project',61,'change_project'),(186,'Can delete project',61,'delete_project'),(187,'Can add project image',62,'add_projectimage'),(188,'Can change project image',62,'change_projectimage'),(189,'Can delete project image',62,'delete_projectimage'),(190,'Can add programme',63,'add_programme'),(191,'Can change programme',63,'change_programme'),(192,'Can delete programme',63,'delete_programme'),(193,'Can add programme image',64,'add_programmeimage'),(194,'Can change programme image',64,'change_programmeimage'),(195,'Can delete programme image',64,'delete_programmeimage'),(196,'Can add tag',65,'add_tag'),(197,'Can change tag',65,'change_tag'),(198,'Can delete tag',65,'delete_tag'),(199,'Can add tagged item',66,'add_taggeditem'),(200,'Can change tagged item',66,'change_taggeditem'),(201,'Can delete tagged item',66,'delete_taggeditem'),(202,'Can add author',9,'add_author'),(203,'Can change author',9,'change_author'),(204,'Can delete author',9,'delete_author'),(205,'Can add category',67,'add_category'),(206,'Can change category',67,'change_category'),(207,'Can delete category',67,'delete_category'),(208,'Can add entry',68,'add_entry'),(209,'Can change entry',68,'change_entry'),(210,'Can delete entry',68,'delete_entry'),(211,'Can view all',68,'can_view_all'),(212,'Can change author',68,'can_change_author'),(213,'Can add latest entries plugin',70,'add_latestentriesplugin'),(214,'Can change latest entries plugin',70,'change_latestentriesplugin'),(215,'Can delete latest entries plugin',70,'delete_latestentriesplugin'),(216,'Can add selected entries plugin',71,'add_selectedentriesplugin'),(217,'Can change selected entries plugin',71,'change_selectedentriesplugin'),(218,'Can delete selected entries plugin',71,'delete_selectedentriesplugin'),(219,'Can add random entries plugin',72,'add_randomentriesplugin'),(220,'Can change random entries plugin',72,'change_randomentriesplugin'),(221,'Can delete random entries plugin',72,'delete_randomentriesplugin'),(222,'Can add contact message',73,'add_message'),(223,'Can change contact message',73,'change_message'),(224,'Can delete contact message',73,'delete_message'),(225,'can receive messages',73,'can_receive_messages');
/*!40000 ALTER TABLE `auth_permission` ENABLE KEYS */;
UNLOCK TABLES;

--
-- Table structure for table `auth_user`
--

DROP TABLE IF EXISTS `auth_user`;
/*!40101 SET @saved_cs_client     = @@character_set_client */;
/*!40101 SET character_set_client = utf8 */;
CREATE TABLE `auth_user` (
  `id` int(11) NOT NULL AUTO_INCREMENT,
  `username` varchar(30) NOT NULL,
  `first_name` varchar(30) NOT NULL,
  `last_name` varchar(30) NOT NULL,
  `email` varchar(75) NOT NULL,
  `password` varchar(128) NOT NULL,
  `is_staff` tinyint(1) NOT NULL,
  `is_active` tinyint(1) NOT NULL,
  `is_superuser` tinyint(1) NOT NULL,
  `last_login` datetime NOT NULL,
  `date_joined` datetime NOT NULL,
  PRIMARY KEY (`id`),
  UNIQUE KEY `username` (`username`)
) ENGINE=MyISAM AUTO_INCREMENT=3 DEFAULT CHARSET=latin1;
/*!40101 SET character_set_client = @saved_cs_client */;

--
-- Dumping data for table `auth_user`
--

LOCK TABLES `auth_user` WRITE;
/*!40000 ALTER TABLE `auth_user` DISABLE KEYS */;
INSERT INTO `auth_user` VALUES (1,'dan.peade@gmail.com','Dan','Peade','dan.peade@gmail.com','sha1$57163$86db5a8fdd2f797220937ddfe2f4d3eda175c19d',1,1,1,'2011-04-27 13:01:46','2011-04-08 16:34:57'),(2,'Christiansen-Ame','Ame','Christiansen','ame@energyforopportunity.org','sha1$9af12$bbf4e085bf63430871d16d026bf323406a6d673b',1,1,1,'2011-04-27 18:15:46','2011-04-27 18:15:46');
/*!40000 ALTER TABLE `auth_user` ENABLE KEYS */;
UNLOCK TABLES;

--
-- Table structure for table `auth_user_groups`
--

DROP TABLE IF EXISTS `auth_user_groups`;
/*!40101 SET @saved_cs_client     = @@character_set_client */;
/*!40101 SET character_set_client = utf8 */;
CREATE TABLE `auth_user_groups` (
  `id` int(11) NOT NULL AUTO_INCREMENT,
  `user_id` int(11) NOT NULL,
  `group_id` int(11) NOT NULL,
  PRIMARY KEY (`id`),
  UNIQUE KEY `user_id` (`user_id`,`group_id`),
  KEY `auth_user_groups_403f60f` (`user_id`),
  KEY `auth_user_groups_425ae3c4` (`group_id`)
) ENGINE=MyISAM AUTO_INCREMENT=3 DEFAULT CHARSET=latin1;
/*!40101 SET character_set_client = @saved_cs_client */;

--
-- Dumping data for table `auth_user_groups`
--

LOCK TABLES `auth_user_groups` WRITE;
/*!40000 ALTER TABLE `auth_user_groups` DISABLE KEYS */;
INSERT INTO `auth_user_groups` VALUES (2,2,2);
/*!40000 ALTER TABLE `auth_user_groups` ENABLE KEYS */;
UNLOCK TABLES;

--
-- Table structure for table `auth_user_user_permissions`
--

DROP TABLE IF EXISTS `auth_user_user_permissions`;
/*!40101 SET @saved_cs_client     = @@character_set_client */;
/*!40101 SET character_set_client = utf8 */;
CREATE TABLE `auth_user_user_permissions` (
  `id` int(11) NOT NULL AUTO_INCREMENT,
  `user_id` int(11) NOT NULL,
  `permission_id` int(11) NOT NULL,
  PRIMARY KEY (`id`),
  UNIQUE KEY `user_id` (`user_id`,`permission_id`),
  KEY `auth_user_user_permissions_403f60f` (`user_id`),
  KEY `auth_user_user_permissions_1e014c8f` (`permission_id`)
) ENGINE=MyISAM DEFAULT CHARSET=latin1;
/*!40101 SET character_set_client = @saved_cs_client */;

--
-- Dumping data for table `auth_user_user_permissions`
--

LOCK TABLES `auth_user_user_permissions` WRITE;
/*!40000 ALTER TABLE `auth_user_user_permissions` DISABLE KEYS */;
/*!40000 ALTER TABLE `auth_user_user_permissions` ENABLE KEYS */;
UNLOCK TABLES;

--
-- Table structure for table `cms_cmsplugin`
--

DROP TABLE IF EXISTS `cms_cmsplugin`;
/*!40101 SET @saved_cs_client     = @@character_set_client */;
/*!40101 SET character_set_client = utf8 */;
CREATE TABLE `cms_cmsplugin` (
  `language` varchar(15) NOT NULL,
  `position` smallint(6),
  `creation_date` datetime NOT NULL DEFAULT '2011-04-08 16:35:13',
  `id` int(11) NOT NULL AUTO_INCREMENT,
  `plugin_type` varchar(50) NOT NULL,
  `parent_id` int(11) DEFAULT NULL,
  `tree_id` int(10) unsigned NOT NULL DEFAULT '0',
  `lft` int(10) unsigned NOT NULL DEFAULT '0',
  `rght` int(10) unsigned NOT NULL DEFAULT '0',
  `level` int(10) unsigned NOT NULL DEFAULT '0',
  `placeholder_id` int(11) DEFAULT NULL,
  PRIMARY KEY (`id`),
  KEY `cms_cmsplugin_75853655` (`language`),
  KEY `cms_cmsplugin_52f8f330` (`plugin_type`),
  KEY `cms_cmsplugin_63f17a16` (`parent_id`),
  KEY `cms_cmsplugin_102f80d8` (`tree_id`),
  KEY `cms_cmsplugin_42b06ff6` (`lft`),
  KEY `cms_cmsplugin_6eabc1a6` (`rght`),
  KEY `cms_cmsplugin_2a8f42e8` (`level`),
  KEY `cms_cmsplugin_62e7be1f` (`placeholder_id`)
) ENGINE=MyISAM AUTO_INCREMENT=45 DEFAULT CHARSET=latin1;
/*!40101 SET character_set_client = @saved_cs_client */;

--
-- Dumping data for table `cms_cmsplugin`
--

LOCK TABLES `cms_cmsplugin` WRITE;
/*!40000 ALTER TABLE `cms_cmsplugin` DISABLE KEYS */;
INSERT INTO `cms_cmsplugin` VALUES ('en',0,'2011-04-15 10:42:20',30,'TextPlugin',NULL,9,1,2,0,5),('en',0,'2011-04-13 10:26:57',28,'TextPlugin',NULL,7,1,2,0,17),('en',0,'2011-04-12 19:18:18',24,'TextPlugin',NULL,3,1,2,0,10),('en',0,'2011-04-13 09:43:24',26,'TextPlugin',NULL,5,1,2,0,16),('en',0,'2011-04-13 09:43:37',27,'TextPlugin',NULL,6,1,2,0,15),('en',0,'2011-04-13 14:28:58',29,'TextPlugin',NULL,8,1,2,0,7),('en',0,'2011-04-15 10:48:31',31,'TextPlugin',NULL,10,1,2,0,19),('en',0,'2011-04-20 08:46:12',32,'TextPlugin',NULL,11,1,2,0,23),('en',0,'2011-04-27 18:38:55',33,'TextPlugin',NULL,12,1,2,0,26),('en',0,'2011-04-28 13:37:52',34,'TextPlugin',NULL,13,1,2,0,24),('en',0,'2011-04-28 14:00:14',37,'TextPlugin',NULL,14,1,2,0,25),('en',0,'2011-04-28 16:29:13',38,'TextPlugin',NULL,15,1,2,0,28),('en',0,'2011-04-28 17:23:44',39,'TextPlugin',NULL,16,1,2,0,29),('en',0,'2011-04-29 11:56:55',40,'TextPlugin',NULL,17,1,2,0,31),('en',0,'2011-04-29 12:02:40',41,'TextPlugin',NULL,18,1,2,0,32),('en',0,'2011-04-29 12:03:58',42,'TextPlugin',NULL,19,1,2,0,33),('en',0,'2011-04-29 16:08:52',43,'TextPlugin',NULL,20,1,2,0,34),('en',1,'2011-04-29 16:09:24',44,'TextPlugin',NULL,21,1,2,0,34);
/*!40000 ALTER TABLE `cms_cmsplugin` ENABLE KEYS */;
UNLOCK TABLES;

--
-- Table structure for table `cms_globalpagepermission`
--

DROP TABLE IF EXISTS `cms_globalpagepermission`;
/*!40101 SET @saved_cs_client     = @@character_set_client */;
/*!40101 SET character_set_client = utf8 */;
CREATE TABLE `cms_globalpagepermission` (
  `can_publish` tinyint(1) NOT NULL DEFAULT '1',
  `group_id` int(11) DEFAULT NULL,
  `can_moderate` tinyint(1) NOT NULL DEFAULT '1',
  `can_change` tinyint(1) NOT NULL DEFAULT '1',
  `can_change_permissions` tinyint(1) NOT NULL DEFAULT '0',
  `can_recover_page` tinyint(1) NOT NULL DEFAULT '1',
  `can_add` tinyint(1) NOT NULL DEFAULT '1',
  `user_id` int(11) DEFAULT NULL,
  `can_delete` tinyint(1) NOT NULL DEFAULT '1',
  `can_move_page` tinyint(1) NOT NULL DEFAULT '1',
  `id` int(11) NOT NULL AUTO_INCREMENT,
  `can_change_advanced_settings` tinyint(1) NOT NULL DEFAULT '0',
  PRIMARY KEY (`id`),
  KEY `cms_globalpagepermission_425ae3c4` (`group_id`),
  KEY `cms_globalpagepermission_403f60f` (`user_id`)
) ENGINE=MyISAM DEFAULT CHARSET=latin1;
/*!40101 SET character_set_client = @saved_cs_client */;

--
-- Dumping data for table `cms_globalpagepermission`
--

LOCK TABLES `cms_globalpagepermission` WRITE;
/*!40000 ALTER TABLE `cms_globalpagepermission` DISABLE KEYS */;
/*!40000 ALTER TABLE `cms_globalpagepermission` ENABLE KEYS */;
UNLOCK TABLES;

--
-- Table structure for table `cms_globalpagepermission_sites`
--

DROP TABLE IF EXISTS `cms_globalpagepermission_sites`;
/*!40101 SET @saved_cs_client     = @@character_set_client */;
/*!40101 SET character_set_client = utf8 */;
CREATE TABLE `cms_globalpagepermission_sites` (
  `id` int(11) NOT NULL AUTO_INCREMENT,
  `globalpagepermission_id` int(11) NOT NULL,
  `site_id` int(11) NOT NULL,
  PRIMARY KEY (`id`),
  KEY `cms_globalpagepermission_sites_a21423f` (`globalpagepermission_id`),
  KEY `cms_globalpagepermission_sites_6223029` (`site_id`)
) ENGINE=MyISAM DEFAULT CHARSET=latin1;
/*!40101 SET character_set_client = @saved_cs_client */;

--
-- Dumping data for table `cms_globalpagepermission_sites`
--

LOCK TABLES `cms_globalpagepermission_sites` WRITE;
/*!40000 ALTER TABLE `cms_globalpagepermission_sites` DISABLE KEYS */;
/*!40000 ALTER TABLE `cms_globalpagepermission_sites` ENABLE KEYS */;
UNLOCK TABLES;

--
-- Table structure for table `cms_page`
--

DROP TABLE IF EXISTS `cms_page`;
/*!40101 SET @saved_cs_client     = @@character_set_client */;
/*!40101 SET character_set_client = utf8 */;
CREATE TABLE `cms_page` (
  `rght` int(10) unsigned NOT NULL,
  `level` int(10) unsigned NOT NULL,
  `navigation_extenders` varchar(80) DEFAULT NULL,
  `parent_id` int(11) DEFAULT NULL,
  `reverse_id` varchar(40),
  `login_required` tinyint(1) NOT NULL DEFAULT '0',
  `soft_root` tinyint(1) NOT NULL DEFAULT '0',
  `creation_date` datetime NOT NULL DEFAULT '2011-04-08 16:35:13',
  `lft` int(10) unsigned NOT NULL,
  `publication_end_date` datetime DEFAULT NULL,
  `template` varchar(100) NOT NULL,
  `tree_id` int(10) unsigned NOT NULL,
  `publication_date` datetime DEFAULT NULL,
  `in_navigation` tinyint(1) NOT NULL DEFAULT '1',
  `id` int(11) NOT NULL AUTO_INCREMENT,
  `moderator_state` smallint(6) NOT NULL DEFAULT '1',
  `published` tinyint(1) NOT NULL DEFAULT '0',
  `site_id` int(11) NOT NULL DEFAULT '1',
  `changed_by` varchar(70) NOT NULL DEFAULT '',
  `created_by` varchar(70) NOT NULL DEFAULT '',
  `publisher_is_draft` tinyint(1) NOT NULL DEFAULT '1',
  `publisher_state` smallint(6) NOT NULL DEFAULT '0',
  `publisher_public_id` int(11) DEFAULT NULL,
  `limit_visibility_in_menu` smallint(6) DEFAULT NULL,
  PRIMARY KEY (`id`),
  UNIQUE KEY `publisher_public_id` (`publisher_public_id`),
  KEY `cms_page_6eabc1a6` (`rght`),
  KEY `cms_page_2a8f42e8` (`level`),
  KEY `cms_page_267392ec` (`navigation_extenders`),
  KEY `cms_page_63f17a16` (`parent_id`),
  KEY `cms_page_b56116b` (`reverse_id`),
  KEY `cms_page_455d889d` (`soft_root`),
  KEY `cms_page_42b06ff6` (`lft`),
  KEY `cms_page_5dde019c` (`publication_end_date`),
  KEY `cms_page_102f80d8` (`tree_id`),
  KEY `cms_page_1199bb9e` (`publication_date`),
  KEY `cms_page_3c0ea264` (`in_navigation`),
  KEY `cms_page_6223029` (`site_id`),
  KEY `cms_page_16d2d3fa` (`publisher_is_draft`),
  KEY `cms_page_5ffeb0a6` (`publisher_state`),
  KEY `cms_page_36f698d1` (`limit_visibility_in_menu`)
) ENGINE=MyISAM AUTO_INCREMENT=21 DEFAULT CHARSET=latin1;
/*!40101 SET character_set_client = @saved_cs_client */;

--
-- Dumping data for table `cms_page`
--

LOCK TABLES `cms_page` WRITE;
/*!40000 ALTER TABLE `cms_page` DISABLE KEYS */;
INSERT INTO `cms_page` VALUES (2,0,'',NULL,NULL,0,0,'2011-04-09 14:32:45',1,NULL,'site_base.html',2,'2011-04-09 14:33:42',1,4,0,1,1,'dan.peade@gmail.com','dan.peade@gmail.com',1,1,NULL,NULL),(10,0,'',NULL,'about-us',0,0,'2011-04-12 12:03:37',1,NULL,'site_base.html',3,'2011-04-12 12:06:18',1,5,0,1,1,'dan.peade@gmail.com','dan.peade@gmail.com',1,1,NULL,NULL),(2,0,'',NULL,NULL,0,0,'2011-04-12 12:37:01',1,NULL,'site_base.html',1,'2011-04-12 12:38:00',0,6,0,1,1,'dan.peade@gmail.com','dan.peade@gmail.com',1,1,NULL,NULL),(3,1,'',5,NULL,0,0,'2011-04-12 13:09:10',2,NULL,'site_base.html',3,'2011-04-12 13:09:22',1,7,0,1,1,'dan.peade@gmail.com','dan.peade@gmail.com',1,1,NULL,NULL),(2,0,'ProgrammesMenu',NULL,'programmes-page',0,0,'2011-04-12 13:54:15',1,NULL,'programmes/programmes_container.html',4,'2011-04-12 13:55:24',1,8,0,1,1,'dan.peade@gmail.com','dan.peade@gmail.com',1,1,NULL,NULL),(2,0,'FlatBlogCategoryMenu',NULL,NULL,0,0,'2011-04-13 14:11:10',1,NULL,'site_base.html',8,'2011-04-13 14:14:34',1,14,0,1,1,'dan.peade@gmail.com','dan.peade@gmail.com',1,1,NULL,NULL),(2,0,'',NULL,'footer-container',0,0,'2011-04-13 10:26:26',1,NULL,'site_base.html',7,NULL,0,13,0,0,1,'dan.peade@gmail.com','dan.peade@gmail.com',1,1,NULL,NULL),(2,0,'ProjectsMenu',NULL,NULL,0,0,'2011-04-19 16:50:16',1,NULL,'projects/projects_container.html',5,'2011-04-20 08:10:27',1,15,0,1,1,'dan.peade@gmail.com','dan.peade@gmail.com',1,1,NULL,NULL),(5,1,'',5,NULL,0,0,'2011-04-27 18:35:25',4,NULL,'site_base.html',3,'2011-04-27 18:35:38',1,16,0,1,1,'dan.peade@gmail.com','dan.peade@gmail.com',1,1,NULL,NULL),(7,1,'',5,NULL,0,0,'2011-04-27 18:36:04',6,NULL,'site_base.html',3,'2011-04-27 18:36:39',1,17,0,1,1,'dan.peade@gmail.com','dan.peade@gmail.com',1,1,NULL,NULL),(9,1,'',5,NULL,0,0,'2011-04-27 18:37:51',8,NULL,'site_base.html',3,'2011-04-27 18:38:11',1,18,0,1,1,'dan.peade@gmail.com','dan.peade@gmail.com',1,1,NULL,NULL),(2,0,'',NULL,NULL,0,0,'2011-04-28 16:28:53',1,NULL,'contribute/contribute.html',6,'2011-04-28 16:38:59',1,19,0,1,1,'dan.peade@gmail.com','dan.peade@gmail.com',1,1,NULL,NULL),(2,0,'',NULL,NULL,0,0,'2011-04-29 11:44:41',1,NULL,'contact/contact.html',9,'2011-04-29 12:00:25',1,20,0,1,1,'dan.peade@gmail.com','dan.peade@gmail.com',1,1,NULL,NULL);
/*!40000 ALTER TABLE `cms_page` ENABLE KEYS */;
UNLOCK TABLES;

--
-- Table structure for table `cms_page_placeholders`
--

DROP TABLE IF EXISTS `cms_page_placeholders`;
/*!40101 SET @saved_cs_client     = @@character_set_client */;
/*!40101 SET character_set_client = utf8 */;
CREATE TABLE `cms_page_placeholders` (
  `id` int(11) NOT NULL AUTO_INCREMENT,
  `page_id` int(11) NOT NULL,
  `placeholder_id` int(11) NOT NULL,
  PRIMARY KEY (`id`),
  UNIQUE KEY `cms_page_placeholders_page_id_6a0df834_uniq` (`page_id`,`placeholder_id`),
  KEY `cms_page_placeholders_32d04bc7` (`page_id`),
  KEY `cms_page_placeholders_3e35d7b0` (`placeholder_id`)
) ENGINE=MyISAM AUTO_INCREMENT=36 DEFAULT CHARSET=latin1;
/*!40101 SET character_set_client = @saved_cs_client */;

--
-- Dumping data for table `cms_page_placeholders`
--

LOCK TABLES `cms_page_placeholders` WRITE;
/*!40000 ALTER TABLE `cms_page_placeholders` DISABLE KEYS */;
INSERT INTO `cms_page_placeholders` VALUES (6,4,6),(5,4,5),(4,4,4),(7,5,7),(8,6,8),(9,7,9),(10,8,10),(15,8,15),(17,13,17),(16,8,16),(18,14,18),(19,4,19),(20,6,20),(21,15,21),(22,15,22),(23,15,23),(24,16,24),(25,17,25),(26,18,26),(27,7,27),(28,19,28),(29,19,29),(30,20,30),(31,20,31),(32,20,32),(33,20,33),(34,20,34),(35,20,35);
/*!40000 ALTER TABLE `cms_page_placeholders` ENABLE KEYS */;
UNLOCK TABLES;

--
-- Table structure for table `cms_pagemoderator`
--

DROP TABLE IF EXISTS `cms_pagemoderator`;
/*!40101 SET @saved_cs_client     = @@character_set_client */;
/*!40101 SET character_set_client = utf8 */;
CREATE TABLE `cms_pagemoderator` (
  `moderate_page` tinyint(1) NOT NULL DEFAULT '0',
  `moderate_children` tinyint(1) NOT NULL DEFAULT '0',
  `page_id` int(11) NOT NULL,
  `user_id` int(11) NOT NULL,
  `id` int(11) NOT NULL AUTO_INCREMENT,
  `moderate_descendants` tinyint(1) NOT NULL DEFAULT '0',
  PRIMARY KEY (`id`),
  KEY `cms_pagemoderator_32d04bc7` (`page_id`),
  KEY `cms_pagemoderator_403f60f` (`user_id`)
) ENGINE=MyISAM DEFAULT CHARSET=latin1;
/*!40101 SET character_set_client = @saved_cs_client */;

--
-- Dumping data for table `cms_pagemoderator`
--

LOCK TABLES `cms_pagemoderator` WRITE;
/*!40000 ALTER TABLE `cms_pagemoderator` DISABLE KEYS */;
/*!40000 ALTER TABLE `cms_pagemoderator` ENABLE KEYS */;
UNLOCK TABLES;

--
-- Table structure for table `cms_pagemoderatorstate`
--

DROP TABLE IF EXISTS `cms_pagemoderatorstate`;
/*!40101 SET @saved_cs_client     = @@character_set_client */;
/*!40101 SET character_set_client = utf8 */;
CREATE TABLE `cms_pagemoderatorstate` (
  `created` datetime NOT NULL,
  `page_id` int(11) NOT NULL,
  `user_id` int(11) DEFAULT NULL,
  `action` varchar(3) DEFAULT NULL,
  `message` longtext NOT NULL,
  `id` int(11) NOT NULL AUTO_INCREMENT,
  PRIMARY KEY (`id`),
  KEY `cms_pagemoderatorstate_32d04bc7` (`page_id`),
  KEY `cms_pagemoderatorstate_403f60f` (`user_id`)
) ENGINE=MyISAM DEFAULT CHARSET=latin1;
/*!40101 SET character_set_client = @saved_cs_client */;

--
-- Dumping data for table `cms_pagemoderatorstate`
--

LOCK TABLES `cms_pagemoderatorstate` WRITE;
/*!40000 ALTER TABLE `cms_pagemoderatorstate` DISABLE KEYS */;
/*!40000 ALTER TABLE `cms_pagemoderatorstate` ENABLE KEYS */;
UNLOCK TABLES;

--
-- Table structure for table `cms_pagepermission`
--

DROP TABLE IF EXISTS `cms_pagepermission`;
/*!40101 SET @saved_cs_client     = @@character_set_client */;
/*!40101 SET character_set_client = utf8 */;
CREATE TABLE `cms_pagepermission` (
  `group_id` int(11) DEFAULT NULL,
  `can_publish` tinyint(1) NOT NULL DEFAULT '1',
  `page_id` int(11) DEFAULT NULL,
  `user_id` int(11) DEFAULT NULL,
  `id` int(11) NOT NULL AUTO_INCREMENT,
  `can_delete` tinyint(1) NOT NULL DEFAULT '1',
  `can_change_permissions` tinyint(1) NOT NULL DEFAULT '0',
  `can_moderate` tinyint(1) NOT NULL DEFAULT '1',
  `can_add` tinyint(1) NOT NULL DEFAULT '1',
  `grant_on` int(11) NOT NULL DEFAULT '5',
  `can_move_page` tinyint(1) NOT NULL DEFAULT '1',
  `can_change` tinyint(1) NOT NULL DEFAULT '1',
  `can_change_advanced_settings` tinyint(1) NOT NULL DEFAULT '0',
  PRIMARY KEY (`id`),
  KEY `cms_pagepermission_425ae3c4` (`group_id`),
  KEY `cms_pagepermission_32d04bc7` (`page_id`),
  KEY `cms_pagepermission_403f60f` (`user_id`)
) ENGINE=MyISAM DEFAULT CHARSET=latin1;
/*!40101 SET character_set_client = @saved_cs_client */;

--
-- Dumping data for table `cms_pagepermission`
--

LOCK TABLES `cms_pagepermission` WRITE;
/*!40000 ALTER TABLE `cms_pagepermission` DISABLE KEYS */;
/*!40000 ALTER TABLE `cms_pagepermission` ENABLE KEYS */;
UNLOCK TABLES;

--
-- Table structure for table `cms_pageuser`
--

DROP TABLE IF EXISTS `cms_pageuser`;
/*!40101 SET @saved_cs_client     = @@character_set_client */;
/*!40101 SET character_set_client = utf8 */;
CREATE TABLE `cms_pageuser` (
  `user_ptr_id` int(11) NOT NULL,
  `created_by_id` int(11) NOT NULL,
  PRIMARY KEY (`user_ptr_id`),
  KEY `cms_pageuser_4a21cf42` (`created_by_id`)
) ENGINE=MyISAM DEFAULT CHARSET=latin1;
/*!40101 SET character_set_client = @saved_cs_client */;

--
-- Dumping data for table `cms_pageuser`
--

LOCK TABLES `cms_pageuser` WRITE;
/*!40000 ALTER TABLE `cms_pageuser` DISABLE KEYS */;
/*!40000 ALTER TABLE `cms_pageuser` ENABLE KEYS */;
UNLOCK TABLES;

--
-- Table structure for table `cms_pageusergroup`
--

DROP TABLE IF EXISTS `cms_pageusergroup`;
/*!40101 SET @saved_cs_client     = @@character_set_client */;
/*!40101 SET character_set_client = utf8 */;
CREATE TABLE `cms_pageusergroup` (
  `group_ptr_id` int(11) NOT NULL,
  `created_by_id` int(11) NOT NULL,
  PRIMARY KEY (`group_ptr_id`),
  KEY `cms_pageusergroup_4a21cf42` (`created_by_id`)
) ENGINE=MyISAM DEFAULT CHARSET=latin1;
/*!40101 SET character_set_client = @saved_cs_client */;

--
-- Dumping data for table `cms_pageusergroup`
--

LOCK TABLES `cms_pageusergroup` WRITE;
/*!40000 ALTER TABLE `cms_pageusergroup` DISABLE KEYS */;
/*!40000 ALTER TABLE `cms_pageusergroup` ENABLE KEYS */;
UNLOCK TABLES;

--
-- Table structure for table `cms_placeholder`
--

DROP TABLE IF EXISTS `cms_placeholder`;
/*!40101 SET @saved_cs_client     = @@character_set_client */;
/*!40101 SET character_set_client = utf8 */;
CREATE TABLE `cms_placeholder` (
  `slot` varchar(50) NOT NULL,
  `id` int(11) NOT NULL AUTO_INCREMENT,
  `default_width` smallint(5) unsigned,
  PRIMARY KEY (`id`),
  KEY `cms_placeholder_400badfd` (`slot`)
) ENGINE=MyISAM AUTO_INCREMENT=36 DEFAULT CHARSET=latin1;
/*!40101 SET character_set_client = @saved_cs_client */;

--
-- Dumping data for table `cms_placeholder`
--

LOCK TABLES `cms_placeholder` WRITE;
/*!40000 ALTER TABLE `cms_placeholder` DISABLE KEYS */;
INSERT INTO `cms_placeholder` VALUES ('content',5,NULL),('right_column',4,NULL),('footer',6,NULL),('content',7,NULL),('content',8,NULL),('content',9,NULL),('content',10,NULL),('listing_content',15,NULL),('content',17,NULL),('detail_content',16,NULL),('content',18,NULL),('mycontent',19,NULL),('mycontent',20,NULL),('content',21,NULL),('detail_content',22,NULL),('listing_content',23,NULL),('content',24,NULL),('content',25,NULL),('content',26,NULL),('people_generic_content',27,NULL),('content',28,NULL),('page_heading',29,NULL),('intro',30,NULL),('email',31,NULL),('post_and_phone',32,NULL),('visit',33,NULL),('social_media',34,NULL),('content',35,NULL);
/*!40000 ALTER TABLE `cms_placeholder` ENABLE KEYS */;
UNLOCK TABLES;

--
-- Table structure for table `cms_title`
--

DROP TABLE IF EXISTS `cms_title`;
/*!40101 SET @saved_cs_client     = @@character_set_client */;
/*!40101 SET character_set_client = utf8 */;
CREATE TABLE `cms_title` (
  `language` varchar(15) NOT NULL,
  `title` varchar(255) NOT NULL,
  `page_id` int(11) NOT NULL,
  `id` int(11) NOT NULL AUTO_INCREMENT,
  `path` varchar(255) NOT NULL,
  `creation_date` datetime NOT NULL DEFAULT '2011-04-08 16:35:13',
  `slug` varchar(255) NOT NULL,
  `has_url_overwrite` tinyint(1) NOT NULL DEFAULT '0',
  `application_urls` varchar(200),
  `redirect` varchar(255) DEFAULT NULL,
  `meta_keywords` varchar(255) DEFAULT NULL,
  `meta_description` longtext,
  `page_title` varchar(255) DEFAULT NULL,
  `menu_title` varchar(255) DEFAULT NULL,
  PRIMARY KEY (`id`),
  UNIQUE KEY `cms_title_page_id_175d922b_uniq` (`page_id`,`language`),
  KEY `cms_title_75853655` (`language`),
  KEY `cms_title_32d04bc7` (`page_id`),
  KEY `cms_title_6a8a34e2` (`path`),
  KEY `cms_title_56ae2a2a` (`slug`),
  KEY `cms_title_3d964e2e` (`has_url_overwrite`),
  KEY `cms_title_23b1fc68` (`application_urls`)
) ENGINE=MyISAM AUTO_INCREMENT=19 DEFAULT CHARSET=latin1;
/*!40101 SET character_set_client = @saved_cs_client */;

--
-- Dumping data for table `cms_title`
--

LOCK TABLES `cms_title` WRITE;
/*!40000 ALTER TABLE `cms_title` DISABLE KEYS */;
INSERT INTO `cms_title` VALUES ('en','Home',4,2,'home','2011-04-09 14:32:45','home',0,'HomeAppHook','','','','',''),('en','About us',5,3,'about-us','2011-04-12 12:03:38','about-us',0,'','','','','',''),('en','Uber Meta Parent',6,4,'uber-meta-parent','2011-04-12 12:37:01','uber-meta-parent',0,'','','','','',''),('en','People',7,5,'about-us/people','2011-04-12 13:09:11','people',0,'PeopleAppHook','','','','',''),('en','Programmes',8,6,'programmes','2011-04-12 13:54:15','programmes',0,'ProgrammesAppHook','','','','',''),('en','Blog',14,12,'blog','2011-04-13 14:11:11','blog',0,'ZinniaApphook','','','','',''),('en','Footer Container',13,11,'footer-container','2011-04-13 10:26:26','footer-container',0,'','','','','',''),('en','Projects',15,13,'projects','2011-04-19 16:50:17','projects',0,'ProjectsAppHook','','','','',''),('en','How We Formed',16,14,'about-us/how-we-formed','2011-04-27 18:35:26','how-we-formed',0,'','','','','',''),('en','Our Strategy',17,15,'about-us/our-strategy','2011-04-27 18:36:04','our-strategy',0,'','','','','',''),('en','Why Solar',18,16,'about-us/why-solar','2011-04-27 18:37:52','why-solar',0,'','','','','',''),('en','Contribute',19,17,'contribute','2011-04-28 16:28:55','contribute',0,'','','','','',''),('en','Contact Us',20,18,'contact-us','2011-04-29 11:44:42','contact-us',0,'ContactAppHook','','','','','');
/*!40000 ALTER TABLE `cms_title` ENABLE KEYS */;
UNLOCK TABLES;

--
-- Table structure for table `cmsplugin_file`
--

DROP TABLE IF EXISTS `cmsplugin_file`;
/*!40101 SET @saved_cs_client     = @@character_set_client */;
/*!40101 SET character_set_client = utf8 */;
CREATE TABLE `cmsplugin_file` (
  `cmsplugin_ptr_id` int(11) NOT NULL,
  `file` varchar(100) NOT NULL,
  `title` varchar(255) DEFAULT NULL,
  UNIQUE KEY `cmsplugin_ptr_id` (`cmsplugin_ptr_id`)
) ENGINE=MyISAM DEFAULT CHARSET=latin1;
/*!40101 SET character_set_client = @saved_cs_client */;

--
-- Dumping data for table `cmsplugin_file`
--

LOCK TABLES `cmsplugin_file` WRITE;
/*!40000 ALTER TABLE `cmsplugin_file` DISABLE KEYS */;
/*!40000 ALTER TABLE `cmsplugin_file` ENABLE KEYS */;
UNLOCK TABLES;

--
-- Table structure for table `cmsplugin_googlemap`
--

DROP TABLE IF EXISTS `cmsplugin_googlemap`;
/*!40101 SET @saved_cs_client     = @@character_set_client */;
/*!40101 SET character_set_client = utf8 */;
CREATE TABLE `cmsplugin_googlemap` (
  `city` varchar(100) NOT NULL,
  `title` varchar(100) DEFAULT NULL,
  `cmsplugin_ptr_id` int(11) NOT NULL,
  `zoom` int(11) DEFAULT NULL,
  `content` varchar(255) DEFAULT NULL,
  `address` varchar(150) NOT NULL,
  `zipcode` varchar(30) NOT NULL,
  `lng` decimal(10,6) DEFAULT NULL,
  `lat` decimal(10,6) DEFAULT NULL,
  `route_planer` tinyint(1) NOT NULL DEFAULT '0',
  `route_planer_title` varchar(150) DEFAULT 'Calculate your fastest way to here',
  PRIMARY KEY (`cmsplugin_ptr_id`)
) ENGINE=MyISAM DEFAULT CHARSET=latin1;
/*!40101 SET character_set_client = @saved_cs_client */;

--
-- Dumping data for table `cmsplugin_googlemap`
--

LOCK TABLES `cmsplugin_googlemap` WRITE;
/*!40000 ALTER TABLE `cmsplugin_googlemap` DISABLE KEYS */;
/*!40000 ALTER TABLE `cmsplugin_googlemap` ENABLE KEYS */;
UNLOCK TABLES;

--
-- Table structure for table `cmsplugin_latestentriesplugin`
--

DROP TABLE IF EXISTS `cmsplugin_latestentriesplugin`;
/*!40101 SET @saved_cs_client     = @@character_set_client */;
/*!40101 SET character_set_client = utf8 */;
CREATE TABLE `cmsplugin_latestentriesplugin` (
  `cmsplugin_ptr_id` int(11) NOT NULL,
  `number_of_entries` int(11) NOT NULL DEFAULT '5',
  `template_to_render` varchar(250) NOT NULL,
  `subcategories` tinyint(1) NOT NULL,
  PRIMARY KEY (`cmsplugin_ptr_id`)
) ENGINE=MyISAM DEFAULT CHARSET=latin1;
/*!40101 SET character_set_client = @saved_cs_client */;

--
-- Dumping data for table `cmsplugin_latestentriesplugin`
--

LOCK TABLES `cmsplugin_latestentriesplugin` WRITE;
/*!40000 ALTER TABLE `cmsplugin_latestentriesplugin` DISABLE KEYS */;
/*!40000 ALTER TABLE `cmsplugin_latestentriesplugin` ENABLE KEYS */;
UNLOCK TABLES;

--
-- Table structure for table `cmsplugin_link`
--

DROP TABLE IF EXISTS `cmsplugin_link`;
/*!40101 SET @saved_cs_client     = @@character_set_client */;
/*!40101 SET character_set_client = utf8 */;
CREATE TABLE `cmsplugin_link` (
  `url` varchar(200) DEFAULT NULL,
  `cmsplugin_ptr_id` int(11) NOT NULL,
  `name` varchar(256) NOT NULL,
  `page_link_id` int(11) DEFAULT NULL,
  `mailto` varchar(75) DEFAULT NULL,
  UNIQUE KEY `cmsplugin_ptr_id` (`cmsplugin_ptr_id`),
  KEY `link_link_32d04bc7` (`page_link_id`)
) ENGINE=MyISAM DEFAULT CHARSET=latin1;
/*!40101 SET character_set_client = @saved_cs_client */;

--
-- Dumping data for table `cmsplugin_link`
--

LOCK TABLES `cmsplugin_link` WRITE;
/*!40000 ALTER TABLE `cmsplugin_link` DISABLE KEYS */;
/*!40000 ALTER TABLE `cmsplugin_link` ENABLE KEYS */;
UNLOCK TABLES;

--
-- Table structure for table `cmsplugin_picture`
--

DROP TABLE IF EXISTS `cmsplugin_picture`;
/*!40101 SET @saved_cs_client     = @@character_set_client */;
/*!40101 SET character_set_client = utf8 */;
CREATE TABLE `cmsplugin_picture` (
  `url` varchar(255) DEFAULT NULL,
  `image` varchar(100) NOT NULL,
  `cmsplugin_ptr_id` int(11) NOT NULL,
  `alt` varchar(255) DEFAULT NULL,
  `page_link_id` int(11) DEFAULT NULL,
  `float` varchar(10) DEFAULT NULL,
  `longdesc` varchar(255) NOT NULL DEFAULT '',
  UNIQUE KEY `cmsplugin_ptr_id` (`cmsplugin_ptr_id`),
  KEY `cmsplugin_picture_37c07cc5` (`page_link_id`)
) ENGINE=MyISAM DEFAULT CHARSET=latin1;
/*!40101 SET character_set_client = @saved_cs_client */;

--
-- Dumping data for table `cmsplugin_picture`
--

LOCK TABLES `cmsplugin_picture` WRITE;
/*!40000 ALTER TABLE `cmsplugin_picture` DISABLE KEYS */;
/*!40000 ALTER TABLE `cmsplugin_picture` ENABLE KEYS */;
UNLOCK TABLES;

--
-- Table structure for table `cmsplugin_randomentriesplugin`
--

DROP TABLE IF EXISTS `cmsplugin_randomentriesplugin`;
/*!40101 SET @saved_cs_client     = @@character_set_client */;
/*!40101 SET character_set_client = utf8 */;
CREATE TABLE `cmsplugin_randomentriesplugin` (
  `cmsplugin_ptr_id` int(11) NOT NULL,
  `number_of_entries` int(11) DEFAULT '5',
  `template_to_render` varchar(250) NOT NULL,
  PRIMARY KEY (`cmsplugin_ptr_id`)
) ENGINE=MyISAM DEFAULT CHARSET=latin1;
/*!40101 SET character_set_client = @saved_cs_client */;

--
-- Dumping data for table `cmsplugin_randomentriesplugin`
--

LOCK TABLES `cmsplugin_randomentriesplugin` WRITE;
/*!40000 ALTER TABLE `cmsplugin_randomentriesplugin` DISABLE KEYS */;
/*!40000 ALTER TABLE `cmsplugin_randomentriesplugin` ENABLE KEYS */;
UNLOCK TABLES;

--
-- Table structure for table `cmsplugin_selectedentriesplugin`
--

DROP TABLE IF EXISTS `cmsplugin_selectedentriesplugin`;
/*!40101 SET @saved_cs_client     = @@character_set_client */;
/*!40101 SET character_set_client = utf8 */;
CREATE TABLE `cmsplugin_selectedentriesplugin` (
  `cmsplugin_ptr_id` int(11) NOT NULL,
  `template_to_render` varchar(250) NOT NULL,
  PRIMARY KEY (`cmsplugin_ptr_id`)
) ENGINE=MyISAM DEFAULT CHARSET=latin1;
/*!40101 SET character_set_client = @saved_cs_client */;

--
-- Dumping data for table `cmsplugin_selectedentriesplugin`
--

LOCK TABLES `cmsplugin_selectedentriesplugin` WRITE;
/*!40000 ALTER TABLE `cmsplugin_selectedentriesplugin` DISABLE KEYS */;
/*!40000 ALTER TABLE `cmsplugin_selectedentriesplugin` ENABLE KEYS */;
UNLOCK TABLES;

--
-- Table structure for table `cmsplugin_snippetptr`
--

DROP TABLE IF EXISTS `cmsplugin_snippetptr`;
/*!40101 SET @saved_cs_client     = @@character_set_client */;
/*!40101 SET character_set_client = utf8 */;
CREATE TABLE `cmsplugin_snippetptr` (
  `cmsplugin_ptr_id` int(11) NOT NULL,
  `snippet_id` int(11) NOT NULL,
  UNIQUE KEY `cmsplugin_ptr_id` (`cmsplugin_ptr_id`),
  KEY `snippet_snippetptr_37e31bc4` (`snippet_id`)
) ENGINE=MyISAM DEFAULT CHARSET=latin1;
/*!40101 SET character_set_client = @saved_cs_client */;

--
-- Dumping data for table `cmsplugin_snippetptr`
--

LOCK TABLES `cmsplugin_snippetptr` WRITE;
/*!40000 ALTER TABLE `cmsplugin_snippetptr` DISABLE KEYS */;
/*!40000 ALTER TABLE `cmsplugin_snippetptr` ENABLE KEYS */;
UNLOCK TABLES;

--
-- Table structure for table `cmsplugin_text`
--

DROP TABLE IF EXISTS `cmsplugin_text`;
/*!40101 SET @saved_cs_client     = @@character_set_client */;
/*!40101 SET character_set_client = utf8 */;
CREATE TABLE `cmsplugin_text` (
  `body` longtext NOT NULL,
  `cmsplugin_ptr_id` int(11) NOT NULL,
  UNIQUE KEY `cmsplugin_ptr_id` (`cmsplugin_ptr_id`)
) ENGINE=MyISAM DEFAULT CHARSET=latin1;
/*!40101 SET character_set_client = @saved_cs_client */;

--
-- Dumping data for table `cmsplugin_text`
--

LOCK TABLES `cmsplugin_text` WRITE;
/*!40000 ALTER TABLE `cmsplugin_text` DISABLE KEYS */;
INSERT INTO `cmsplugin_text` VALUES ('<p>Some amazing text</p>',30),('<p><img src=\"../../../../../../site_media/media/files/images/vaccine-fridge.jpg\" alt=\"fridgey\" width=\"100\" height=\"100\" /></p>\r\n<p>&nbsp;</p>\r\n<p>bollix and big ones at that</p>',31),('<p>If you want to ask us any questions about specific projects please email us at <a title=\"Send EFO email\" href=\"mailto:info@energyforoppotunity.org\">info@energyforoppotunity.org</a></p>',32),('<p>bit of text that will appear on the programmes listing page</p>',24),('<p>&copy; 2011 Energy For Opportunity</p>',28),('<p>A bit of detail content that appears on every detail page</p>',26),('<p>A bit of listing content</p>',27),('<h2>Why Solar?</h2>\r\n<p><img style=\"vertical-align: middle;\" title=\"Solar module\" src=\"/site_media/media/files/images/module-tiwai.jpg\" alt=\"Solar module from the Tiwai Island project\" width=\"965\" height=\"250\" /></p>\r\n<p>An estimated two billion people lack  direct access to electricity  networks, meaning that the twenty-four hour  electricity that is present  in all developed countries is a distant and  unobtainable luxury to  nearly a third of the world&rsquo;s population. It is  also now evident that  mass electrical supply through grid networks is no  longer a realistic  and feasible reality for much of the world&rsquo;s  population. Furthermore,  the worldwide threat of climate change is  becoming increasingly  apparent, as the international community realizes  the need to  dramatically change the way it is developing and living if  its impacts  are to be minimized. The promotion and dissemination of  solar power can  help to address the above, by providing innovative  energy solutions  for remote communities, while also reflecting a  development strategy  that is sensitive to climate change concerns.</p>\r\n<p style=\"text-align: justify;\">Small scale solar installation projects  offer a direct, safe and environmentally friendly way to provide modern  electricity to communities across West Africa. With solar, community  health clinics can have vaccine fridges, schools can hold night-classes,  individuals can listen to radios, water can be pumped for agriculture,  and households can be lit up; meanwhile burdens such as water and fuel  collecting are dramatically lighten. Solar power is an appropriate  technology to engage with and improve the livelihoods of West African  communities, while also being reflective of the global need to have a  development process which has a minimal impact on global environmental  commons. EFO&rsquo;s work with solar is thus a reflection of a development  strategy that is appreciative of both local and global concerns.</p>',33),('<h2>How We Formed</h2>\r\n<p>Energy For Opportunity&rsquo;s two founders first met while living and working  with Community Based Organizations in rural Uganda. This was an  experience that introduced them both to the unique challenges that the  African environment can present in the development and implementation of  community-driven sustainable projects. This initial collaboration led  to further opportunities in Sierra Leone and Liberia through work with  the Environmental Foundation for Africa, where they implemented a  large-scale solar electricity installation project in twelve schools and  health clinics in refugee affected areas across Liberia. This was soon  followed with further solar installations on Tiwai Island, an  eco-tourism and research site in the south-east of Sierra Leone.</p>\r\n<p><img style=\"display: block; margin-left: auto; margin-right: auto;\" title=\"Teaching In Uganda\" src=\"/site_media/media/files/images/teaching-uganda.jpg\" alt=\"EFO co-founder Simon Willans teaching in Uganda\" width=\"500\" height=\"375\" /></p>\r\n<p style=\"text-align: center;\"><em>EFO\'s Director conducting a training workshop in eastern Uganda</em></p>\r\n<p>The above projects were not only a great success, but also provided a  variety of learning experiences relating to the challenges and  opportunities that&nbsp; the implementation renewable energy projects in the  region could present. It was evident that renewable energy was being  heavily underutilized in the West Africa, a technology that could play a  major role in addressing deficit in energy supply that the majority of  the region&rsquo;s populace experience. Energy For Opportunity naturally grew  out of these experiences, the creation of an organization that aims to <em>effectively</em> and <em>efficiently</em> disseminate renewable energy to areas in Africa where the need is  greatest. The organization has continued to evolve as other partners  joined and contributed their experiences and areas of expertise.</p>',34),('<h2>Our Strategy</h2>\r\n<p>Energy For Opportunity&rsquo;s strategy is to develop innovative ways in which  to both promote and implement the use of renewable energy. The emphasis  therefore is not only on direct solar installation projects (in health  clinics, schools, community centers etc.), but also on solar training  for students in partnership with local education institutions and the  active promotion of the use of renewable energies in the offices and  projects of government bodies and international organizations. Thus the  objective is not just to deliver renewable electricity through projects,  but also instill a philosophy of renewable energy use across the  broader community.</p>\r\n<p><img style=\"display: block; margin-left: auto; margin-right: auto;\" title=\"Map of West Africa\" src=\"/site_media/media/files/images/west-africa-insert21-300x254.gif\" alt=\"Map of West Africa\" width=\"300\" height=\"254\" /></p>\r\n<p class=\"p_caption\" style=\"text-align: center;\"><em>Map of West Africa</em></p>\r\n<p style=\"text-align: justify;\">EFO focuses its work exclusively in West  Africa, a region where the need for alternative forms of energy is  greatest. It is a region that the United Nations ranks as having eleven  out of the twenty least developed countries in the world. Initial  projects are currently being developed with local partners in Sierra  Leone, Benin and Mali. The strategy being to establish long-term  partnerships, with EFO providing any necessary expertise while  increasing local technical capacity. This strategy is derived from EFO&rsquo;s  belief that any international organization working in a development  setting should be striving to make their services redundant; the  involvement of local partners is one key step in this process.</p>\r\n<p style=\"text-align: justify;\">Please utilize the links below if you wish to find out more information about our target countries:</p>\r\n<ul>\r\n<li><a title=\"Benin Development Profile\" href=\"/site_media/media/files/documents/sierra-leone-development-profile.pdf\" target=\"_blank\">Benin Development Profile</a></li>\r\n<li><a title=\"Mali Development Profile\" href=\"/site_media/media/files/documents/sierra-leone-development-profile.pdf\" target=\"_blank\">Mali Development Profile</a></li>\r\n<li><a title=\"Sierra Leone Development Profile\" href=\"/site_media/media/files/documents/sierra-leone-development-profile.pdf\" target=\"_blank\">Sierra Leone Development Profile</a></li>\r\n</ul>',37),('<h2>Donation FAQ:</h2>\r\n<p><strong><em>1. How much of my donation goes to actual projects?</em></strong>&nbsp;&nbsp; <em><strong></strong></em> <em><strong></strong></em></p>\r\n<p><em><strong>100%!!</strong></em>&nbsp;&nbsp; Every cent donated to us on this site  goes directly to the projects we support, so you can be sure that your  entire donation is providing renewable energy to communities in West  Africa. We cover all additional costs through funding organizations and contract work.</p>\r\n<p><strong><em>2. Do you keep a record of my bank/credit-card details?</em></strong></p>\r\n<p>No. In fact, we never see your bank account or credit card details. Your  transaction is processed securely through PayPal. We receive your  donation (gratefully!) but not your personal financial details.</p>\r\n<p><strong><em>3. Is my donation tax deductible?</em></strong></p>\r\n<p>Yes. But at the moment, we are registered as a charity only in Canada. Our charity number is: 80016 8551  RR0001<br /> Charity status in other countries is coming soon!</p>\r\n<p><strong><em>4. Can I donate in other currencies?</em></strong></p>\r\n<p>Yes. You can donate using a credit card in any currency you wish &ndash;  PayPal will convert it for you. If you are donating from a currency  different to the ones listed above, we recommend you use US dollars or  Canadian dollars.</p>\r\n<p><strong><em>5. Will you charge me forever for my monthly donation?</em></strong></p>\r\n<p>No. We will accept your donations for a maximum of 24 months, just in  case you need to put that money elsewhere (but we would love you to  renew after that time!). You can also cancel your monthly donation at any earlier time through PayPal.</p>',38),('<p>EFO benefits greatly from your contribution!</p>',39),('<h2>Email</h2>\r\n<p>You can email us at <a title=\"Send Email To Energy For Opportunity\" href=\"mailto:mail@energyforopportunity.org\">mail@energyforopportunity.org</a> or alternatively use the contact for below to send us an email directly:</p>',40),('<h2>Post</h2>\r\n<p>PO Box 1234, Station A<br /> Windsor, Ontario,<br /> Canada, N9A6P8</p>\r\n<h2>Phone</h2>\r\n<p>Canada: +1 (519) 817-5775<br /> Sierra Leone: +232 078 68436</p>',41),('<h2>Visit</h2>\r\n<p>4 Hospital Rd,<br /> Lakka, Freetown Peninsula,<br /> Sierra Leone</p>\r\n<p><iframe src=\"http://maps.google.com/maps?f=q&amp;source=s_q&amp;hl=en&amp;geocode=&amp;q=4+hospital+rd+lakka+sierra+leone&amp;aq=&amp;sll=8.403432,-13.264961&amp;sspn=0.279181,0.445976&amp;ie=UTF8&amp;ll=8.412772,-13.256378&amp;spn=0.059435,0.072956&amp;z=13&amp;output=embed\" width=\"425\" height=\"350\"></iframe><br /><small><a style=\"color: #0000ff; text-align: left;\" href=\"http://maps.google.com/maps?f=q&amp;source=embed&amp;hl=en&amp;geocode=&amp;q=4+hospital+rd+lakka+sierra+leone&amp;aq=&amp;sll=8.403432,-13.264961&amp;sspn=0.279181,0.445976&amp;ie=UTF8&amp;ll=8.412772,-13.256378&amp;spn=0.059435,0.072956&amp;z=13\">View Larger Map</a></small></p>',42),('<h2>Social Media</h2>\r\n<p>You can also follow the latest EFO related news and activities on social media or subscribe to our blog feed....</p>',44);
/*!40000 ALTER TABLE `cmsplugin_text` ENABLE KEYS */;
UNLOCK TABLES;

--
-- Table structure for table `django_admin_log`
--

DROP TABLE IF EXISTS `django_admin_log`;
/*!40101 SET @saved_cs_client     = @@character_set_client */;
/*!40101 SET character_set_client = utf8 */;
CREATE TABLE `django_admin_log` (
  `id` int(11) NOT NULL AUTO_INCREMENT,
  `action_time` datetime NOT NULL,
  `user_id` int(11) NOT NULL,
  `content_type_id` int(11) DEFAULT NULL,
  `object_id` longtext,
  `object_repr` varchar(200) NOT NULL,
  `action_flag` smallint(5) unsigned NOT NULL,
  `change_message` longtext NOT NULL,
  PRIMARY KEY (`id`),
  KEY `django_admin_log_403f60f` (`user_id`),
  KEY `django_admin_log_1bb8f392` (`content_type_id`)
) ENGINE=MyISAM AUTO_INCREMENT=108 DEFAULT CHARSET=latin1;
/*!40101 SET character_set_client = @saved_cs_client */;

--
-- Dumping data for table `django_admin_log`
--

LOCK TABLES `django_admin_log` WRITE;
/*!40000 ALTER TABLE `django_admin_log` DISABLE KEYS */;
INSERT INTO `django_admin_log` VALUES (1,'2011-04-09 14:31:56',1,39,'3','Home',1,''),(2,'2011-04-09 14:32:07',1,39,'3','Home',3,''),(3,'2011-04-09 14:32:15',1,39,'2','',3,''),(4,'2011-04-09 14:32:19',1,39,'1','',3,''),(5,'2011-04-09 14:32:45',1,39,'4','Home',1,''),(6,'2011-04-09 14:33:42',1,39,'4','Home',2,'Changed published, in_navigation and moderator_state.'),(7,'2011-04-11 17:41:26',1,39,'4','Home',2,'Changed template, language and moderator_state.'),(8,'2011-04-12 12:03:38',1,39,'5','About us',1,''),(9,'2011-04-12 12:06:19',1,39,'5','About us',2,'Changed published, in_navigation, language and moderator_state.'),(10,'2011-04-12 12:33:25',1,39,'4','Home',2,'Changed in_navigation, language and moderator_state.'),(11,'2011-04-12 12:37:01',1,39,'6','Uber Parent Meta',1,''),(12,'2011-04-12 12:37:13',1,39,'6','Uber Parent Meta',2,'Changed language and moderator_state.'),(13,'2011-04-12 12:42:42',1,39,'6','Uber Parent Meta',2,'Changed title, slug, language and moderator_state.'),(14,'2011-04-12 13:09:11',1,39,'7','People',1,''),(15,'2011-04-12 13:09:23',1,39,'7','People',2,'Changed published, in_navigation, language and moderator_state.'),(16,'2011-04-12 13:49:48',1,39,'5','About us',2,'Changed reverse_id, language and moderator_state.'),(17,'2011-04-12 13:54:16',1,39,'8','projects',1,''),(18,'2011-04-12 13:54:50',1,39,'9','health',1,''),(19,'2011-04-12 13:55:03',1,39,'9','health',2,'Changed published, in_navigation, language and moderator_state.'),(20,'2011-04-12 13:55:24',1,39,'8','projects',2,'Changed published, in_navigation, language and moderator_state.'),(21,'2011-04-12 13:57:48',1,39,'10','Education',1,''),(22,'2011-04-12 13:58:09',1,39,'10','Education',2,'Changed published, in_navigation, language and moderator_state.'),(23,'2011-04-12 16:24:52',1,39,'9','health',3,''),(24,'2011-04-12 16:25:02',1,39,'10','Education',3,''),(25,'2011-04-12 16:25:36',1,39,'8','projects',2,'Changed title, slug, language and moderator_state.'),(26,'2011-04-12 16:29:43',1,63,'1','Health',1,''),(27,'2011-04-12 16:40:57',1,39,'8','Programmes',2,'Changed navigation_extenders, language and moderator_state.'),(28,'2011-04-12 17:25:53',1,39,'8','Programmes',2,'Changed navigation_extenders, language and moderator_state.'),(29,'2011-04-12 17:58:05',1,39,'8','Programmes',2,'Changed application_urls, language and moderator_state.'),(30,'2011-04-12 18:41:22',1,63,'2','Education',1,''),(31,'2011-04-12 19:14:04',1,39,'11','programmes info',1,''),(32,'2011-04-12 19:14:50',1,39,'11','programmes info',2,'Changed published, language and moderator_state.'),(33,'2011-04-12 19:16:02',1,39,'11','programmes info',2,'Changed reverse_id, language and moderator_state.'),(34,'2011-04-12 19:18:32',1,39,'8','Programmes',2,'Changed language and moderator_state.'),(35,'2011-04-13 08:40:37',1,39,'8','Programmes',2,'Changed reverse_id, language and moderator_state.'),(36,'2011-04-13 08:47:07',1,39,'11','programmes info',3,''),(37,'2011-04-13 08:47:30',1,39,'12','Programme Detail',1,''),(38,'2011-04-13 08:47:48',1,39,'12','Programme Detail',2,'Changed published, reverse_id, language and moderator_state.'),(39,'2011-04-13 09:32:33',1,39,'8','Programmes',2,'Changed language and moderator_state.'),(40,'2011-04-13 09:43:51',1,39,'8','Programmes',2,'Changed template, language and moderator_state.'),(41,'2011-04-13 09:53:09',1,39,'12','Programme Detail',3,''),(42,'2011-04-13 10:26:26',1,39,'13','Footer Container',1,''),(43,'2011-04-13 12:01:30',1,39,'13','Footer Container',2,'Changed reverse_id, language and moderator_state.'),(44,'2011-04-13 14:11:11',1,39,'14','Blog',1,''),(45,'2011-04-13 14:11:31',1,39,'14','Blog',2,'Changed application_urls, language and moderator_state.'),(46,'2011-04-13 14:14:35',1,39,'14','Blog',2,'Changed published, in_navigation, language and moderator_state.'),(47,'2011-04-13 19:17:03',1,68,'1','The Story of  A Fridge: draft',1,''),(48,'2011-04-13 19:58:33',1,68,'1','The Story of  A Fridge: published',2,'No fields changed.'),(49,'2011-04-14 09:22:04',1,39,'14','Blog',2,'Changed navigation_extenders, language and moderator_state.'),(50,'2011-04-14 10:17:21',1,39,'14','Blog',2,'Changed navigation_extenders, language and moderator_state.'),(51,'2011-04-14 10:33:33',1,39,'14','Blog',2,'Changed language and moderator_state.'),(52,'2011-04-14 10:45:32',1,39,'14','Blog',2,'Changed navigation_extenders, language and moderator_state.'),(53,'2011-04-14 10:47:48',1,39,'14','Blog',2,'Changed navigation_extenders, language and moderator_state.'),(54,'2011-04-14 11:14:43',1,39,'14','Blog',2,'Changed navigation_extenders, language and moderator_state.'),(55,'2011-04-14 11:23:03',1,39,'14','Blog',2,'Changed navigation_extenders, language and moderator_state.'),(56,'2011-04-14 11:24:18',1,39,'14','Blog',2,'Changed navigation_extenders, language and moderator_state.'),(57,'2011-04-14 11:25:52',1,67,'1','health',1,''),(58,'2011-04-14 11:25:57',1,68,'1','The Story of  A Fridge: published',2,'Changed categories.'),(59,'2011-04-14 13:15:59',1,39,'14','Blog',2,'Changed navigation_extenders, language and moderator_state.'),(60,'2011-04-14 16:11:43',1,67,'2','education',1,''),(61,'2011-04-14 18:35:15',1,39,'4','Home',2,'Changed language and moderator_state.'),(62,'2011-04-15 10:39:25',1,39,'4','Home',2,'Changed language and moderator_state.'),(63,'2011-04-15 10:42:31',1,39,'4','Home',2,'Changed language and moderator_state.'),(64,'2011-04-15 10:48:39',1,39,'4','Home',2,'Changed language and moderator_state.'),(65,'2011-04-15 13:05:20',1,56,'1','example.com (home)',1,''),(66,'2011-04-15 13:19:10',1,57,'1','example.com (home)',1,''),(67,'2011-04-15 13:39:25',1,57,'1','example.com (home)',2,'Added feature \"Health\".'),(68,'2011-04-15 14:19:47',1,57,'1','example.com (home)',2,'Changed active for feature \"Health\".'),(69,'2011-04-15 14:28:21',1,39,'4','Home',2,'Changed application_urls, language and moderator_state.'),(70,'2011-04-15 15:59:06',1,63,'2','Education',2,'Added programme image \"/site_media/media/files/images/solar-sinje-roof.jpg\".'),(71,'2011-04-15 16:01:28',1,57,'1','example.com (home)',2,'Changed object_id for feature \"Education\".'),(72,'2011-04-15 18:23:30',1,55,'1','files/images/vaccine-fridge.jpg',2,'Changed image.'),(73,'2011-04-15 18:28:12',1,63,'1','Health',2,'Added programme image \"files/images/solar-sinje-roof.jpg\".'),(74,'2011-04-15 18:29:30',1,57,'1','example.com (home)',2,'Added feature \"Health\".'),(75,'2011-04-15 18:29:53',1,57,'1','example.com (home)',2,'Changed active for feature \"Health\".'),(76,'2011-04-16 11:59:27',1,63,'2','Education',2,'Changed summary and spiele. Added programme image \"files/images/smaller_006.jpg\". Changed caption for programme image \"files/images/vaccine-fridge.jpg\".'),(77,'2011-04-19 14:28:32',1,63,'2','Education',2,'Changed caption for programme image \"files/images/vaccine-fridge.jpg\". Changed caption for programme image \"files/images/smaller_006.jpg\".'),(78,'2011-04-19 16:17:20',1,63,'2','Education',2,'Changed summary.'),(79,'2011-04-19 16:44:12',1,60,'1','ProjectLocation object',1,''),(80,'2011-04-19 16:46:07',1,61,'1','Solar power for Kamakwie Secondary School',1,''),(81,'2011-04-19 16:49:28',1,61,'1','Solar power for Kamakwie Secondary School',2,'Changed spiele.'),(82,'2011-04-19 16:50:17',1,39,'15','Projects',1,''),(83,'2011-04-20 08:10:27',1,39,'15','Projects',2,'Changed published, in_navigation, template, language and moderator_state.'),(84,'2011-04-20 08:10:50',1,39,'15','Projects',2,'Changed navigation_extenders, application_urls, language and moderator_state.'),(85,'2011-04-27 11:45:30',1,61,'1','Solar power for Kamakwie Secondary School',2,'Added project image \"files/images/inveno-makeni.jpg\".'),(86,'2011-04-27 16:29:49',1,8,'1','Programme Staff',1,''),(87,'2011-04-27 16:30:29',1,9,'1','dan.peade@gmail.com',2,'Changed first_name, last_name and groups. Changed biography and avatar for profile \"Dan Peade\".'),(88,'2011-04-27 16:53:24',1,39,'7','People',2,'Changed application_urls, language and moderator_state.'),(89,'2011-04-27 18:16:44',1,8,'2','Australian Directors',1,''),(90,'2011-04-27 18:20:00',1,9,'2','Christiansen-Ame',1,''),(91,'2011-04-27 18:35:26',1,39,'16','How We Formed',1,''),(92,'2011-04-27 18:35:39',1,39,'16','How We Formed',2,'Changed published, in_navigation, language and moderator_state.'),(93,'2011-04-27 18:36:04',1,39,'17','Our Strategy',1,''),(94,'2011-04-27 18:36:39',1,39,'17','Our Strategy',2,'Changed published, in_navigation, language and moderator_state.'),(95,'2011-04-27 18:37:52',1,39,'18','Why Solar',1,''),(96,'2011-04-27 18:38:11',1,39,'18','Why Solar',2,'Changed published, in_navigation, language and moderator_state.'),(97,'2011-04-28 14:21:20',1,9,'1','dan.peade@gmail.com',2,'Changed groups.'),(98,'2011-04-28 15:25:06',1,61,'2','Solar power for Orphans in Kamawkie',1,''),(99,'2011-04-28 16:09:54',1,61,'1','Solar power for Kamakwie Secondary School',2,'Changed programme.'),(100,'2011-04-28 16:28:55',1,39,'19','Contribute',1,''),(101,'2011-04-28 16:39:00',1,39,'19','Contribute',2,'Changed published, in_navigation, language and moderator_state.'),(102,'2011-04-28 17:07:04',1,39,'19','Contribute',2,'Changed template, language and moderator_state.'),(103,'2011-04-28 17:40:49',1,61,'2','Solar power for Orphans in Kamawkie',2,'Added project image \"files/images/playingfootball.jpg\".'),(104,'2011-04-29 11:44:42',1,39,'20','Contact Us',1,''),(105,'2011-04-29 12:00:25',1,39,'20','Contact Us',2,'Changed published, in_navigation, language and moderator_state.'),(106,'2011-04-29 14:34:22',1,39,'20','Contact Us',2,'Changed application_urls, language and moderator_state.'),(107,'2011-04-29 15:24:18',1,39,'20','Contact Us',2,'Changed language and moderator_state.');
/*!40000 ALTER TABLE `django_admin_log` ENABLE KEYS */;
UNLOCK TABLES;

--
-- Table structure for table `django_comment_flags`
--

DROP TABLE IF EXISTS `django_comment_flags`;
/*!40101 SET @saved_cs_client     = @@character_set_client */;
/*!40101 SET character_set_client = utf8 */;
CREATE TABLE `django_comment_flags` (
  `id` int(11) NOT NULL AUTO_INCREMENT,
  `user_id` int(11) NOT NULL,
  `comment_id` int(11) NOT NULL,
  `flag` varchar(30) NOT NULL,
  `flag_date` datetime NOT NULL,
  PRIMARY KEY (`id`),
  UNIQUE KEY `user_id` (`user_id`,`comment_id`,`flag`),
  KEY `django_comment_flags_403f60f` (`user_id`),
  KEY `django_comment_flags_64c238ac` (`comment_id`),
  KEY `django_comment_flags_111c90f9` (`flag`)
) ENGINE=MyISAM DEFAULT CHARSET=latin1;
/*!40101 SET character_set_client = @saved_cs_client */;

--
-- Dumping data for table `django_comment_flags`
--

LOCK TABLES `django_comment_flags` WRITE;
/*!40000 ALTER TABLE `django_comment_flags` DISABLE KEYS */;
/*!40000 ALTER TABLE `django_comment_flags` ENABLE KEYS */;
UNLOCK TABLES;

--
-- Table structure for table `django_comments`
--

DROP TABLE IF EXISTS `django_comments`;
/*!40101 SET @saved_cs_client     = @@character_set_client */;
/*!40101 SET character_set_client = utf8 */;
CREATE TABLE `django_comments` (
  `id` int(11) NOT NULL AUTO_INCREMENT,
  `content_type_id` int(11) NOT NULL,
  `object_pk` longtext NOT NULL,
  `site_id` int(11) NOT NULL,
  `user_id` int(11) DEFAULT NULL,
  `user_name` varchar(50) NOT NULL,
  `user_email` varchar(75) NOT NULL,
  `user_url` varchar(200) NOT NULL,
  `comment` longtext NOT NULL,
  `submit_date` datetime NOT NULL,
  `ip_address` char(15) DEFAULT NULL,
  `is_public` tinyint(1) NOT NULL,
  `is_removed` tinyint(1) NOT NULL,
  PRIMARY KEY (`id`),
  KEY `django_comments_1bb8f392` (`content_type_id`),
  KEY `django_comments_6223029` (`site_id`),
  KEY `django_comments_403f60f` (`user_id`)
) ENGINE=MyISAM AUTO_INCREMENT=3 DEFAULT CHARSET=latin1;
/*!40101 SET character_set_client = @saved_cs_client */;

--
-- Dumping data for table `django_comments`
--

LOCK TABLES `django_comments` WRITE;
/*!40000 ALTER TABLE `django_comments` DISABLE KEYS */;
INSERT INTO `django_comments` VALUES (1,68,'1',1,1,'hooliganpeae','hooliganpeade@yahoo.com','','fascinatin article','2011-04-14 16:25:14','127.0.0.1',1,0),(2,68,'1',1,1,'danny bo','hooliganpeade@yahoo.com','','really amaing article this','2011-04-14 16:27:07','127.0.0.1',1,0);
/*!40000 ALTER TABLE `django_comments` ENABLE KEYS */;
UNLOCK TABLES;

--
-- Table structure for table `django_content_type`
--

DROP TABLE IF EXISTS `django_content_type`;
/*!40101 SET @saved_cs_client     = @@character_set_client */;
/*!40101 SET character_set_client = utf8 */;
CREATE TABLE `django_content_type` (
  `id` int(11) NOT NULL AUTO_INCREMENT,
  `name` varchar(100) NOT NULL,
  `app_label` varchar(100) NOT NULL,
  `model` varchar(100) NOT NULL,
  PRIMARY KEY (`id`),
  UNIQUE KEY `app_label` (`app_label`,`model`)
) ENGINE=MyISAM AUTO_INCREMENT=74 DEFAULT CHARSET=latin1;
/*!40101 SET character_set_client = @saved_cs_client */;

--
-- Dumping data for table `django_content_type`
--

LOCK TABLES `django_content_type` WRITE;
/*!40000 ALTER TABLE `django_content_type` DISABLE KEYS */;
INSERT INTO `django_content_type` VALUES (1,'notice type','notification','noticetype'),(2,'notice setting','notification','noticesetting'),(3,'notice','notification','notice'),(4,'notice queue batch','notification','noticequeuebatch'),(5,'observed item','notification','observeditem'),(6,'log entry','admin','logentry'),(7,'permission','auth','permission'),(8,'group','auth','group'),(9,'user','auth','user'),(10,'message','auth','message'),(11,'comment','comments','comment'),(12,'comment flag','comments','commentflag'),(13,'content type','contenttypes','contenttype'),(14,'session','sessions','session'),(15,'site','sites','site'),(16,'message','mailer','message'),(17,'don\'t send entry','mailer','dontsendentry'),(18,'message log','mailer','messagelog'),(19,'e-mail address','emailconfirmation','emailaddress'),(20,'e-mail confirmation','emailconfirmation','emailconfirmation'),(21,'announcement','announcements','announcement'),(22,'kv store','thumbnail','kvstore'),(23,'view tracker','popularity','viewtracker'),(24,'migration history','south','migrationhistory'),(25,'Tag','taggit','tag'),(26,'Tagged Item','taggit','taggeditem'),(27,'account','account','account'),(28,'other service info','account','otherserviceinfo'),(29,'password reset','account','passwordreset'),(30,'profile','profiles','profile'),(31,'nonce','django_openid','nonce'),(32,'association','django_openid','association'),(33,'user openid association','django_openid','useropenidassociation'),(34,'queue','mailchimp','queue'),(35,'Mailchimp Log','mailchimp','campaign'),(36,'reciever','mailchimp','reciever'),(37,'placeholder','cms','placeholder'),(38,'cms plugin','cms','cmsplugin'),(39,'page','cms','page'),(40,'PageModerator','cms','pagemoderator'),(41,'Page moderator state','cms','pagemoderatorstate'),(42,'Page global permission','cms','globalpagepermission'),(43,'Page permission','cms','pagepermission'),(44,'User (page)','cms','pageuser'),(45,'User group (page)','cms','pageusergroup'),(46,'title','cms','title'),(47,'picture','picture','picture'),(48,'text','text','text'),(49,'Snippet','snippet','snippet'),(50,'Snippet','snippet','snippetptr'),(51,'link','link','link'),(52,'google map','googlemap','googlemap'),(53,'file','file','file'),(54,'cache key','menus','cachekey'),(55,'image','images','image'),(56,'site feature area','features','sitefeaturearea'),(57,'feature set','features','featureset'),(58,'feature','features','feature'),(59,'feature schedule','features','featureschedule'),(60,'project location','projects','projectlocation'),(61,'project','projects','project'),(62,'project image','projects','projectimage'),(63,'programme','programmes','programme'),(64,'programme image','programmes','programmeimage'),(65,'tag','tagging','tag'),(66,'tagged item','tagging','taggeditem'),(67,'category','zinnia','category'),(68,'entry','zinnia','entry'),(69,'author','zinnia','author'),(70,'latest entries plugin','plugins','latestentriesplugin'),(71,'selected entries plugin','plugins','selectedentriesplugin'),(72,'random entries plugin','plugins','randomentriesplugin'),(73,'contact message','membrete','message');
/*!40000 ALTER TABLE `django_content_type` ENABLE KEYS */;
UNLOCK TABLES;

--
-- Table structure for table `django_openid_association`
--

DROP TABLE IF EXISTS `django_openid_association`;
/*!40101 SET @saved_cs_client     = @@character_set_client */;
/*!40101 SET character_set_client = utf8 */;
CREATE TABLE `django_openid_association` (
  `id` int(11) NOT NULL AUTO_INCREMENT,
  `server_url` longtext NOT NULL,
  `handle` varchar(255) NOT NULL,
  `secret` longtext NOT NULL,
  `issued` int(11) NOT NULL,
  `lifetime` int(11) NOT NULL,
  `assoc_type` longtext NOT NULL,
  PRIMARY KEY (`id`)
) ENGINE=MyISAM DEFAULT CHARSET=latin1;
/*!40101 SET character_set_client = @saved_cs_client */;

--
-- Dumping data for table `django_openid_association`
--

LOCK TABLES `django_openid_association` WRITE;
/*!40000 ALTER TABLE `django_openid_association` DISABLE KEYS */;
/*!40000 ALTER TABLE `django_openid_association` ENABLE KEYS */;
UNLOCK TABLES;

--
-- Table structure for table `django_openid_nonce`
--

DROP TABLE IF EXISTS `django_openid_nonce`;
/*!40101 SET @saved_cs_client     = @@character_set_client */;
/*!40101 SET character_set_client = utf8 */;
CREATE TABLE `django_openid_nonce` (
  `id` int(11) NOT NULL AUTO_INCREMENT,
  `server_url` varchar(255) NOT NULL,
  `timestamp` int(11) NOT NULL,
  `salt` varchar(40) NOT NULL,
  PRIMARY KEY (`id`)
) ENGINE=MyISAM DEFAULT CHARSET=latin1;
/*!40101 SET character_set_client = @saved_cs_client */;

--
-- Dumping data for table `django_openid_nonce`
--

LOCK TABLES `django_openid_nonce` WRITE;
/*!40000 ALTER TABLE `django_openid_nonce` DISABLE KEYS */;
/*!40000 ALTER TABLE `django_openid_nonce` ENABLE KEYS */;
UNLOCK TABLES;

--
-- Table structure for table `django_openid_useropenidassociation`
--

DROP TABLE IF EXISTS `django_openid_useropenidassociation`;
/*!40101 SET @saved_cs_client     = @@character_set_client */;
/*!40101 SET character_set_client = utf8 */;
CREATE TABLE `django_openid_useropenidassociation` (
  `id` int(11) NOT NULL AUTO_INCREMENT,
  `user_id` int(11) NOT NULL,
  `openid` varchar(255) NOT NULL,
  `created` datetime NOT NULL,
  PRIMARY KEY (`id`),
  KEY `django_openid_useropenidassociation_403f60f` (`user_id`)
) ENGINE=MyISAM DEFAULT CHARSET=latin1;
/*!40101 SET character_set_client = @saved_cs_client */;

--
-- Dumping data for table `django_openid_useropenidassociation`
--

LOCK TABLES `django_openid_useropenidassociation` WRITE;
/*!40000 ALTER TABLE `django_openid_useropenidassociation` DISABLE KEYS */;
/*!40000 ALTER TABLE `django_openid_useropenidassociation` ENABLE KEYS */;
UNLOCK TABLES;

--
-- Table structure for table `django_session`
--

DROP TABLE IF EXISTS `django_session`;
/*!40101 SET @saved_cs_client     = @@character_set_client */;
/*!40101 SET character_set_client = utf8 */;
CREATE TABLE `django_session` (
  `session_key` varchar(40) NOT NULL,
  `session_data` longtext NOT NULL,
  `expire_date` datetime NOT NULL,
  PRIMARY KEY (`session_key`)
) ENGINE=MyISAM DEFAULT CHARSET=latin1;
/*!40101 SET character_set_client = @saved_cs_client */;

--
-- Dumping data for table `django_session`
--

LOCK TABLES `django_session` WRITE;
/*!40000 ALTER TABLE `django_session` DISABLE KEYS */;
INSERT INTO `django_session` VALUES ('4b5da21463b4ed80d5d7c466d24b9cfd','gAJ9cQEoVQp0ZXN0Y29va2llcQJVBndvcmtlZHEDVQ9kamFuZ29fbGFuZ3VhZ2VxBFgCAAAAZW5x\nBXUuNWNkZmVkMzJmNWE4M2UwNTUzNzFlODIyZjI4ZDk5NDU=\n','2011-04-23 13:52:06'),('0561d4d73d89e8e95e13ac39fc67a6e8','gAJ9cQEoVQ5jbXNfYWRtaW5fc2l0ZXECigEBVRJfYXV0aF91c2VyX2JhY2tlbmRxA1UscHJvZmls\nZXMuYXV0aF9iYWNrZW5kcy5BdXRoZW50aWNhdGlvbkJhY2tlbmRxBFUPZGphbmdvX2xhbmd1YWdl\ncQVYAgAAAGVucQZVDV9hdXRoX3VzZXJfaWRxB4oBAXUuMzE2MmRmZjJiNjZiZjMxMmRkOWNiOTM1\nZjY1NjhkNDU=\n','2011-04-23 13:47:58'),('70c6f270c47d9568298f7d589bfa5a63','gAJ9cQEuODg5NGJhOWQzMjZmMDY0NDk0Y2I5OTFiYzA5YWVlZWY=\n','2011-04-23 13:52:28'),('b08146d2a88adaefbe90068df90836bc','gAJ9cQEoVQ5jbXNfYWRtaW5fc2l0ZXECigEBVQ1fYXV0aF91c2VyX2lkcQOKAQFVEl9hdXRoX3Vz\nZXJfYmFja2VuZHEEVSxwcm9maWxlcy5hdXRoX2JhY2tlbmRzLkF1dGhlbnRpY2F0aW9uQmFja2Vu\nZHEFVQhjbXNfZWRpdHEGiFUPZGphbmdvX2xhbmd1YWdlcQdYAgAAAGVucQh1LjQxNGI1MWE3ZmRk\nZjNlOWQ4ZTc3M2EyOTZhNWZhODc3\n','2011-04-24 08:23:22'),('ca91b1555860e389ca90e70fa21ff875','gAJ9cQEuODg5NGJhOWQzMjZmMDY0NDk0Y2I5OTFiYzA5YWVlZWY=\n','2011-04-24 09:00:15'),('a76769d150a4c08006a56de41eea067b','gAJ9cQEoVQ1fYXV0aF91c2VyX2lkcQKKAQFVD2RqYW5nb19sYW5ndWFnZXEDWAIAAABlbnEEVRJf\nYXV0aF91c2VyX2JhY2tlbmRxBVUscHJvZmlsZXMuYXV0aF9iYWNrZW5kcy5BdXRoZW50aWNhdGlv\nbkJhY2tlbmRxBnUuMDJlNzQ2MzU3MDg4YzlkMGJmNzkzZGQ0OTg0MWU0NDc=\n','2011-04-23 18:37:30'),('e587ca7ac2e3f11eba391b24875333d0','gAJ9cQEoVQ1fYXV0aF91c2VyX2lkcQKKAQFVD2RqYW5nb19sYW5ndWFnZXEDWAIAAABlbnEEVRJf\nYXV0aF91c2VyX2JhY2tlbmRxBVUscHJvZmlsZXMuYXV0aF9iYWNrZW5kcy5BdXRoZW50aWNhdGlv\nbkJhY2tlbmRxBnUuMDJlNzQ2MzU3MDg4YzlkMGJmNzkzZGQ0OTg0MWU0NDc=\n','2011-04-24 14:39:10'),('205398af8ae3e13c0ae5a7cdb213fb72','gAJ9cQEoVQ5jbXNfYWRtaW5fc2l0ZXECigEBVQhjbXNfZWRpdHEDiFUNX2F1dGhfdXNlcl9pZHEE\nigEBVRJfYXV0aF91c2VyX2JhY2tlbmRxBVUscHJvZmlsZXMuYXV0aF9iYWNrZW5kcy5BdXRoZW50\naWNhdGlvbkJhY2tlbmRxBlUPZGphbmdvX2xhbmd1YWdlcQdYAgAAAGVucQh1LjMwMDgyNTRkODMy\nNGM2ZWNjNTc4ZjU4ZjI2ZjIxYzZi\n','2011-05-04 08:53:33'),('b2e699c1a31aa7e096bccd84720ff24f','gAJ9cQEoVQ5jbXNfYWRtaW5fc2l0ZXECigEBVRJfYXV0aF91c2VyX2JhY2tlbmRxA1UscHJvZmls\nZXMuYXV0aF9iYWNrZW5kcy5BdXRoZW50aWNhdGlvbkJhY2tlbmRxBFUNX2F1dGhfdXNlcl9pZHEF\nigEBVQhjbXNfZWRpdHEGiVUPZGphbmdvX2xhbmd1YWdlcQdYAgAAAGVucQh1LmE1OGJjOTAxMzEz\nZTQ2NDU3ZjUwMzdhZWY3M2FhZjU4\n','2011-05-13 16:30:50');
/*!40000 ALTER TABLE `django_session` ENABLE KEYS */;
UNLOCK TABLES;

--
-- Table structure for table `django_site`
--

DROP TABLE IF EXISTS `django_site`;
/*!40101 SET @saved_cs_client     = @@character_set_client */;
/*!40101 SET character_set_client = utf8 */;
CREATE TABLE `django_site` (
  `id` int(11) NOT NULL AUTO_INCREMENT,
  `domain` varchar(100) NOT NULL,
  `name` varchar(50) NOT NULL,
  PRIMARY KEY (`id`)
) ENGINE=MyISAM AUTO_INCREMENT=2 DEFAULT CHARSET=latin1;
/*!40101 SET character_set_client = @saved_cs_client */;

--
-- Dumping data for table `django_site`
--

LOCK TABLES `django_site` WRITE;
/*!40000 ALTER TABLE `django_site` DISABLE KEYS */;
INSERT INTO `django_site` VALUES (1,'example.com','example.com');
/*!40000 ALTER TABLE `django_site` ENABLE KEYS */;
UNLOCK TABLES;

--
-- Table structure for table `emailconfirmation_emailaddress`
--

DROP TABLE IF EXISTS `emailconfirmation_emailaddress`;
/*!40101 SET @saved_cs_client     = @@character_set_client */;
/*!40101 SET character_set_client = utf8 */;
CREATE TABLE `emailconfirmation_emailaddress` (
  `id` int(11) NOT NULL AUTO_INCREMENT,
  `user_id` int(11) NOT NULL,
  `email` varchar(75) NOT NULL,
  `verified` tinyint(1) NOT NULL,
  `primary` tinyint(1) NOT NULL,
  PRIMARY KEY (`id`),
  UNIQUE KEY `user_id` (`user_id`,`email`),
  KEY `emailconfirmation_emailaddress_403f60f` (`user_id`)
) ENGINE=MyISAM AUTO_INCREMENT=2 DEFAULT CHARSET=latin1;
/*!40101 SET character_set_client = @saved_cs_client */;

--
-- Dumping data for table `emailconfirmation_emailaddress`
--

LOCK TABLES `emailconfirmation_emailaddress` WRITE;
/*!40000 ALTER TABLE `emailconfirmation_emailaddress` DISABLE KEYS */;
INSERT INTO `emailconfirmation_emailaddress` VALUES (1,1,'dan.peade@gmail.com',1,1);
/*!40000 ALTER TABLE `emailconfirmation_emailaddress` ENABLE KEYS */;
UNLOCK TABLES;

--
-- Table structure for table `emailconfirmation_emailconfirmation`
--

DROP TABLE IF EXISTS `emailconfirmation_emailconfirmation`;
/*!40101 SET @saved_cs_client     = @@character_set_client */;
/*!40101 SET character_set_client = utf8 */;
CREATE TABLE `emailconfirmation_emailconfirmation` (
  `id` int(11) NOT NULL AUTO_INCREMENT,
  `email_address_id` int(11) NOT NULL,
  `sent` datetime NOT NULL,
  `confirmation_key` varchar(40) NOT NULL,
  PRIMARY KEY (`id`),
  KEY `emailconfirmation_emailconfirmation_1df9fea4` (`email_address_id`)
) ENGINE=MyISAM DEFAULT CHARSET=latin1;
/*!40101 SET character_set_client = @saved_cs_client */;

--
-- Dumping data for table `emailconfirmation_emailconfirmation`
--

LOCK TABLES `emailconfirmation_emailconfirmation` WRITE;
/*!40000 ALTER TABLE `emailconfirmation_emailconfirmation` DISABLE KEYS */;
/*!40000 ALTER TABLE `emailconfirmation_emailconfirmation` ENABLE KEYS */;
UNLOCK TABLES;

--
-- Table structure for table `features_feature`
--

DROP TABLE IF EXISTS `features_feature`;
/*!40101 SET @saved_cs_client     = @@character_set_client */;
/*!40101 SET character_set_client = utf8 */;
CREATE TABLE `features_feature` (
  `id` int(11) NOT NULL AUTO_INCREMENT,
  `feature_set_id` int(11) DEFAULT NULL,
  `content_type_id` int(11) NOT NULL,
  `object_id` int(10) unsigned NOT NULL,
  `active` tinyint(1) NOT NULL,
  `feature_summary` varchar(200) NOT NULL,
  `order` int(10) unsigned DEFAULT NULL,
  PRIMARY KEY (`id`),
  KEY `features_feature_50806fc4` (`feature_set_id`),
  KEY `features_feature_1bb8f392` (`content_type_id`)
) ENGINE=MyISAM AUTO_INCREMENT=3 DEFAULT CHARSET=latin1;
/*!40101 SET character_set_client = @saved_cs_client */;

--
-- Dumping data for table `features_feature`
--

LOCK TABLES `features_feature` WRITE;
/*!40000 ALTER TABLE `features_feature` DISABLE KEYS */;
INSERT INTO `features_feature` VALUES (1,1,63,2,1,'whatever',NULL),(2,1,63,1,1,'more of the same',NULL);
/*!40000 ALTER TABLE `features_feature` ENABLE KEYS */;
UNLOCK TABLES;

--
-- Table structure for table `features_featureschedule`
--

DROP TABLE IF EXISTS `features_featureschedule`;
/*!40101 SET @saved_cs_client     = @@character_set_client */;
/*!40101 SET character_set_client = utf8 */;
CREATE TABLE `features_featureschedule` (
  `id` int(11) NOT NULL AUTO_INCREMENT,
  `start_date_time` datetime NOT NULL,
  `end_date_time` datetime NOT NULL,
  PRIMARY KEY (`id`)
) ENGINE=MyISAM DEFAULT CHARSET=latin1;
/*!40101 SET character_set_client = @saved_cs_client */;

--
-- Dumping data for table `features_featureschedule`
--

LOCK TABLES `features_featureschedule` WRITE;
/*!40000 ALTER TABLE `features_featureschedule` DISABLE KEYS */;
/*!40000 ALTER TABLE `features_featureschedule` ENABLE KEYS */;
UNLOCK TABLES;

--
-- Table structure for table `features_featureset`
--

DROP TABLE IF EXISTS `features_featureset`;
/*!40101 SET @saved_cs_client     = @@character_set_client */;
/*!40101 SET character_set_client = utf8 */;
CREATE TABLE `features_featureset` (
  `id` int(11) NOT NULL AUTO_INCREMENT,
  `site_feature_area_id` int(11) DEFAULT NULL,
  PRIMARY KEY (`id`),
  KEY `features_featureset_6625e811` (`site_feature_area_id`)
) ENGINE=MyISAM AUTO_INCREMENT=2 DEFAULT CHARSET=latin1;
/*!40101 SET character_set_client = @saved_cs_client */;

--
-- Dumping data for table `features_featureset`
--

LOCK TABLES `features_featureset` WRITE;
/*!40000 ALTER TABLE `features_featureset` DISABLE KEYS */;
INSERT INTO `features_featureset` VALUES (1,1);
/*!40000 ALTER TABLE `features_featureset` ENABLE KEYS */;
UNLOCK TABLES;

--
-- Table structure for table `features_sitefeaturearea`
--

DROP TABLE IF EXISTS `features_sitefeaturearea`;
/*!40101 SET @saved_cs_client     = @@character_set_client */;
/*!40101 SET character_set_client = utf8 */;
CREATE TABLE `features_sitefeaturearea` (
  `id` int(11) NOT NULL AUTO_INCREMENT,
  `site_id` int(11) DEFAULT NULL,
  `area` varchar(50) NOT NULL,
  PRIMARY KEY (`id`),
  UNIQUE KEY `site_id` (`site_id`,`area`),
  KEY `features_sitefeaturearea_6223029` (`site_id`)
) ENGINE=MyISAM AUTO_INCREMENT=2 DEFAULT CHARSET=latin1;
/*!40101 SET character_set_client = @saved_cs_client */;

--
-- Dumping data for table `features_sitefeaturearea`
--

LOCK TABLES `features_sitefeaturearea` WRITE;
/*!40000 ALTER TABLE `features_sitefeaturearea` DISABLE KEYS */;
INSERT INTO `features_sitefeaturearea` VALUES (1,1,'home');
/*!40000 ALTER TABLE `features_sitefeaturearea` ENABLE KEYS */;
UNLOCK TABLES;

--
-- Table structure for table `images_image`
--

DROP TABLE IF EXISTS `images_image`;
/*!40101 SET @saved_cs_client     = @@character_set_client */;
/*!40101 SET character_set_client = utf8 */;
CREATE TABLE `images_image` (
  `id` int(11) NOT NULL AUTO_INCREMENT,
  `slug` varchar(250) NOT NULL,
  `created` datetime NOT NULL,
  `modified` datetime NOT NULL,
  `created_by_id` int(11) DEFAULT NULL,
  `modified_by_id` int(11) DEFAULT NULL,
  `slide_show` tinyint(1) NOT NULL,
  `image` varchar(200) DEFAULT NULL,
  `caption` longtext NOT NULL,
  `photographer` varchar(200) NOT NULL,
  `order` smallint(5) unsigned DEFAULT NULL,
  `feature` tinyint(1) NOT NULL,
  `summary` tinyint(1) NOT NULL,
  PRIMARY KEY (`id`),
  UNIQUE KEY `slug` (`slug`),
  KEY `images_image_4a21cf42` (`created_by_id`),
  KEY `images_image_6162aa58` (`modified_by_id`)
) ENGINE=MyISAM AUTO_INCREMENT=8 DEFAULT CHARSET=latin1;
/*!40101 SET character_set_client = @saved_cs_client */;

--
-- Dumping data for table `images_image`
--

LOCK TABLES `images_image` WRITE;
/*!40000 ALTER TABLE `images_image` DISABLE KEYS */;
INSERT INTO `images_image` VALUES (1,'some-guy-took-a-photo-of-some-guys-on-a-roof','2011-04-15 15:59:06','2011-04-19 14:28:32',NULL,NULL,1,'files/images/vaccine-fridge.jpg','Some guy took a photo of some guys on a roof','',NULL,0,0),(2,'roof-guys','2011-04-15 18:28:12','2011-04-15 18:28:12',NULL,NULL,1,'files/images/solar-sinje-roof.jpg','roof guys','',NULL,0,0),(4,'the-panels-at-the-school','2011-04-19 16:46:07','2011-04-19 16:46:07',NULL,NULL,1,'files/images/kamakwie-school.jpg','The panels at the school','',NULL,1,1),(3,'inside-a-room','2011-04-16 11:59:27','2011-04-19 14:28:32',NULL,NULL,1,'files/images/smaller_006.jpg','Inside a room','',NULL,0,1),(5,'mohamed-on-the-roof','2011-04-27 11:45:30','2011-04-27 11:45:30',NULL,NULL,1,'files/images/inveno-makeni.jpg','Mohamed on the roof','',NULL,0,0),(6,'the-orphanage-at-kamakwie','2011-04-28 15:25:06','2011-04-28 15:25:06',NULL,NULL,1,'files/images/kamakwieorph.jpg','The orphanage at Kamakwie','',NULL,1,1),(7,'playing-football-at-the-school','2011-04-28 17:40:48','2011-04-28 17:40:48',NULL,NULL,1,'files/images/playingfootball.jpg','Playing football at the school','',NULL,0,0);
/*!40000 ALTER TABLE `images_image` ENABLE KEYS */;
UNLOCK TABLES;

--
-- Table structure for table `mailchimp_campaign`
--

DROP TABLE IF EXISTS `mailchimp_campaign`;
/*!40101 SET @saved_cs_client     = @@character_set_client */;
/*!40101 SET character_set_client = utf8 */;
CREATE TABLE `mailchimp_campaign` (
  `content` longtext NOT NULL,
  `sent_date` datetime NOT NULL,
  `id` int(11) NOT NULL AUTO_INCREMENT,
  `name` varchar(255) NOT NULL,
  `campaign_id` varchar(50) NOT NULL,
  `object_id` int(10) unsigned DEFAULT NULL,
  `content_type_id` int(11) DEFAULT NULL,
  `extra_info` longtext,
  PRIMARY KEY (`id`),
  KEY `mailchimp_campaign_1bb8f392` (`content_type_id`)
) ENGINE=MyISAM DEFAULT CHARSET=latin1;
/*!40101 SET character_set_client = @saved_cs_client */;

--
-- Dumping data for table `mailchimp_campaign`
--

LOCK TABLES `mailchimp_campaign` WRITE;
/*!40000 ALTER TABLE `mailchimp_campaign` DISABLE KEYS */;
/*!40000 ALTER TABLE `mailchimp_campaign` ENABLE KEYS */;
UNLOCK TABLES;

--
-- Table structure for table `mailchimp_queue`
--

DROP TABLE IF EXISTS `mailchimp_queue`;
/*!40101 SET @saved_cs_client     = @@character_set_client */;
/*!40101 SET character_set_client = utf8 */;
CREATE TABLE `mailchimp_queue` (
  `type_opts` longtext NOT NULL,
  `segment_options_all` tinyint(1) NOT NULL DEFAULT '0',
  `id` int(11) NOT NULL AUTO_INCREMENT,
  `contents` longtext NOT NULL,
  `subject` varchar(255) NOT NULL,
  `campaign_type` varchar(50) NOT NULL,
  `authenticate` tinyint(1) NOT NULL DEFAULT '0',
  `title` varchar(255) DEFAULT NULL,
  `from_email` varchar(75) NOT NULL,
  `segment_options` tinyint(1) NOT NULL DEFAULT '0',
  `list_id` varchar(50) NOT NULL,
  `auto_tweet` tinyint(1) NOT NULL DEFAULT '0',
  `from_name` varchar(255) NOT NULL,
  `folder_id` varchar(50) DEFAULT NULL,
  `generate_text` tinyint(1) NOT NULL DEFAULT '0',
  `to_email` varchar(75) NOT NULL,
  `tracking_text_clicks` tinyint(1) NOT NULL DEFAULT '0',
  `auto_footer` tinyint(1) NOT NULL DEFAULT '0',
  `tracking_html_clicks` tinyint(1) NOT NULL DEFAULT '1',
  `google_analytics` varchar(100) DEFAULT NULL,
  `segment_options_conditions` longtext NOT NULL,
  `template_id` int(10) unsigned NOT NULL,
  `tracking_opens` tinyint(1) NOT NULL DEFAULT '1',
  `object_id` int(10) unsigned DEFAULT NULL,
  `content_type_id` int(11) DEFAULT NULL,
  `locked` tinyint(1) NOT NULL DEFAULT '0',
  `extra_info` longtext,
  PRIMARY KEY (`id`),
  KEY `mailchimp_queue_1bb8f392` (`content_type_id`)
) ENGINE=MyISAM DEFAULT CHARSET=latin1;
/*!40101 SET character_set_client = @saved_cs_client */;

--
-- Dumping data for table `mailchimp_queue`
--

LOCK TABLES `mailchimp_queue` WRITE;
/*!40000 ALTER TABLE `mailchimp_queue` DISABLE KEYS */;
/*!40000 ALTER TABLE `mailchimp_queue` ENABLE KEYS */;
UNLOCK TABLES;

--
-- Table structure for table `mailchimp_reciever`
--

DROP TABLE IF EXISTS `mailchimp_reciever`;
/*!40101 SET @saved_cs_client     = @@character_set_client */;
/*!40101 SET character_set_client = utf8 */;
CREATE TABLE `mailchimp_reciever` (
  `id` int(11) NOT NULL AUTO_INCREMENT,
  `campaign_id` int(11) NOT NULL,
  `email` varchar(75) NOT NULL,
  PRIMARY KEY (`id`),
  KEY `mailchimp_reciever_702b94e6` (`campaign_id`)
) ENGINE=MyISAM DEFAULT CHARSET=latin1;
/*!40101 SET character_set_client = @saved_cs_client */;

--
-- Dumping data for table `mailchimp_reciever`
--

LOCK TABLES `mailchimp_reciever` WRITE;
/*!40000 ALTER TABLE `mailchimp_reciever` DISABLE KEYS */;
/*!40000 ALTER TABLE `mailchimp_reciever` ENABLE KEYS */;
UNLOCK TABLES;

--
-- Table structure for table `mailer_dontsendentry`
--

DROP TABLE IF EXISTS `mailer_dontsendentry`;
/*!40101 SET @saved_cs_client     = @@character_set_client */;
/*!40101 SET character_set_client = utf8 */;
CREATE TABLE `mailer_dontsendentry` (
  `id` int(11) NOT NULL AUTO_INCREMENT,
  `to_address` varchar(75) NOT NULL,
  `when_added` datetime NOT NULL,
  PRIMARY KEY (`id`)
) ENGINE=MyISAM DEFAULT CHARSET=latin1;
/*!40101 SET character_set_client = @saved_cs_client */;

--
-- Dumping data for table `mailer_dontsendentry`
--

LOCK TABLES `mailer_dontsendentry` WRITE;
/*!40000 ALTER TABLE `mailer_dontsendentry` DISABLE KEYS */;
/*!40000 ALTER TABLE `mailer_dontsendentry` ENABLE KEYS */;
UNLOCK TABLES;

--
-- Table structure for table `mailer_message`
--

DROP TABLE IF EXISTS `mailer_message`;
/*!40101 SET @saved_cs_client     = @@character_set_client */;
/*!40101 SET character_set_client = utf8 */;
CREATE TABLE `mailer_message` (
  `id` int(11) NOT NULL AUTO_INCREMENT,
  `message_data` longtext NOT NULL,
  `when_added` datetime NOT NULL,
  `priority` varchar(1) NOT NULL,
  PRIMARY KEY (`id`)
) ENGINE=MyISAM DEFAULT CHARSET=latin1;
/*!40101 SET character_set_client = @saved_cs_client */;

--
-- Dumping data for table `mailer_message`
--

LOCK TABLES `mailer_message` WRITE;
/*!40000 ALTER TABLE `mailer_message` DISABLE KEYS */;
/*!40000 ALTER TABLE `mailer_message` ENABLE KEYS */;
UNLOCK TABLES;

--
-- Table structure for table `mailer_messagelog`
--

DROP TABLE IF EXISTS `mailer_messagelog`;
/*!40101 SET @saved_cs_client     = @@character_set_client */;
/*!40101 SET character_set_client = utf8 */;
CREATE TABLE `mailer_messagelog` (
  `id` int(11) NOT NULL AUTO_INCREMENT,
  `message_data` longtext NOT NULL,
  `when_added` datetime NOT NULL,
  `priority` varchar(1) NOT NULL,
  `when_attempted` datetime NOT NULL,
  `result` varchar(1) NOT NULL,
  `log_message` longtext NOT NULL,
  PRIMARY KEY (`id`)
) ENGINE=MyISAM DEFAULT CHARSET=latin1;
/*!40101 SET character_set_client = @saved_cs_client */;

--
-- Dumping data for table `mailer_messagelog`
--

LOCK TABLES `mailer_messagelog` WRITE;
/*!40000 ALTER TABLE `mailer_messagelog` DISABLE KEYS */;
/*!40000 ALTER TABLE `mailer_messagelog` ENABLE KEYS */;
UNLOCK TABLES;

--
-- Table structure for table `membrete_message`
--

DROP TABLE IF EXISTS `membrete_message`;
/*!40101 SET @saved_cs_client     = @@character_set_client */;
/*!40101 SET character_set_client = utf8 */;
CREATE TABLE `membrete_message` (
  `id` int(11) NOT NULL AUTO_INCREMENT,
  `name` varchar(80) NOT NULL,
  `company` varchar(80) NOT NULL,
  `mail` varchar(75) NOT NULL,
  `phone` varchar(30) NOT NULL,
  `website` varchar(200) NOT NULL,
  `datetime` datetime NOT NULL,
  `subject` varchar(256) NOT NULL,
  `message` longtext NOT NULL,
  `sent` tinyint(1) NOT NULL,
  PRIMARY KEY (`id`)
) ENGINE=MyISAM AUTO_INCREMENT=2 DEFAULT CHARSET=latin1;
/*!40101 SET character_set_client = @saved_cs_client */;

--
-- Dumping data for table `membrete_message`
--

LOCK TABLES `membrete_message` WRITE;
/*!40000 ALTER TABLE `membrete_message` DISABLE KEYS */;
INSERT INTO `membrete_message` VALUES (1,'dan','','dan.peade@gmail.com','','','2011-04-29 15:59:47','Yo Yo','Hey thar',1);
/*!40000 ALTER TABLE `membrete_message` ENABLE KEYS */;
UNLOCK TABLES;

--
-- Table structure for table `menus_cachekey`
--

DROP TABLE IF EXISTS `menus_cachekey`;
/*!40101 SET @saved_cs_client     = @@character_set_client */;
/*!40101 SET character_set_client = utf8 */;
CREATE TABLE `menus_cachekey` (
  `id` int(11) NOT NULL AUTO_INCREMENT,
  `language` varchar(255) NOT NULL,
  `site` int(10) unsigned NOT NULL,
  `key` varchar(255) NOT NULL,
  PRIMARY KEY (`id`)
) ENGINE=MyISAM AUTO_INCREMENT=215 DEFAULT CHARSET=latin1;
/*!40101 SET character_set_client = @saved_cs_client */;

--
-- Dumping data for table `menus_cachekey`
--

LOCK TABLES `menus_cachekey` WRITE;
/*!40000 ALTER TABLE `menus_cachekey` DISABLE KEYS */;
INSERT INTO `menus_cachekey` VALUES (214,'en-us',1,'cms-menu_nodes_en-us_1'),(213,'en-us',1,'cms-menu_nodes_en-us_1'),(212,'en-us',1,'cms-menu_nodes_en-us_1'),(211,'en-us',1,'cms-menu_nodes_en-us_1'),(210,'en-us',1,'cms-menu_nodes_en-us_1'),(209,'en-us',1,'cms-menu_nodes_en-us_1');
/*!40000 ALTER TABLE `menus_cachekey` ENABLE KEYS */;
UNLOCK TABLES;

--
-- Table structure for table `notification_notice`
--

DROP TABLE IF EXISTS `notification_notice`;
/*!40101 SET @saved_cs_client     = @@character_set_client */;
/*!40101 SET character_set_client = utf8 */;
CREATE TABLE `notification_notice` (
  `id` int(11) NOT NULL AUTO_INCREMENT,
  `recipient_id` int(11) NOT NULL,
  `sender_id` int(11) DEFAULT NULL,
  `message` longtext NOT NULL,
  `notice_type_id` int(11) NOT NULL,
  `added` datetime NOT NULL,
  `unseen` tinyint(1) NOT NULL,
  `archived` tinyint(1) NOT NULL,
  `on_site` tinyint(1) NOT NULL,
  PRIMARY KEY (`id`),
  KEY `notification_notice_32f69dc` (`recipient_id`),
  KEY `notification_notice_6fe0a617` (`sender_id`),
  KEY `notification_notice_d734034` (`notice_type_id`)
) ENGINE=MyISAM DEFAULT CHARSET=latin1;
/*!40101 SET character_set_client = @saved_cs_client */;

--
-- Dumping data for table `notification_notice`
--

LOCK TABLES `notification_notice` WRITE;
/*!40000 ALTER TABLE `notification_notice` DISABLE KEYS */;
/*!40000 ALTER TABLE `notification_notice` ENABLE KEYS */;
UNLOCK TABLES;

--
-- Table structure for table `notification_noticequeuebatch`
--

DROP TABLE IF EXISTS `notification_noticequeuebatch`;
/*!40101 SET @saved_cs_client     = @@character_set_client */;
/*!40101 SET character_set_client = utf8 */;
CREATE TABLE `notification_noticequeuebatch` (
  `id` int(11) NOT NULL AUTO_INCREMENT,
  `pickled_data` longtext NOT NULL,
  PRIMARY KEY (`id`)
) ENGINE=MyISAM DEFAULT CHARSET=latin1;
/*!40101 SET character_set_client = @saved_cs_client */;

--
-- Dumping data for table `notification_noticequeuebatch`
--

LOCK TABLES `notification_noticequeuebatch` WRITE;
/*!40000 ALTER TABLE `notification_noticequeuebatch` DISABLE KEYS */;
/*!40000 ALTER TABLE `notification_noticequeuebatch` ENABLE KEYS */;
UNLOCK TABLES;

--
-- Table structure for table `notification_noticesetting`
--

DROP TABLE IF EXISTS `notification_noticesetting`;
/*!40101 SET @saved_cs_client     = @@character_set_client */;
/*!40101 SET character_set_client = utf8 */;
CREATE TABLE `notification_noticesetting` (
  `id` int(11) NOT NULL AUTO_INCREMENT,
  `user_id` int(11) NOT NULL,
  `notice_type_id` int(11) NOT NULL,
  `medium` varchar(1) NOT NULL,
  `send` tinyint(1) NOT NULL,
  PRIMARY KEY (`id`),
  UNIQUE KEY `user_id` (`user_id`,`notice_type_id`,`medium`),
  KEY `notification_noticesetting_403f60f` (`user_id`),
  KEY `notification_noticesetting_d734034` (`notice_type_id`)
) ENGINE=MyISAM DEFAULT CHARSET=latin1;
/*!40101 SET character_set_client = @saved_cs_client */;

--
-- Dumping data for table `notification_noticesetting`
--

LOCK TABLES `notification_noticesetting` WRITE;
/*!40000 ALTER TABLE `notification_noticesetting` DISABLE KEYS */;
/*!40000 ALTER TABLE `notification_noticesetting` ENABLE KEYS */;
UNLOCK TABLES;

--
-- Table structure for table `notification_noticetype`
--

DROP TABLE IF EXISTS `notification_noticetype`;
/*!40101 SET @saved_cs_client     = @@character_set_client */;
/*!40101 SET character_set_client = utf8 */;
CREATE TABLE `notification_noticetype` (
  `id` int(11) NOT NULL AUTO_INCREMENT,
  `label` varchar(40) NOT NULL,
  `display` varchar(50) NOT NULL,
  `description` varchar(100) NOT NULL,
  `default` int(11) NOT NULL,
  PRIMARY KEY (`id`)
) ENGINE=MyISAM AUTO_INCREMENT=2 DEFAULT CHARSET=latin1;
/*!40101 SET character_set_client = @saved_cs_client */;

--
-- Dumping data for table `notification_noticetype`
--

LOCK TABLES `notification_noticetype` WRITE;
/*!40000 ALTER TABLE `notification_noticetype` DISABLE KEYS */;
INSERT INTO `notification_noticetype` VALUES (1,'announcement','Announcement','you have received an announcement',2);
/*!40000 ALTER TABLE `notification_noticetype` ENABLE KEYS */;
UNLOCK TABLES;

--
-- Table structure for table `notification_observeditem`
--

DROP TABLE IF EXISTS `notification_observeditem`;
/*!40101 SET @saved_cs_client     = @@character_set_client */;
/*!40101 SET character_set_client = utf8 */;
CREATE TABLE `notification_observeditem` (
  `id` int(11) NOT NULL AUTO_INCREMENT,
  `user_id` int(11) NOT NULL,
  `content_type_id` int(11) NOT NULL,
  `object_id` int(10) unsigned NOT NULL,
  `notice_type_id` int(11) NOT NULL,
  `added` datetime NOT NULL,
  `signal` longtext NOT NULL,
  PRIMARY KEY (`id`),
  KEY `notification_observeditem_403f60f` (`user_id`),
  KEY `notification_observeditem_1bb8f392` (`content_type_id`),
  KEY `notification_observeditem_d734034` (`notice_type_id`)
) ENGINE=MyISAM DEFAULT CHARSET=latin1;
/*!40101 SET character_set_client = @saved_cs_client */;

--
-- Dumping data for table `notification_observeditem`
--

LOCK TABLES `notification_observeditem` WRITE;
/*!40000 ALTER TABLE `notification_observeditem` DISABLE KEYS */;
/*!40000 ALTER TABLE `notification_observeditem` ENABLE KEYS */;
UNLOCK TABLES;

--
-- Table structure for table `plugins_latestentriesplugin_authors`
--

DROP TABLE IF EXISTS `plugins_latestentriesplugin_authors`;
/*!40101 SET @saved_cs_client     = @@character_set_client */;
/*!40101 SET character_set_client = utf8 */;
CREATE TABLE `plugins_latestentriesplugin_authors` (
  `id` int(11) NOT NULL AUTO_INCREMENT,
  `latestentriesplugin_id` int(11) NOT NULL,
  `user_id` int(11) NOT NULL,
  PRIMARY KEY (`id`),
  UNIQUE KEY `plugins_latestentriesplugi_latestentriesplugin_id_2812b839_uniq` (`latestentriesplugin_id`,`user_id`),
  KEY `plugins_latestentriesplugin_authors_7ca27b87` (`latestentriesplugin_id`),
  KEY `plugins_latestentriesplugin_authors_403f60f` (`user_id`)
) ENGINE=MyISAM DEFAULT CHARSET=latin1;
/*!40101 SET character_set_client = @saved_cs_client */;

--
-- Dumping data for table `plugins_latestentriesplugin_authors`
--

LOCK TABLES `plugins_latestentriesplugin_authors` WRITE;
/*!40000 ALTER TABLE `plugins_latestentriesplugin_authors` DISABLE KEYS */;
/*!40000 ALTER TABLE `plugins_latestentriesplugin_authors` ENABLE KEYS */;
UNLOCK TABLES;

--
-- Table structure for table `plugins_latestentriesplugin_categories`
--

DROP TABLE IF EXISTS `plugins_latestentriesplugin_categories`;
/*!40101 SET @saved_cs_client     = @@character_set_client */;
/*!40101 SET character_set_client = utf8 */;
CREATE TABLE `plugins_latestentriesplugin_categories` (
  `id` int(11) NOT NULL AUTO_INCREMENT,
  `latestentriesplugin_id` int(11) NOT NULL,
  `category_id` int(11) NOT NULL,
  PRIMARY KEY (`id`),
  UNIQUE KEY `plugins_latestentriesplugi_latestentriesplugin_id_27ecb393_uniq` (`latestentriesplugin_id`,`category_id`),
  KEY `plugins_latestentriesplugin_categories_7ca27b87` (`latestentriesplugin_id`),
  KEY `plugins_latestentriesplugin_categories_42dc49bc` (`category_id`)
) ENGINE=MyISAM DEFAULT CHARSET=latin1;
/*!40101 SET character_set_client = @saved_cs_client */;

--
-- Dumping data for table `plugins_latestentriesplugin_categories`
--

LOCK TABLES `plugins_latestentriesplugin_categories` WRITE;
/*!40000 ALTER TABLE `plugins_latestentriesplugin_categories` DISABLE KEYS */;
/*!40000 ALTER TABLE `plugins_latestentriesplugin_categories` ENABLE KEYS */;
UNLOCK TABLES;

--
-- Table structure for table `plugins_latestentriesplugin_tags`
--

DROP TABLE IF EXISTS `plugins_latestentriesplugin_tags`;
/*!40101 SET @saved_cs_client     = @@character_set_client */;
/*!40101 SET character_set_client = utf8 */;
CREATE TABLE `plugins_latestentriesplugin_tags` (
  `id` int(11) NOT NULL AUTO_INCREMENT,
  `latestentriesplugin_id` int(11) NOT NULL,
  `tag_id` int(11) NOT NULL,
  PRIMARY KEY (`id`),
  UNIQUE KEY `plugins_latestentriesplugi_latestentriesplugin_id_655b40d9_uniq` (`latestentriesplugin_id`,`tag_id`),
  KEY `plugins_latestentriesplugin_tags_7ca27b87` (`latestentriesplugin_id`),
  KEY `plugins_latestentriesplugin_tags_3747b463` (`tag_id`)
) ENGINE=MyISAM DEFAULT CHARSET=latin1;
/*!40101 SET character_set_client = @saved_cs_client */;

--
-- Dumping data for table `plugins_latestentriesplugin_tags`
--

LOCK TABLES `plugins_latestentriesplugin_tags` WRITE;
/*!40000 ALTER TABLE `plugins_latestentriesplugin_tags` DISABLE KEYS */;
/*!40000 ALTER TABLE `plugins_latestentriesplugin_tags` ENABLE KEYS */;
UNLOCK TABLES;

--
-- Table structure for table `plugins_selectedentriesplugin_entries`
--

DROP TABLE IF EXISTS `plugins_selectedentriesplugin_entries`;
/*!40101 SET @saved_cs_client     = @@character_set_client */;
/*!40101 SET character_set_client = utf8 */;
CREATE TABLE `plugins_selectedentriesplugin_entries` (
  `id` int(11) NOT NULL AUTO_INCREMENT,
  `selectedentriesplugin_id` int(11) NOT NULL,
  `entry_id` int(11) NOT NULL,
  PRIMARY KEY (`id`),
  UNIQUE KEY `plugins_selectedentriesp_selectedentriesplugin_id_1d8f90c3_uniq` (`selectedentriesplugin_id`,`entry_id`),
  KEY `plugins_selectedentriesplugin_entries_2b4c2af` (`selectedentriesplugin_id`),
  KEY `plugins_selectedentriesplugin_entries_38a62041` (`entry_id`)
) ENGINE=MyISAM DEFAULT CHARSET=latin1;
/*!40101 SET character_set_client = @saved_cs_client */;

--
-- Dumping data for table `plugins_selectedentriesplugin_entries`
--

LOCK TABLES `plugins_selectedentriesplugin_entries` WRITE;
/*!40000 ALTER TABLE `plugins_selectedentriesplugin_entries` DISABLE KEYS */;
/*!40000 ALTER TABLE `plugins_selectedentriesplugin_entries` ENABLE KEYS */;
UNLOCK TABLES;

--
-- Table structure for table `popularity_viewtracker`
--

DROP TABLE IF EXISTS `popularity_viewtracker`;
/*!40101 SET @saved_cs_client     = @@character_set_client */;
/*!40101 SET character_set_client = utf8 */;
CREATE TABLE `popularity_viewtracker` (
  `id` int(11) NOT NULL AUTO_INCREMENT,
  `content_type_id` int(11) NOT NULL,
  `object_id` int(10) unsigned NOT NULL,
  `added` datetime NOT NULL,
  `viewed` datetime NOT NULL,
  `views` int(10) unsigned NOT NULL,
  PRIMARY KEY (`id`),
  UNIQUE KEY `content_type_id` (`content_type_id`,`object_id`),
  KEY `popularity_viewtracker_1bb8f392` (`content_type_id`)
) ENGINE=MyISAM AUTO_INCREMENT=5 DEFAULT CHARSET=latin1;
/*!40101 SET character_set_client = @saved_cs_client */;

--
-- Dumping data for table `popularity_viewtracker`
--

LOCK TABLES `popularity_viewtracker` WRITE;
/*!40000 ALTER TABLE `popularity_viewtracker` DISABLE KEYS */;
INSERT INTO `popularity_viewtracker` VALUES (1,63,1,'2011-04-12 18:38:26','2011-04-27 16:05:16',14),(2,63,2,'2011-04-12 18:43:38','2011-04-27 16:07:48',41),(3,61,1,'2011-04-20 08:38:28','2011-04-28 19:23:45',69),(4,61,2,'2011-04-28 17:31:18','2011-04-28 19:16:40',5);
/*!40000 ALTER TABLE `popularity_viewtracker` ENABLE KEYS */;
UNLOCK TABLES;

--
-- Table structure for table `profiles_profile`
--

DROP TABLE IF EXISTS `profiles_profile`;
/*!40101 SET @saved_cs_client     = @@character_set_client */;
/*!40101 SET character_set_client = utf8 */;
CREATE TABLE `profiles_profile` (
  `id` int(11) NOT NULL AUTO_INCREMENT,
  `user_id` int(11) NOT NULL,
  `is_contributor` tinyint(1) NOT NULL,
  `location` varchar(255) NOT NULL,
  `website` varchar(200) NOT NULL,
  `profession` varchar(200) NOT NULL,
  `biography` longtext NOT NULL,
  `avatar` varchar(250) DEFAULT NULL,
  `site_id` int(11) DEFAULT NULL,
  PRIMARY KEY (`id`),
  UNIQUE KEY `user_id` (`user_id`),
  KEY `profiles_profile_6223029` (`site_id`)
) ENGINE=MyISAM AUTO_INCREMENT=3 DEFAULT CHARSET=latin1;
/*!40101 SET character_set_client = @saved_cs_client */;

--
-- Dumping data for table `profiles_profile`
--

LOCK TABLES `profiles_profile` WRITE;
/*!40000 ALTER TABLE `profiles_profile` DISABLE KEYS */;
INSERT INTO `profiles_profile` VALUES (1,1,0,'','','','This guy, well, what can you say....','files/images/avatars/random_083.jpg',NULL),(2,2,1,'','','','An amazing uman...','files/images/avatars/dscn4435.jpg',NULL);
/*!40000 ALTER TABLE `profiles_profile` ENABLE KEYS */;
UNLOCK TABLES;

--
-- Table structure for table `programmes_programme`
--

DROP TABLE IF EXISTS `programmes_programme`;
/*!40101 SET @saved_cs_client     = @@character_set_client */;
/*!40101 SET character_set_client = utf8 */;
CREATE TABLE `programmes_programme` (
  `id` int(11) NOT NULL AUTO_INCREMENT,
  `slug` varchar(250) NOT NULL,
  `created` datetime NOT NULL,
  `modified` datetime NOT NULL,
  `created_by_id` int(11) DEFAULT NULL,
  `modified_by_id` int(11) DEFAULT NULL,
  `name` varchar(250) NOT NULL,
  `summary` longtext NOT NULL,
  `spiele` longtext NOT NULL,
  PRIMARY KEY (`id`),
  UNIQUE KEY `slug` (`slug`),
  KEY `programmes_programme_4a21cf42` (`created_by_id`),
  KEY `programmes_programme_6162aa58` (`modified_by_id`)
) ENGINE=MyISAM AUTO_INCREMENT=3 DEFAULT CHARSET=latin1;
/*!40101 SET character_set_client = @saved_cs_client */;

--
-- Dumping data for table `programmes_programme`
--

LOCK TABLES `programmes_programme` WRITE;
/*!40000 ALTER TABLE `programmes_programme` DISABLE KEYS */;
INSERT INTO `programmes_programme` VALUES (1,'health','2011-04-12 16:29:43','2011-04-15 18:28:12',1,1,'Health','EFO is dedicated to helping west african health.','EFO is dedicated to helping west african health. Really they are.'),(2,'education','2011-04-12 18:41:22','2011-04-19 16:17:20',1,1,'Education','EFO is into education','<p>EFO is into education. Definitely they are.</p>');
/*!40000 ALTER TABLE `programmes_programme` ENABLE KEYS */;
UNLOCK TABLES;

--
-- Table structure for table `programmes_programme_feature_sets`
--

DROP TABLE IF EXISTS `programmes_programme_feature_sets`;
/*!40101 SET @saved_cs_client     = @@character_set_client */;
/*!40101 SET character_set_client = utf8 */;
CREATE TABLE `programmes_programme_feature_sets` (
  `id` int(11) NOT NULL AUTO_INCREMENT,
  `programme_id` int(11) NOT NULL,
  `featureset_id` int(11) NOT NULL,
  PRIMARY KEY (`id`),
  UNIQUE KEY `programme_id` (`programme_id`,`featureset_id`),
  KEY `programmes_programme_feature_sets_d981227` (`programme_id`),
  KEY `programmes_programme_feature_sets_eba0f30` (`featureset_id`)
) ENGINE=MyISAM DEFAULT CHARSET=latin1;
/*!40101 SET character_set_client = @saved_cs_client */;

--
-- Dumping data for table `programmes_programme_feature_sets`
--

LOCK TABLES `programmes_programme_feature_sets` WRITE;
/*!40000 ALTER TABLE `programmes_programme_feature_sets` DISABLE KEYS */;
/*!40000 ALTER TABLE `programmes_programme_feature_sets` ENABLE KEYS */;
UNLOCK TABLES;

--
-- Table structure for table `programmes_programme_tags`
--

DROP TABLE IF EXISTS `programmes_programme_tags`;
/*!40101 SET @saved_cs_client     = @@character_set_client */;
/*!40101 SET character_set_client = utf8 */;
CREATE TABLE `programmes_programme_tags` (
  `id` int(11) NOT NULL AUTO_INCREMENT,
  `programme_id` int(11) NOT NULL,
  `tag_id` int(11) NOT NULL,
  PRIMARY KEY (`id`),
  UNIQUE KEY `programme_id` (`programme_id`,`tag_id`),
  KEY `programmes_programme_tags_d981227` (`programme_id`),
  KEY `programmes_programme_tags_3747b463` (`tag_id`)
) ENGINE=MyISAM DEFAULT CHARSET=latin1;
/*!40101 SET character_set_client = @saved_cs_client */;

--
-- Dumping data for table `programmes_programme_tags`
--

LOCK TABLES `programmes_programme_tags` WRITE;
/*!40000 ALTER TABLE `programmes_programme_tags` DISABLE KEYS */;
/*!40000 ALTER TABLE `programmes_programme_tags` ENABLE KEYS */;
UNLOCK TABLES;

--
-- Table structure for table `programmes_programmeimage`
--

DROP TABLE IF EXISTS `programmes_programmeimage`;
/*!40101 SET @saved_cs_client     = @@character_set_client */;
/*!40101 SET character_set_client = utf8 */;
CREATE TABLE `programmes_programmeimage` (
  `image_ptr_id` int(11) NOT NULL,
  `programme_id` int(11) NOT NULL,
  PRIMARY KEY (`image_ptr_id`),
  KEY `programmes_programmeimage_d981227` (`programme_id`)
) ENGINE=MyISAM DEFAULT CHARSET=latin1;
/*!40101 SET character_set_client = @saved_cs_client */;

--
-- Dumping data for table `programmes_programmeimage`
--

LOCK TABLES `programmes_programmeimage` WRITE;
/*!40000 ALTER TABLE `programmes_programmeimage` DISABLE KEYS */;
INSERT INTO `programmes_programmeimage` VALUES (1,2),(2,1),(3,2);
/*!40000 ALTER TABLE `programmes_programmeimage` ENABLE KEYS */;
UNLOCK TABLES;

--
-- Table structure for table `projects_project`
--

DROP TABLE IF EXISTS `projects_project`;
/*!40101 SET @saved_cs_client     = @@character_set_client */;
/*!40101 SET character_set_client = utf8 */;
CREATE TABLE `projects_project` (
  `id` int(11) NOT NULL AUTO_INCREMENT,
  `slug` varchar(250) NOT NULL,
  `created` datetime NOT NULL,
  `modified` datetime NOT NULL,
  `created_by_id` int(11) DEFAULT NULL,
  `modified_by_id` int(11) DEFAULT NULL,
  `name` varchar(250) NOT NULL,
  `summary` longtext NOT NULL,
  `spiele` longtext NOT NULL,
  `beneficiaries` int(10) unsigned NOT NULL,
  `location_id` int(11) NOT NULL,
  `date_started` date NOT NULL,
  `programme_id` int(11) NOT NULL,
  PRIMARY KEY (`id`),
  UNIQUE KEY `slug` (`slug`),
  KEY `projects_project_4a21cf42` (`created_by_id`),
  KEY `projects_project_6162aa58` (`modified_by_id`),
  KEY `projects_project_319d859` (`location_id`),
  KEY `projects_project_d981227` (`programme_id`)
) ENGINE=MyISAM AUTO_INCREMENT=3 DEFAULT CHARSET=latin1;
/*!40101 SET character_set_client = @saved_cs_client */;

--
-- Dumping data for table `projects_project`
--

LOCK TABLES `projects_project` WRITE;
/*!40000 ALTER TABLE `projects_project` DISABLE KEYS */;
INSERT INTO `projects_project` VALUES (1,'solar-power-for-kamakwie-secondary-school','2011-04-19 16:46:07','2011-04-28 16:09:53',1,1,'Solar power for Kamakwie Secondary School','This project is one of the largest solar installation projects ever implemented in Sierra Leone.','<p>This project is one of the largest solar installation projects ever implemented in Sierra Leone. It involved the installation of a 1530W solar array to the Secondary School in Kamakwie in Sierra Leone&rsquo;s northern district of Bombali. The system is currently providing lighting for night classes and EFO is currently working to have computers and internet installed at the site. Four students, two from the Government Technical Institute and two from the National Power Authority Training Centre, worked with EFO on the installation, giving them valuable field experience to compliment their studies. The installation was made a reality due to the support of the organization: <a title=\"Friends Of Sierra Leone\" href=\"http://www.fosalone.org\" target=\"_blank\">Friends of Sierra Leone</a>, most notably due to the tireless work of Leslie and Jack McKeon.</p>',2000,1,'2010-02-01',2),(2,'solar-power-for-orphans-in-kamawkie','2011-04-28 15:25:06','2011-04-28 17:40:48',1,1,'Solar power for Orphans in Kamawkie','This project involved the installation of solar power in an orphanage in the remote village of Kamakwie in the north of Sierra Leone.','<p>This project involved the installation of solar power in an orphanage in  the remote village of Kamakwie in the north of Sierra Leone. The  installation provided electricity for lighting, a computer lab and a  cinema. The children can now use this technology as a window for better  opportunities, accessing widespread learning tools from the internet,  while enjoying bright and safe lighting at night (the orphanage had  previously burnt downed due to a spilt candle). There are already ideas  for further expansion of the project, such as the creation of an after  school internet cafe that will help to generate income for the  children&rsquo;s village. The project was implemented in partnership with <a href=\"http://www.orphfund.org/\" target=\"_blank\">OrphFund</a> and <a href=\"http://www.freecollective.org/\" target=\"_blank\">Free Collective</a> with support from the Sierra Leonean community of Victoria, Australia. <a href=\"http://www.facebook.com/event.php?eid=187368048769&amp;ref=mf\" target=\"_blank\">Click here to see photos and updates about the project on facebook</a>.</p>',200,1,'2009-11-01',2);
/*!40000 ALTER TABLE `projects_project` ENABLE KEYS */;
UNLOCK TABLES;

--
-- Table structure for table `projects_project_feature_sets`
--

DROP TABLE IF EXISTS `projects_project_feature_sets`;
/*!40101 SET @saved_cs_client     = @@character_set_client */;
/*!40101 SET character_set_client = utf8 */;
CREATE TABLE `projects_project_feature_sets` (
  `id` int(11) NOT NULL AUTO_INCREMENT,
  `project_id` int(11) NOT NULL,
  `featureset_id` int(11) NOT NULL,
  PRIMARY KEY (`id`),
  UNIQUE KEY `project_id` (`project_id`,`featureset_id`),
  KEY `projects_project_feature_sets_499df97c` (`project_id`),
  KEY `projects_project_feature_sets_eba0f30` (`featureset_id`)
) ENGINE=MyISAM DEFAULT CHARSET=latin1;
/*!40101 SET character_set_client = @saved_cs_client */;

--
-- Dumping data for table `projects_project_feature_sets`
--

LOCK TABLES `projects_project_feature_sets` WRITE;
/*!40000 ALTER TABLE `projects_project_feature_sets` DISABLE KEYS */;
/*!40000 ALTER TABLE `projects_project_feature_sets` ENABLE KEYS */;
UNLOCK TABLES;

--
-- Table structure for table `projects_project_tags`
--

DROP TABLE IF EXISTS `projects_project_tags`;
/*!40101 SET @saved_cs_client     = @@character_set_client */;
/*!40101 SET character_set_client = utf8 */;
CREATE TABLE `projects_project_tags` (
  `id` int(11) NOT NULL AUTO_INCREMENT,
  `project_id` int(11) NOT NULL,
  `tag_id` int(11) NOT NULL,
  PRIMARY KEY (`id`),
  UNIQUE KEY `project_id` (`project_id`,`tag_id`),
  KEY `projects_project_tags_499df97c` (`project_id`),
  KEY `projects_project_tags_3747b463` (`tag_id`)
) ENGINE=MyISAM DEFAULT CHARSET=latin1;
/*!40101 SET character_set_client = @saved_cs_client */;

--
-- Dumping data for table `projects_project_tags`
--

LOCK TABLES `projects_project_tags` WRITE;
/*!40000 ALTER TABLE `projects_project_tags` DISABLE KEYS */;
/*!40000 ALTER TABLE `projects_project_tags` ENABLE KEYS */;
UNLOCK TABLES;

--
-- Table structure for table `projects_projectimage`
--

DROP TABLE IF EXISTS `projects_projectimage`;
/*!40101 SET @saved_cs_client     = @@character_set_client */;
/*!40101 SET character_set_client = utf8 */;
CREATE TABLE `projects_projectimage` (
  `image_ptr_id` int(11) NOT NULL,
  `project_id` int(11) NOT NULL,
  PRIMARY KEY (`image_ptr_id`),
  KEY `projects_projectimage_499df97c` (`project_id`)
) ENGINE=MyISAM DEFAULT CHARSET=latin1;
/*!40101 SET character_set_client = @saved_cs_client */;

--
-- Dumping data for table `projects_projectimage`
--

LOCK TABLES `projects_projectimage` WRITE;
/*!40000 ALTER TABLE `projects_projectimage` DISABLE KEYS */;
INSERT INTO `projects_projectimage` VALUES (4,1),(5,1),(6,2),(7,2);
/*!40000 ALTER TABLE `projects_projectimage` ENABLE KEYS */;
UNLOCK TABLES;

--
-- Table structure for table `projects_projectlocation`
--

DROP TABLE IF EXISTS `projects_projectlocation`;
/*!40101 SET @saved_cs_client     = @@character_set_client */;
/*!40101 SET character_set_client = utf8 */;
CREATE TABLE `projects_projectlocation` (
  `id` int(11) NOT NULL AUTO_INCREMENT,
  `name` varchar(250) NOT NULL,
  PRIMARY KEY (`id`)
) ENGINE=MyISAM AUTO_INCREMENT=2 DEFAULT CHARSET=latin1;
/*!40101 SET character_set_client = @saved_cs_client */;

--
-- Dumping data for table `projects_projectlocation`
--

LOCK TABLES `projects_projectlocation` WRITE;
/*!40000 ALTER TABLE `projects_projectlocation` DISABLE KEYS */;
INSERT INTO `projects_projectlocation` VALUES (1,'Kamakwie, Sierra Leone');
/*!40000 ALTER TABLE `projects_projectlocation` ENABLE KEYS */;
UNLOCK TABLES;

--
-- Table structure for table `snippet_snippet`
--

DROP TABLE IF EXISTS `snippet_snippet`;
/*!40101 SET @saved_cs_client     = @@character_set_client */;
/*!40101 SET character_set_client = utf8 */;
CREATE TABLE `snippet_snippet` (
  `id` int(11) NOT NULL AUTO_INCREMENT,
  `name` varchar(255) NOT NULL,
  `html` longtext NOT NULL,
  `template` varchar(50) NOT NULL,
  PRIMARY KEY (`id`),
  UNIQUE KEY `name` (`name`)
) ENGINE=MyISAM DEFAULT CHARSET=latin1;
/*!40101 SET character_set_client = @saved_cs_client */;

--
-- Dumping data for table `snippet_snippet`
--

LOCK TABLES `snippet_snippet` WRITE;
/*!40000 ALTER TABLE `snippet_snippet` DISABLE KEYS */;
/*!40000 ALTER TABLE `snippet_snippet` ENABLE KEYS */;
UNLOCK TABLES;

--
-- Table structure for table `south_migrationhistory`
--

DROP TABLE IF EXISTS `south_migrationhistory`;
/*!40101 SET @saved_cs_client     = @@character_set_client */;
/*!40101 SET character_set_client = utf8 */;
CREATE TABLE `south_migrationhistory` (
  `id` int(11) NOT NULL AUTO_INCREMENT,
  `app_name` varchar(255) NOT NULL,
  `migration` varchar(255) NOT NULL,
  `applied` datetime NOT NULL,
  PRIMARY KEY (`id`)
) ENGINE=MyISAM AUTO_INCREMENT=100 DEFAULT CHARSET=latin1;
/*!40101 SET character_set_client = @saved_cs_client */;

--
-- Dumping data for table `south_migrationhistory`
--

LOCK TABLES `south_migrationhistory` WRITE;
/*!40000 ALTER TABLE `south_migrationhistory` DISABLE KEYS */;
INSERT INTO `south_migrationhistory` VALUES (1,'mailchimp','0001_initial','2011-04-08 06:35:10'),(2,'mailchimp','0002_added_queue','2011-04-08 06:35:11'),(3,'mailchimp','0003_fixed_template_id','2011-04-08 06:35:11'),(4,'mailchimp','0004_fixed_template_id_max','2011-04-08 06:35:11'),(5,'mailchimp','0005_added_link_to_object','2011-04-08 06:35:12'),(6,'mailchimp','0006_added_locks','2011-04-08 06:35:12'),(7,'mailchimp','0007_extra_info','2011-04-08 06:35:12'),(8,'cms','0001_initial','2011-04-08 06:35:15'),(9,'picture','0001_initial','2011-04-08 06:35:15'),(10,'picture','0002_link_rename','2011-04-08 06:35:15'),(11,'picture','0003_freeze','2011-04-08 06:35:15'),(12,'cms','0002_auto_start','2011-04-08 06:35:15'),(13,'cms','0003_remove_placeholder','2011-04-08 06:35:16'),(14,'cms','0004_textobjects','2011-04-08 06:35:16'),(15,'cms','0005_mptt_added_to_plugins','2011-04-08 06:35:17'),(16,'cms','0006_apphook','2011-04-08 06:35:18'),(17,'cms','0007_apphook_longer','2011-04-08 06:35:18'),(18,'cms','0008_redirects','2011-04-08 06:35:18'),(19,'cms','0009_added_meta_fields','2011-04-08 06:35:18'),(20,'cms','0010_5char_language','2011-04-08 06:35:19'),(21,'cms','0011_title_overwrites','2011-04-08 06:35:19'),(22,'cms','0012_publisher','2011-04-08 06:35:24'),(23,'picture','0004_publisher','2011-04-08 06:35:24'),(24,'picture','0005_table_rename','2011-04-08 06:35:25'),(25,'text','0001_initial','2011-04-08 06:35:25'),(26,'text','0002_freeze','2011-04-08 06:35:25'),(27,'text','0003_publisher','2011-04-08 06:35:25'),(28,'snippet','0001_initial','2011-04-08 06:35:26'),(29,'snippet','0002_publisher','2011-04-08 06:35:26'),(30,'link','0001_initial','2011-04-08 06:35:26'),(31,'link','0002_link_rename','2011-04-08 06:35:27'),(32,'link','0003_page_link','2011-04-08 06:35:27'),(33,'link','0004_larger_link_names','2011-04-08 06:35:27'),(34,'link','0005_publisher','2011-04-08 06:35:27'),(35,'googlemap','0001_initial','2011-04-08 06:35:28'),(36,'file','0001_initial','2011-04-08 06:35:28'),(37,'file','0002_freeze','2011-04-08 06:35:28'),(38,'file','0003_publisher','2011-04-08 06:35:28'),(39,'cms','0013_site_copy','2011-04-08 06:35:29'),(40,'cms','0014_sites_removed','2011-04-08 06:35:29'),(41,'cms','0015_modified_by_added','2011-04-08 06:35:30'),(42,'cms','0016_author_copy','2011-04-08 06:35:30'),(43,'cms','0017_author_removed','2011-04-08 06:35:31'),(44,'cms','0018_site_permissions','2011-04-08 06:35:31'),(45,'cms','0019_public_table_renames','2011-04-08 06:35:32'),(46,'picture','0006_float_added','2011-04-08 06:35:33'),(47,'cms','0020_advanced_permissions','2011-04-08 06:35:34'),(48,'cms','0021_publisher2','2011-04-08 06:35:36'),(49,'cms','0022_login_required_added','2011-04-08 06:35:36'),(50,'cms','0023_plugin_table_naming_function_changed','2011-04-08 06:35:36'),(51,'cms','0024_added_placeholder_model','2011-04-08 06:35:37'),(52,'cms','0025_placeholder_migration','2011-04-08 06:35:38'),(53,'cms','0026_finish_placeholder_migration','2011-04-08 06:35:38'),(54,'cms','0027_added_width_to_placeholder','2011-04-08 06:35:39'),(55,'cms','0028_limit_visibility_in_menu_step1of3','2011-04-08 06:35:39'),(56,'cms','0029_limit_visibility_in_menu_step2of3_data','2011-04-08 06:35:39'),(57,'cms','0030_limit_visibility_in_menu_step3of3','2011-04-08 06:35:40'),(58,'cms','0031_improved_language_code_support','2011-04-08 06:35:40'),(59,'cms','0032_auto__del_field_cmsplugin_publisher_public__del_field_cmsplugin_publis','2011-04-08 06:35:41'),(60,'cms','0033_auto__del_field_title_publisher_is_draft__del_field_title_publisher_st','2011-04-08 06:35:41'),(61,'picture','0007_publisher2','2011-04-08 06:35:43'),(62,'picture','0008_longdesc_added','2011-04-08 06:35:43'),(63,'link','0006_table_rename','2011-04-08 06:35:44'),(64,'link','0007_publisher2','2011-04-08 06:35:44'),(65,'link','0008_mailto','2011-04-08 06:35:44'),(66,'file','0004_table_rename','2011-04-08 06:35:45'),(67,'file','0005_publisher2','2011-04-08 06:35:45'),(68,'text','0004_table_rename','2011-04-08 06:35:46'),(69,'text','0005_publisher2','2011-04-08 06:35:46'),(70,'snippet','0003_table_rename','2011-04-08 06:35:46'),(71,'snippet','0004_publisher2','2011-04-08 06:35:47'),(72,'snippet','0005_template_added','2011-04-08 06:35:47'),(73,'googlemap','0002_table_rename','2011-04-08 06:35:47'),(74,'googlemap','0003_address_unified','2011-04-08 06:35:48'),(75,'googlemap','0004_copy_address','2011-04-08 06:35:48'),(76,'googlemap','0005_delete_street','2011-04-08 06:35:49'),(77,'googlemap','0006_publisher2','2011-04-08 06:35:49'),(78,'googlemap','0007_latlng','2011-04-08 06:35:49'),(79,'googlemap','0008_routeplaner','2011-04-08 06:35:49'),(80,'googlemap','0009_routeplaner_title','2011-04-08 06:35:50'),(81,'menus','0001_initial','2011-04-08 06:35:50'),(82,'profiles','0001_initial','2011-04-12 06:28:06'),(83,'profiles','0002_auto__add_field_profile_subscribe','2011-04-12 06:28:06'),(84,'zinnia','0001_initial','2011-04-13 04:12:22'),(85,'zinnia','0002_auto__add_field_entry_pingback_enabled','2011-04-13 04:12:22'),(86,'zinnia','0003_auto__chg_field_category_title__chg_field_category_slug__add_unique_ca','2011-04-13 04:12:23'),(87,'zinnia','0004_mptt_categories','2011-04-13 04:12:25'),(88,'zinnia','0005_entry_protection','2011-04-13 04:12:25'),(89,'zinnia','0006_entry_template','2011-04-13 04:12:25'),(90,'zinnia','0007_auto__add_field_entry_featured','2011-04-13 04:12:26'),(91,'plugins','0001_initial','2011-04-13 04:12:27'),(92,'plugins','0002_auto__add_field_latestentriesplugin_template_to_render__add_field_sele','2011-04-13 04:12:28'),(93,'plugins','0003_auto__del_field_latestentriesplugin_category__del_field_latestentriesp','2011-04-13 04:12:29'),(94,'plugins','0004_auto__add_field_latestentriesplugin_subcategories','2011-04-13 04:12:29'),(95,'images','0001_initial','2011-04-16 01:43:25'),(96,'images','0002_auto__add_field_image_summary','2011-04-16 01:44:10'),(97,'programmes','0001_initial','2011-04-27 05:26:37'),(98,'projects','0001_initial','2011-04-27 05:35:45'),(99,'projects','0002_auto__add_field_project_programme','2011-04-27 05:37:09');
/*!40000 ALTER TABLE `south_migrationhistory` ENABLE KEYS */;
UNLOCK TABLES;

--
-- Table structure for table `tagging_tag`
--

DROP TABLE IF EXISTS `tagging_tag`;
/*!40101 SET @saved_cs_client     = @@character_set_client */;
/*!40101 SET character_set_client = utf8 */;
CREATE TABLE `tagging_tag` (
  `id` int(11) NOT NULL AUTO_INCREMENT,
  `name` varchar(50) NOT NULL,
  PRIMARY KEY (`id`),
  UNIQUE KEY `name` (`name`)
) ENGINE=MyISAM AUTO_INCREMENT=3 DEFAULT CHARSET=latin1;
/*!40101 SET character_set_client = @saved_cs_client */;

--
-- Dumping data for table `tagging_tag`
--

LOCK TABLES `tagging_tag` WRITE;
/*!40000 ALTER TABLE `tagging_tag` DISABLE KEYS */;
INSERT INTO `tagging_tag` VALUES (1,'fridge'),(2,'vaccine');
/*!40000 ALTER TABLE `tagging_tag` ENABLE KEYS */;
UNLOCK TABLES;

--
-- Table structure for table `tagging_taggeditem`
--

DROP TABLE IF EXISTS `tagging_taggeditem`;
/*!40101 SET @saved_cs_client     = @@character_set_client */;
/*!40101 SET character_set_client = utf8 */;
CREATE TABLE `tagging_taggeditem` (
  `id` int(11) NOT NULL AUTO_INCREMENT,
  `tag_id` int(11) NOT NULL,
  `content_type_id` int(11) NOT NULL,
  `object_id` int(10) unsigned NOT NULL,
  PRIMARY KEY (`id`),
  UNIQUE KEY `tag_id` (`tag_id`,`content_type_id`,`object_id`),
  KEY `tagging_taggeditem_3747b463` (`tag_id`),
  KEY `tagging_taggeditem_1bb8f392` (`content_type_id`),
  KEY `tagging_taggeditem_7d61c803` (`object_id`)
) ENGINE=MyISAM AUTO_INCREMENT=3 DEFAULT CHARSET=latin1;
/*!40101 SET character_set_client = @saved_cs_client */;

--
-- Dumping data for table `tagging_taggeditem`
--

LOCK TABLES `tagging_taggeditem` WRITE;
/*!40000 ALTER TABLE `tagging_taggeditem` DISABLE KEYS */;
INSERT INTO `tagging_taggeditem` VALUES (1,1,68,1),(2,2,68,1);
/*!40000 ALTER TABLE `tagging_taggeditem` ENABLE KEYS */;
UNLOCK TABLES;

--
-- Table structure for table `taggit_tag`
--

DROP TABLE IF EXISTS `taggit_tag`;
/*!40101 SET @saved_cs_client     = @@character_set_client */;
/*!40101 SET character_set_client = utf8 */;
CREATE TABLE `taggit_tag` (
  `id` int(11) NOT NULL AUTO_INCREMENT,
  `name` varchar(100) NOT NULL,
  `slug` varchar(100) NOT NULL,
  PRIMARY KEY (`id`),
  UNIQUE KEY `slug` (`slug`)
) ENGINE=MyISAM DEFAULT CHARSET=latin1;
/*!40101 SET character_set_client = @saved_cs_client */;

--
-- Dumping data for table `taggit_tag`
--

LOCK TABLES `taggit_tag` WRITE;
/*!40000 ALTER TABLE `taggit_tag` DISABLE KEYS */;
/*!40000 ALTER TABLE `taggit_tag` ENABLE KEYS */;
UNLOCK TABLES;

--
-- Table structure for table `taggit_taggeditem`
--

DROP TABLE IF EXISTS `taggit_taggeditem`;
/*!40101 SET @saved_cs_client     = @@character_set_client */;
/*!40101 SET character_set_client = utf8 */;
CREATE TABLE `taggit_taggeditem` (
  `id` int(11) NOT NULL AUTO_INCREMENT,
  `tag_id` int(11) NOT NULL,
  `object_id` int(11) NOT NULL,
  `content_type_id` int(11) NOT NULL,
  PRIMARY KEY (`id`),
  KEY `taggit_taggeditem_3747b463` (`tag_id`),
  KEY `taggit_taggeditem_7d61c803` (`object_id`),
  KEY `taggit_taggeditem_1bb8f392` (`content_type_id`)
) ENGINE=MyISAM DEFAULT CHARSET=latin1;
/*!40101 SET character_set_client = @saved_cs_client */;

--
-- Dumping data for table `taggit_taggeditem`
--

LOCK TABLES `taggit_taggeditem` WRITE;
/*!40000 ALTER TABLE `taggit_taggeditem` DISABLE KEYS */;
/*!40000 ALTER TABLE `taggit_taggeditem` ENABLE KEYS */;
UNLOCK TABLES;

--
-- Table structure for table `thumbnail_kvstore`
--

DROP TABLE IF EXISTS `thumbnail_kvstore`;
/*!40101 SET @saved_cs_client     = @@character_set_client */;
/*!40101 SET character_set_client = utf8 */;
CREATE TABLE `thumbnail_kvstore` (
  `key` varchar(200) NOT NULL,
  `value` longtext NOT NULL,
  PRIMARY KEY (`key`)
) ENGINE=MyISAM DEFAULT CHARSET=latin1;
/*!40101 SET character_set_client = @saved_cs_client */;

--
-- Dumping data for table `thumbnail_kvstore`
--

LOCK TABLES `thumbnail_kvstore` WRITE;
/*!40000 ALTER TABLE `thumbnail_kvstore` DISABLE KEYS */;
INSERT INTO `thumbnail_kvstore` VALUES ('sorl-thumbnail||image||a00431f626900ac30e81954b825c9c67','{\"storage\": \"django.core.files.storage.FileSystemStorage\", \"name\": \"files/images/solar-sinje-roof.jpg\", \"size\": [448, 336]}'),('sorl-thumbnail||image||36910dbef40cad12636641b4bd1ca097','{\"storage\": \"django.core.files.storage.FileSystemStorage\", \"name\": \"cache/c7/2d/c72db12c8ab7917c6d79142ab97912b3.jpg\", \"size\": [638, 425]}'),('sorl-thumbnail||thumbnails||a00431f626900ac30e81954b825c9c67','[\"36910dbef40cad12636641b4bd1ca097\", \"3c365b4798964316f9135c4a36c2f11a\"]'),('sorl-thumbnail||image||2fcbbd2800581c3f031331a1c979b81b','{\"storage\": \"django.core.files.storage.FileSystemStorage\", \"name\": \"files/images/vaccine-fridge.jpg\", \"size\": [1024, 768]}'),('sorl-thumbnail||image||d9bf1436f181ba56eeddcc6f71f412f1','{\"storage\": \"django.core.files.storage.FileSystemStorage\", \"name\": \"cache/53/c1/53c1646e6a0080ad529f0bfe2e5a4325.jpg\", \"size\": [638, 425]}'),('sorl-thumbnail||thumbnails||2fcbbd2800581c3f031331a1c979b81b','[\"d9bf1436f181ba56eeddcc6f71f412f1\", \"04c54295b67d909c4cbbb1f6ec9d5d74\"]'),('sorl-thumbnail||image||3c365b4798964316f9135c4a36c2f11a','{\"storage\": \"django.core.files.storage.FileSystemStorage\", \"name\": \"cache/8f/a4/8fa41f8edd7d58f4b38ff5ae597a5ba9.jpg\", \"size\": [100, 100]}'),('sorl-thumbnail||image||04c54295b67d909c4cbbb1f6ec9d5d74','{\"storage\": \"django.core.files.storage.FileSystemStorage\", \"name\": \"cache/1f/ee/1feedde01bbc1cc418b0b70c98a943c0.jpg\", \"size\": [100, 100]}'),('sorl-thumbnail||image||e4930171788dc4cb64d20a13620e5927','{\"storage\": \"django.core.files.storage.FileSystemStorage\", \"name\": \"files/images/smaller_006.jpg\", \"size\": [2100, 2800]}'),('sorl-thumbnail||image||4035d7bd18a7627778cc9fa739d8e339','{\"storage\": \"django.core.files.storage.FileSystemStorage\", \"name\": \"cache/c6/2e/c62ede867b6612aacb46eed563a0ff1e.jpg\", \"size\": [100, 100]}'),('sorl-thumbnail||thumbnails||e4930171788dc4cb64d20a13620e5927','[\"4035d7bd18a7627778cc9fa739d8e339\"]'),('sorl-thumbnail||image||71c5b392839204c3b0abe893c2285d01','{\"storage\": \"django.core.files.storage.FileSystemStorage\", \"name\": \"files/images/kamakwie-school.jpg\", \"size\": [604, 453]}'),('sorl-thumbnail||image||7ac87cd42e0f71da7cd3f961d0c45ac3','{\"storage\": \"django.core.files.storage.FileSystemStorage\", \"name\": \"cache/72/2d/722d1488861a67f1f07a45f882f2df3c.jpg\", \"size\": [100, 100]}'),('sorl-thumbnail||thumbnails||71c5b392839204c3b0abe893c2285d01','[\"7ac87cd42e0f71da7cd3f961d0c45ac3\"]'),('sorl-thumbnail||image||3547e170848201db3a03c8b4b1c20e5b','{\"storage\": \"django.core.files.storage.FileSystemStorage\", \"name\": \"files/images/inveno-makeni.jpg\", \"size\": [604, 453]}'),('sorl-thumbnail||image||0ead2e0b222496e645d7985eb429260c','{\"storage\": \"django.core.files.storage.FileSystemStorage\", \"name\": \"cache/40/97/409773dbbbac7158d5db01e2ba9c6d9b.jpg\", \"size\": [100, 100]}'),('sorl-thumbnail||thumbnails||3547e170848201db3a03c8b4b1c20e5b','[\"0ead2e0b222496e645d7985eb429260c\"]'),('sorl-thumbnail||image||ad0d9dadf82dd2fb610d474024f5c28d','{\"storage\": \"django.core.files.storage.FileSystemStorage\", \"name\": \"files/images/avatars/random_083.jpg\", \"size\": [764, 1024]}'),('sorl-thumbnail||image||8d27fc07c466177ad4a03fd507b41bea','{\"storage\": \"django.core.files.storage.FileSystemStorage\", \"name\": \"cache/6a/e7/6ae762191df23ad44bf859e8a31ae5cf.jpg\", \"size\": [100, 100]}'),('sorl-thumbnail||thumbnails||ad0d9dadf82dd2fb610d474024f5c28d','[\"8d27fc07c466177ad4a03fd507b41bea\"]'),('sorl-thumbnail||image||94e977b280299ba459b0a30017cc8d2c','{\"storage\": \"django.core.files.storage.FileSystemStorage\", \"name\": \"files/images/avatars/dscn4435.jpg\", \"size\": [2592, 1944]}'),('sorl-thumbnail||image||2e362d449fd2889d41596c8ac0ca368f','{\"storage\": \"django.core.files.storage.FileSystemStorage\", \"name\": \"cache/d2/e6/d2e6490d011e4777e3018d4d3ab31e25.jpg\", \"size\": [100, 100]}'),('sorl-thumbnail||thumbnails||94e977b280299ba459b0a30017cc8d2c','[\"2e362d449fd2889d41596c8ac0ca368f\"]'),('sorl-thumbnail||image||a2320bf932908cfa32771d86637c54a3','{\"storage\": \"django.core.files.storage.FileSystemStorage\", \"name\": \"files/images/kamakwieorph.jpg\", \"size\": [1024, 768]}'),('sorl-thumbnail||image||0910c798824428c20f33f021949b03af','{\"storage\": \"django.core.files.storage.FileSystemStorage\", \"name\": \"cache/5c/67/5c676a7923dfbb6ca06a67de022c6a97.jpg\", \"size\": [100, 100]}'),('sorl-thumbnail||thumbnails||a2320bf932908cfa32771d86637c54a3','[\"0910c798824428c20f33f021949b03af\"]'),('sorl-thumbnail||image||4ae5dfff7c921451dfe315db2b5ef4d4','{\"storage\": \"django.core.files.storage.FileSystemStorage\", \"name\": \"files/images/playingfootball.jpg\", \"size\": [600, 400]}'),('sorl-thumbnail||image||26b7e4962b31756ee3f8bbbcec06f597','{\"storage\": \"django.core.files.storage.FileSystemStorage\", \"name\": \"cache/13/1f/131f10a0f0fd927f5d117366d329c58c.jpg\", \"size\": [100, 100]}'),('sorl-thumbnail||thumbnails||4ae5dfff7c921451dfe315db2b5ef4d4','[\"26b7e4962b31756ee3f8bbbcec06f597\"]');
/*!40000 ALTER TABLE `thumbnail_kvstore` ENABLE KEYS */;
UNLOCK TABLES;

--
-- Table structure for table `zinnia_category`
--

DROP TABLE IF EXISTS `zinnia_category`;
/*!40101 SET @saved_cs_client     = @@character_set_client */;
/*!40101 SET character_set_client = utf8 */;
CREATE TABLE `zinnia_category` (
  `slug` varchar(255) NOT NULL,
  `description` longtext NOT NULL,
  `id` int(11) NOT NULL AUTO_INCREMENT,
  `title` varchar(255) NOT NULL,
  `parent_id` int(11),
  `lft` int(10) unsigned NOT NULL,
  `rght` int(10) unsigned NOT NULL,
  `tree_id` int(10) unsigned NOT NULL,
  `level` int(10) unsigned NOT NULL,
  PRIMARY KEY (`id`),
  UNIQUE KEY `zinnia_category_slug_uniq` (`slug`),
  KEY `zinnia_category_56ae2a2a` (`slug`),
  KEY `zinnia_category_63f17a16` (`parent_id`),
  KEY `zinnia_category_42b06ff6` (`lft`),
  KEY `zinnia_category_6eabc1a6` (`rght`),
  KEY `zinnia_category_102f80d8` (`tree_id`),
  KEY `zinnia_category_2a8f42e8` (`level`)
) ENGINE=MyISAM AUTO_INCREMENT=3 DEFAULT CHARSET=latin1;
/*!40101 SET character_set_client = @saved_cs_client */;

--
-- Dumping data for table `zinnia_category`
--

LOCK TABLES `zinnia_category` WRITE;
/*!40000 ALTER TABLE `zinnia_category` DISABLE KEYS */;
INSERT INTO `zinnia_category` VALUES ('health','',1,'health',NULL,1,2,2,0),('education','',2,'education',NULL,1,2,1,0);
/*!40000 ALTER TABLE `zinnia_category` ENABLE KEYS */;
UNLOCK TABLES;

--
-- Table structure for table `zinnia_entry`
--

DROP TABLE IF EXISTS `zinnia_entry`;
/*!40101 SET @saved_cs_client     = @@character_set_client */;
/*!40101 SET character_set_client = utf8 */;
CREATE TABLE `zinnia_entry` (
  `status` int(11) NOT NULL DEFAULT '0',
  `last_update` datetime NOT NULL DEFAULT '2011-04-13 14:12:20',
  `comment_enabled` tinyint(1) NOT NULL DEFAULT '1',
  `tags` varchar(255) NOT NULL,
  `image` varchar(100) NOT NULL,
  `title` varchar(255) NOT NULL,
  `excerpt` longtext NOT NULL,
  `slug` varchar(255) NOT NULL,
  `content` longtext NOT NULL,
  `end_publication` datetime NOT NULL DEFAULT '2042-03-15 00:00:00',
  `start_publication` datetime NOT NULL DEFAULT '2011-04-13 14:12:20',
  `creation_date` datetime NOT NULL DEFAULT '2011-04-13 14:12:20',
  `id` int(11) NOT NULL AUTO_INCREMENT,
  `pingback_enabled` tinyint(1) NOT NULL DEFAULT '1',
  `login_required` tinyint(1) NOT NULL,
  `password` varchar(50) NOT NULL,
  `template` varchar(250) NOT NULL,
  `featured` tinyint(1) NOT NULL,
  PRIMARY KEY (`id`),
  KEY `zinnia_entry_56ae2a2a` (`slug`)
) ENGINE=MyISAM AUTO_INCREMENT=2 DEFAULT CHARSET=latin1;
/*!40101 SET character_set_client = @saved_cs_client */;

--
-- Dumping data for table `zinnia_entry`
--

LOCK TABLES `zinnia_entry` WRITE;
/*!40000 ALTER TABLE `zinnia_entry` DISABLE KEYS */;
INSERT INTO `zinnia_entry` VALUES (2,'2011-04-14 11:25:56',1,'fridge, vaccine','','The Story of  A Fridge','','story-fridge','<p><img src=\"/site_media/media/files/images/vaccine-fridge.jpg\" alt=\"A great fridge\" width=\"349\" height=\"261\" /></p>','2042-03-15 00:00:00','2011-04-13 19:09:12','2011-04-13 19:09:12',1,1,0,'','zinnia/entry_detail.html',0);
/*!40000 ALTER TABLE `zinnia_entry` ENABLE KEYS */;
UNLOCK TABLES;

--
-- Table structure for table `zinnia_entry_authors`
--

DROP TABLE IF EXISTS `zinnia_entry_authors`;
/*!40101 SET @saved_cs_client     = @@character_set_client */;
/*!40101 SET character_set_client = utf8 */;
CREATE TABLE `zinnia_entry_authors` (
  `id` int(11) NOT NULL AUTO_INCREMENT,
  `entry_id` int(11) NOT NULL,
  `user_id` int(11) NOT NULL,
  PRIMARY KEY (`id`),
  UNIQUE KEY `zinnia_entry_authors_entry_id_ef33f87_uniq` (`entry_id`,`user_id`),
  KEY `zinnia_entry_authors_38a62041` (`entry_id`),
  KEY `zinnia_entry_authors_403f60f` (`user_id`)
) ENGINE=MyISAM AUTO_INCREMENT=4 DEFAULT CHARSET=latin1;
/*!40101 SET character_set_client = @saved_cs_client */;

--
-- Dumping data for table `zinnia_entry_authors`
--

LOCK TABLES `zinnia_entry_authors` WRITE;
/*!40000 ALTER TABLE `zinnia_entry_authors` DISABLE KEYS */;
INSERT INTO `zinnia_entry_authors` VALUES (3,1,1);
/*!40000 ALTER TABLE `zinnia_entry_authors` ENABLE KEYS */;
UNLOCK TABLES;

--
-- Table structure for table `zinnia_entry_categories`
--

DROP TABLE IF EXISTS `zinnia_entry_categories`;
/*!40101 SET @saved_cs_client     = @@character_set_client */;
/*!40101 SET character_set_client = utf8 */;
CREATE TABLE `zinnia_entry_categories` (
  `id` int(11) NOT NULL AUTO_INCREMENT,
  `entry_id` int(11) NOT NULL,
  `category_id` int(11) NOT NULL,
  PRIMARY KEY (`id`),
  UNIQUE KEY `zinnia_entry_categories_entry_id_4d789b1d_uniq` (`entry_id`,`category_id`),
  KEY `zinnia_entry_categories_38a62041` (`entry_id`),
  KEY `zinnia_entry_categories_42dc49bc` (`category_id`)
) ENGINE=MyISAM AUTO_INCREMENT=2 DEFAULT CHARSET=latin1;
/*!40101 SET character_set_client = @saved_cs_client */;

--
-- Dumping data for table `zinnia_entry_categories`
--

LOCK TABLES `zinnia_entry_categories` WRITE;
/*!40000 ALTER TABLE `zinnia_entry_categories` DISABLE KEYS */;
INSERT INTO `zinnia_entry_categories` VALUES (1,1,1);
/*!40000 ALTER TABLE `zinnia_entry_categories` ENABLE KEYS */;
UNLOCK TABLES;

--
-- Table structure for table `zinnia_entry_related`
--

DROP TABLE IF EXISTS `zinnia_entry_related`;
/*!40101 SET @saved_cs_client     = @@character_set_client */;
/*!40101 SET character_set_client = utf8 */;
CREATE TABLE `zinnia_entry_related` (
  `id` int(11) NOT NULL AUTO_INCREMENT,
  `from_entry_id` int(11) NOT NULL,
  `to_entry_id` int(11) NOT NULL,
  PRIMARY KEY (`id`),
  UNIQUE KEY `zinnia_entry_related_from_entry_id_b9f8939_uniq` (`from_entry_id`,`to_entry_id`),
  KEY `zinnia_entry_related_7a3c6305` (`from_entry_id`),
  KEY `zinnia_entry_related_5bfba756` (`to_entry_id`)
) ENGINE=MyISAM DEFAULT CHARSET=latin1;
/*!40101 SET character_set_client = @saved_cs_client */;

--
-- Dumping data for table `zinnia_entry_related`
--

LOCK TABLES `zinnia_entry_related` WRITE;
/*!40000 ALTER TABLE `zinnia_entry_related` DISABLE KEYS */;
/*!40000 ALTER TABLE `zinnia_entry_related` ENABLE KEYS */;
UNLOCK TABLES;

--
-- Table structure for table `zinnia_entry_sites`
--

DROP TABLE IF EXISTS `zinnia_entry_sites`;
/*!40101 SET @saved_cs_client     = @@character_set_client */;
/*!40101 SET character_set_client = utf8 */;
CREATE TABLE `zinnia_entry_sites` (
  `id` int(11) NOT NULL AUTO_INCREMENT,
  `entry_id` int(11) NOT NULL,
  `site_id` int(11) NOT NULL,
  PRIMARY KEY (`id`),
  UNIQUE KEY `zinnia_entry_sites_entry_id_2bc8a31b_uniq` (`entry_id`,`site_id`),
  KEY `zinnia_entry_sites_38a62041` (`entry_id`),
  KEY `zinnia_entry_sites_6223029` (`site_id`)
) ENGINE=MyISAM AUTO_INCREMENT=4 DEFAULT CHARSET=latin1;
/*!40101 SET character_set_client = @saved_cs_client */;

--
-- Dumping data for table `zinnia_entry_sites`
--

LOCK TABLES `zinnia_entry_sites` WRITE;
/*!40000 ALTER TABLE `zinnia_entry_sites` DISABLE KEYS */;
INSERT INTO `zinnia_entry_sites` VALUES (3,1,1);
/*!40000 ALTER TABLE `zinnia_entry_sites` ENABLE KEYS */;
UNLOCK TABLES;
/*!40103 SET TIME_ZONE=@OLD_TIME_ZONE */;

/*!40101 SET SQL_MODE=@OLD_SQL_MODE */;
/*!40014 SET FOREIGN_KEY_CHECKS=@OLD_FOREIGN_KEY_CHECKS */;
/*!40014 SET UNIQUE_CHECKS=@OLD_UNIQUE_CHECKS */;
/*!40101 SET CHARACTER_SET_CLIENT=@OLD_CHARACTER_SET_CLIENT */;
/*!40101 SET CHARACTER_SET_RESULTS=@OLD_CHARACTER_SET_RESULTS */;
/*!40101 SET COLLATION_CONNECTION=@OLD_COLLATION_CONNECTION */;
/*!40111 SET SQL_NOTES=@OLD_SQL_NOTES */;

-- Dump completed on 2011-04-29 16:31:10
